
> kenia-call-bridge-skeleton@0.1.0 start:whatsapp
> npm --prefix whatsapp-backend run start


> kenia-whatsapp-backend@0.1.0 start
> node src/server.js

{"level":30,"time":1771618142965,"pid":4148,"hostname":"DESKTOP-BV1E0F4","msg":"WhatsApp backend escuchando en http://0.0.0.0:3010"}
⚠️ The printQRInTerminal option has been deprecated. You will no longer receive QR codes in the terminal automatically. Please listen to the connection.update event yourself and handle the QR your way. You can remove this message by removing this opttion. This message will be removed in a future version.
{"level":40,"time":1771618304838,"pid":4148,"hostname":"DESKTOP-BV1E0F4","statusCode":408,"shouldReconnect":true,"msg":"Conexion WhatsApp cerrada"}
⚠️ The printQRInTerminal option has been deprecated. You will no longer receive QR codes in the terminal automatically. Please listen to the connection.update event yourself and handle the QR your way. You can remove this message by removing this opttion. This message will be removed in a future version.

> kenia-call-bridge-skeleton@0.1.0 start:whatsapp
> npm --prefix whatsapp-backend run start


> kenia-whatsapp-backend@0.1.0 start
> node src/server.js

{"level":30,"time":1771618394619,"pid":5460,"hostname":"DESKTOP-BV1E0F4","msg":"WhatsApp backend escuchando en http://0.0.0.0:3010"}
⚠️ The printQRInTerminal option has been deprecated. You will no longer receive QR codes in the terminal automatically. Please listen to the connection.update event yourself and handle the QR your way. You can remove this message by removing this opttion. This message will be removed in a future version.

> kenia-call-bridge-skeleton@0.1.0 start:whatsapp
> npm --prefix whatsapp-backend run start


> kenia-whatsapp-backend@0.1.0 start
> node src/server.js

{"level":30,"time":1771618416549,"pid":772,"hostname":"DESKTOP-BV1E0F4","msg":"WhatsApp backend escuchando en http://0.0.0.0:3010"}
⚠️ The printQRInTerminal option has been deprecated. You will no longer receive QR codes in the terminal automatically. Please listen to the connection.update event yourself and handle the QR your way. You can remove this message by removing this opttion. This message will be removed in a future version.

> kenia-call-bridge-skeleton@0.1.0 start:whatsapp
> npm --prefix whatsapp-backend run start


> kenia-whatsapp-backend@0.1.0 start
> node src/server.js

{"level":30,"time":1771618574188,"pid":14488,"hostname":"DESKTOP-BV1E0F4","msg":"WhatsApp backend escuchando en http://0.0.0.0:3010"}
⚠️ The printQRInTerminal option has been deprecated. You will no longer receive QR codes in the terminal automatically. Please listen to the connection.update event yourself and handle the QR your way. You can remove this message by removing this opttion. This message will be removed in a future version.

> kenia-call-bridge-skeleton@0.1.0 start:whatsapp
> npm --prefix whatsapp-backend run start


> kenia-whatsapp-backend@0.1.0 start
> node src/server.js

{"level":30,"time":1771618695494,"pid":14716,"hostname":"DESKTOP-BV1E0F4","msg":"WhatsApp backend escuchando en http://0.0.0.0:3010"}
⚠️ The printQRInTerminal option has been deprecated. You will no longer receive QR codes in the terminal automatically. Please listen to the connection.update event yourself and handle the QR your way. You can remove this message by removing this opttion. This message will be removed in a future version.

> kenia-call-bridge-skeleton@0.1.0 start:whatsapp
> npm --prefix whatsapp-backend run start


> kenia-whatsapp-backend@0.1.0 start
> node src/server.js

{"level":30,"time":1771618789680,"pid":16320,"hostname":"DESKTOP-BV1E0F4","msg":"WhatsApp backend escuchando en http://0.0.0.0:3010"}
⚠️ The printQRInTerminal option has been deprecated. You will no longer receive QR codes in the terminal automatically. Please listen to the connection.update event yourself and handle the QR your way. You can remove this message by removing this opttion. This message will be removed in a future version.

> kenia-call-bridge-skeleton@0.1.0 start:whatsapp
> npm --prefix whatsapp-backend run start


> kenia-whatsapp-backend@0.1.0 start
> node src/server.js

{"level":30,"time":1771619021244,"pid":14888,"hostname":"DESKTOP-BV1E0F4","msg":"WhatsApp backend escuchando en http://0.0.0.0:3010"}
⚠️ The printQRInTerminal option has been deprecated. You will no longer receive QR codes in the terminal automatically. Please listen to the connection.update event yourself and handle the QR your way. You can remove this message by removing this opttion. This message will be removed in a future version.
{"level":40,"time":1771619183456,"pid":14888,"hostname":"DESKTOP-BV1E0F4","statusCode":408,"shouldReconnect":true,"msg":"Conexion WhatsApp cerrada"}
⚠️ The printQRInTerminal option has been deprecated. You will no longer receive QR codes in the terminal automatically. Please listen to the connection.update event yourself and handle the QR your way. You can remove this message by removing this opttion. This message will be removed in a future version.

> kenia-call-bridge-skeleton@0.1.0 start:whatsapp
> npm --prefix whatsapp-backend run start


> kenia-whatsapp-backend@0.1.0 start
> node src/server.js

{"level":30,"time":1771619285558,"pid":9884,"hostname":"DESKTOP-BV1E0F4","msg":"WhatsApp backend escuchando en http://0.0.0.0:3010"}
⚠️ The printQRInTerminal option has been deprecated. You will no longer receive QR codes in the terminal automatically. Please listen to the connection.update event yourself and handle the QR your way. You can remove this message by removing this opttion. This message will be removed in a future version.

> kenia-call-bridge-skeleton@0.1.0 start:whatsapp
> npm --prefix whatsapp-backend run start


> kenia-whatsapp-backend@0.1.0 start
> node src/server.js

{"level":30,"time":1771619386989,"pid":14604,"hostname":"DESKTOP-BV1E0F4","msg":"WhatsApp backend escuchando en http://0.0.0.0:3010"}
⚠️ The printQRInTerminal option has been deprecated. You will no longer receive QR codes in the terminal automatically. Please listen to the connection.update event yourself and handle the QR your way. You can remove this message by removing this opttion. This message will be removed in a future version.
{"level":40,"time":1771619548087,"pid":14604,"hostname":"DESKTOP-BV1E0F4","statusCode":408,"shouldReconnect":true,"msg":"Conexion WhatsApp cerrada"}
⚠️ The printQRInTerminal option has been deprecated. You will no longer receive QR codes in the terminal automatically. Please listen to the connection.update event yourself and handle the QR your way. You can remove this message by removing this opttion. This message will be removed in a future version.

> kenia-call-bridge-skeleton@0.1.0 start:whatsapp
> npm --prefix whatsapp-backend run start


> kenia-whatsapp-backend@0.1.0 start
> node src/server.js

{"level":30,"time":1771619557803,"pid":7908,"hostname":"DESKTOP-BV1E0F4","msg":"WhatsApp backend escuchando en http://0.0.0.0:3010"}
⚠️ The printQRInTerminal option has been deprecated. You will no longer receive QR codes in the terminal automatically. Please listen to the connection.update event yourself and handle the QR your way. You can remove this message by removing this opttion. This message will be removed in a future version.
{"level":40,"time":1771619718875,"pid":7908,"hostname":"DESKTOP-BV1E0F4","statusCode":408,"shouldReconnect":true,"msg":"Conexion WhatsApp cerrada"}
⚠️ The printQRInTerminal option has been deprecated. You will no longer receive QR codes in the terminal automatically. Please listen to the connection.update event yourself and handle the QR your way. You can remove this message by removing this opttion. This message will be removed in a future version.

> kenia-call-bridge-skeleton@0.1.0 start:whatsapp
> npm --prefix whatsapp-backend run start


> kenia-whatsapp-backend@0.1.0 start
> node src/server.js

{"level":30,"time":1771619745540,"pid":16772,"hostname":"DESKTOP-BV1E0F4","msg":"WhatsApp backend escuchando en http://0.0.0.0:3010"}
⚠️ The printQRInTerminal option has been deprecated. You will no longer receive QR codes in the terminal automatically. Please listen to the connection.update event yourself and handle the QR your way. You can remove this message by removing this opttion. This message will be removed in a future version.
{"level":40,"time":1771619907450,"pid":16772,"hostname":"DESKTOP-BV1E0F4","statusCode":408,"shouldReconnect":true,"msg":"Conexion WhatsApp cerrada"}
⚠️ The printQRInTerminal option has been deprecated. You will no longer receive QR codes in the terminal automatically. Please listen to the connection.update event yourself and handle the QR your way. You can remove this message by removing this opttion. This message will be removed in a future version.

> kenia-call-bridge-skeleton@0.1.0 start:whatsapp
> npm --prefix whatsapp-backend run start


> kenia-whatsapp-backend@0.1.0 start
> node src/server.js

{"level":30,"time":1771620822553,"pid":15536,"hostname":"DESKTOP-BV1E0F4","msg":"WhatsApp backend escuchando en http://0.0.0.0:3010"}
⚠️ The printQRInTerminal option has been deprecated. You will no longer receive QR codes in the terminal automatically. Please listen to the connection.update event yourself and handle the QR your way. You can remove this message by removing this opttion. This message will be removed in a future version.

> kenia-call-bridge-skeleton@0.1.0 start:whatsapp
> npm --prefix whatsapp-backend run start


> kenia-whatsapp-backend@0.1.0 start
> node src/server.js

{"level":30,"time":1771620986766,"pid":16872,"hostname":"DESKTOP-BV1E0F4","msg":"WhatsApp backend escuchando en http://0.0.0.0:3010"}
⚠️ The printQRInTerminal option has been deprecated. You will no longer receive QR codes in the terminal automatically. Please listen to the connection.update event yourself and handle the QR your way. You can remove this message by removing this opttion. This message will be removed in a future version.
{"level":40,"time":1771621031717,"pid":16872,"hostname":"DESKTOP-BV1E0F4","statusCode":515,"shouldReconnect":true,"msg":"Conexion WhatsApp cerrada"}
⚠️ The printQRInTerminal option has been deprecated. You will no longer receive QR codes in the terminal automatically. Please listen to the connection.update event yourself and handle the QR your way. You can remove this message by removing this opttion. This message will be removed in a future version.
{"level":30,"time":1771621034439,"pid":16872,"hostname":"DESKTOP-BV1E0F4","user":"51917313107:39@s.whatsapp.net","name":"Alonso Huancas","msg":"WhatsApp vinculado"}
Closing session: SessionEntry {
  _chains: {
    'BcThQ4IYZk/Bn4zULAJoYkqvhu1gkp4cawJLjXmWZzgM': { chainKey: [Object], chainType: 1, messageKeys: {} }
  },
  registrationId: 613653096,
  currentRatchet: {
    ephemeralKeyPair: {
      pubKey: <Buffer 05 c4 e1 43 82 18 66 4f c1 9f 8c d4 2c 02 68 62 4a af 86 ed 60 92 9e 1c 6b 02 4b 8d 79 96 67 38 0c>,
      privKey: <Buffer 18 b1 e2 7c 1d bf 59 d9 45 68 91 3d 4d 1d 52 bc 09 58 bb 75 d0 31 07 90 02 cd 98 8c 6e 57 1f 40>
    },
    lastRemoteEphemeralKey: <Buffer 05 0f b3 e5 dc 6a 98 a8 cb b0 99 05 58 a9 24 a1 0b ec b7 17 55 d2 e4 66 9e 18 19 7a 67 a3 53 aa 56>,
    previousCounter: 0,
    rootKey: <Buffer 44 ac 5e 64 cd 0c b7 93 06 19 71 b7 39 1c 77 b7 20 1a 1f bb 07 fd 55 97 29 2f ab ea fb 5d 16 7b>
  },
  indexInfo: {
    baseKey: <Buffer 05 2a 61 1c bd 47 cd 6b d8 91 d3 0d 07 2b 32 38 4d e9 67 09 62 73 79 18 0a 94 29 10 eb c0 a1 06 15>,
    baseKeyType: 1,
    closed: -1,
    used: 1771621165699,
    created: 1771621165699,
    remoteIdentityKey: <Buffer 05 21 01 0d d6 ae b9 34 a6 21 23 60 5d d0 90 4d e2 72 bf cf 78 e1 39 26 4b da a9 04 0f 73 06 8f 02>
  },
  pendingPreKey: {
    signedKeyId: 11563340,
    baseKey: <Buffer 05 2a 61 1c bd 47 cd 6b d8 91 d3 0d 07 2b 32 38 4d e9 67 09 62 73 79 18 0a 94 29 10 eb c0 a1 06 15>
  }
}
Closing session: SessionEntry {
  _chains: {
    'BQZVl7kCNiSOf7quEOE/iuMTY0P+V0weyOkccyaKPX91': { chainKey: [Object], chainType: 1, messageKeys: {} }
  },
  registrationId: 613653096,
  currentRatchet: {
    ephemeralKeyPair: {
      pubKey: <Buffer 05 06 55 97 b9 02 36 24 8e 7f ba ae 10 e1 3f 8a e3 13 63 43 fe 57 4c 1e c8 e9 1c 73 26 8a 3d 7f 75>,
      privKey: <Buffer 00 52 b4 d7 bf 3d bc 34 74 9e 2f 3a 46 ed 6a 8d 67 55 72 fa 69 04 15 30 85 4c 62 fa a0 92 0b 4e>
    },
    lastRemoteEphemeralKey: <Buffer 05 0f b3 e5 dc 6a 98 a8 cb b0 99 05 58 a9 24 a1 0b ec b7 17 55 d2 e4 66 9e 18 19 7a 67 a3 53 aa 56>,
    previousCounter: 0,
    rootKey: <Buffer da f6 bb 28 2d 8a be 74 d9 6b a4 f0 07 22 92 40 4a 65 7c 15 4f 9e dc 93 5a 55 1c 81 df 1c f6 7b>
  },
  indexInfo: {
    baseKey: <Buffer 05 07 4b 2a d7 20 fa 67 8e 72 4d 4a fe 35 92 c9 b6 3f 59 dd 99 48 d9 a2 b0 ce 07 f4 0f a8 e6 2e 1e>,
    baseKeyType: 1,
    closed: -1,
    used: 1771621166032,
    created: 1771621166032,
    remoteIdentityKey: <Buffer 05 21 01 0d d6 ae b9 34 a6 21 23 60 5d d0 90 4d e2 72 bf cf 78 e1 39 26 4b da a9 04 0f 73 06 8f 02>
  },
  pendingPreKey: {
    signedKeyId: 11563340,
    baseKey: <Buffer 05 07 4b 2a d7 20 fa 67 8e 72 4d 4a fe 35 92 c9 b6 3f 59 dd 99 48 d9 a2 b0 ce 07 f4 0f a8 e6 2e 1e>
  }
}
Closing session: SessionEntry {
  _chains: {
    'BR/2LXXoWfT+y73n6KYq85emvproh5TcBh+8AYLw2yJW': { chainKey: [Object], chainType: 1, messageKeys: {} }
  },
  registrationId: 613653096,
  currentRatchet: {
    ephemeralKeyPair: {
      pubKey: <Buffer 05 1f f6 2d 75 e8 59 f4 fe cb bd e7 e8 a6 2a f3 97 a6 be 9a e8 87 94 dc 06 1f bc 01 82 f0 db 22 56>,
      privKey: <Buffer 40 1a 85 ff 90 1c ab ca 8c 6a 63 83 de 28 d7 a4 90 f3 2b 4a cc 19 32 0c 37 58 ec ca eb 8c 31 4d>
    },
    lastRemoteEphemeralKey: <Buffer 05 0f b3 e5 dc 6a 98 a8 cb b0 99 05 58 a9 24 a1 0b ec b7 17 55 d2 e4 66 9e 18 19 7a 67 a3 53 aa 56>,
    previousCounter: 0,
    rootKey: <Buffer 42 de 75 8a 04 b7 46 94 b3 ee 74 07 6e d5 3c 66 30 dd 5b f3 6e f2 d6 e1 2d af e6 50 1e 44 c1 9e>
  },
  indexInfo: {
    baseKey: <Buffer 05 25 b6 a5 19 9d 73 f3 20 32 d1 e7 d2 66 13 38 a8 da 8b fe 8f 8e 27 60 d0 d3 71 98 3a 11 40 67 3d>,
    baseKeyType: 1,
    closed: -1,
    used: 1771621197116,
    created: 1771621197116,
    remoteIdentityKey: <Buffer 05 21 01 0d d6 ae b9 34 a6 21 23 60 5d d0 90 4d e2 72 bf cf 78 e1 39 26 4b da a9 04 0f 73 06 8f 02>
  },
  pendingPreKey: {
    signedKeyId: 11563340,
    baseKey: <Buffer 05 25 b6 a5 19 9d 73 f3 20 32 d1 e7 d2 66 13 38 a8 da 8b fe 8f 8e 27 60 d0 d3 71 98 3a 11 40 67 3d>
  }
}

> kenia-call-bridge-skeleton@0.1.0 start:whatsapp
> npm --prefix whatsapp-backend run start


> kenia-whatsapp-backend@0.1.0 start
> node src/server.js

{"level":30,"time":1771621511259,"pid":19132,"hostname":"DESKTOP-BV1E0F4","msg":"WhatsApp backend escuchando en http://0.0.0.0:3010"}
⚠️ The printQRInTerminal option has been deprecated. You will no longer receive QR codes in the terminal automatically. Please listen to the connection.update event yourself and handle the QR your way. You can remove this message by removing this opttion. This message will be removed in a future version.
{"level":30,"time":1771621515077,"pid":19132,"hostname":"DESKTOP-BV1E0F4","user":"51917313107:39@s.whatsapp.net","name":"Alonso Huancas","msg":"WhatsApp vinculado"}
Closing session: SessionEntry {
  _chains: {
    'BUlf9+IMVEN91hYahfT6sDXV7aulXDNCaV7rVi4lo0JX': { chainKey: [Object], chainType: 1, messageKeys: {} }
  },
  registrationId: 613653096,
  currentRatchet: {
    ephemeralKeyPair: {
      pubKey: <Buffer 05 49 5f f7 e2 0c 54 43 7d d6 16 1a 85 f4 fa b0 35 d5 ed ab a5 5c 33 42 69 5e eb 56 2e 25 a3 42 57>,
      privKey: <Buffer 38 4a 6a 16 2f 9d f3 bc 34 d9 53 eb 6e a4 68 6b da b4 98 82 27 30 47 5c 67 e0 22 d9 d3 e7 00 40>
    },
    lastRemoteEphemeralKey: <Buffer 05 0f b3 e5 dc 6a 98 a8 cb b0 99 05 58 a9 24 a1 0b ec b7 17 55 d2 e4 66 9e 18 19 7a 67 a3 53 aa 56>,
    previousCounter: 0,
    rootKey: <Buffer 20 ed 60 82 1c c6 24 b3 59 c4 bb 32 da 93 d8 97 f6 a4 1f ed f1 dc cc 72 2a b9 17 d4 d4 cf 5d df>
  },
  indexInfo: {
    baseKey: <Buffer 05 51 78 b6 26 70 da 13 6c d0 90 d1 48 40 d8 d1 b9 52 42 3c c6 93 aa fa 04 b3 c3 41 64 7e 59 0e 60>,
    baseKeyType: 1,
    closed: -1,
    used: 1771621451878,
    created: 1771621451878,
    remoteIdentityKey: <Buffer 05 21 01 0d d6 ae b9 34 a6 21 23 60 5d d0 90 4d e2 72 bf cf 78 e1 39 26 4b da a9 04 0f 73 06 8f 02>
  },
  pendingPreKey: {
    signedKeyId: 11563340,
    baseKey: <Buffer 05 51 78 b6 26 70 da 13 6c d0 90 d1 48 40 d8 d1 b9 52 42 3c c6 93 aa fa 04 b3 c3 41 64 7e 59 0e 60>
  }
}

> kenia-call-bridge-skeleton@0.1.0 start:whatsapp
> npm --prefix whatsapp-backend run start


> kenia-whatsapp-backend@0.1.0 start
> node src/server.js

{"level":30,"time":1771621800306,"pid":17612,"hostname":"DESKTOP-BV1E0F4","msg":"WhatsApp backend escuchando en http://0.0.0.0:3010"}
⚠️ The printQRInTerminal option has been deprecated. You will no longer receive QR codes in the terminal automatically. Please listen to the connection.update event yourself and handle the QR your way. You can remove this message by removing this opttion. This message will be removed in a future version.
{"level":30,"time":1771621802245,"pid":17612,"hostname":"DESKTOP-BV1E0F4","user":"51917313107:39@s.whatsapp.net","name":"Alonso Huancas","msg":"WhatsApp vinculado"}
{"level":30,"time":1771621828426,"pid":17612,"hostname":"DESKTOP-BV1E0F4","jid":"51953576234@s.whatsapp.net","text":"holaaaa","hasFile":false,"msg":"Intentando enviar mensaje"}
{"level":30,"time":1771621830071,"pid":17612,"hostname":"DESKTOP-BV1E0F4","jid":"51953576234@s.whatsapp.net","msgId":"3EB0D6C943EC9AB4F3298B","msg":"Texto enviado con exito"}
Closing session: SessionEntry {
  _chains: {
    'BfBAkoS+t4V5tTOZT/q0HoZCWO9fMu7j7CN2yEFO05t5': { chainKey: [Object], chainType: 1, messageKeys: {} }
  },
  registrationId: 613653096,
  currentRatchet: {
    ephemeralKeyPair: {
      pubKey: <Buffer 05 f0 40 92 84 be b7 85 79 b5 33 99 4f fa b4 1e 86 42 58 ef 5f 32 ee e3 ec 23 76 c8 41 4e d3 9b 79>,
      privKey: <Buffer 68 56 77 c2 7b 08 23 29 76 d1 7f e6 b6 9e e0 87 1c ea bd 41 35 6c 36 ef af 50 92 cb d9 bb 31 47>
    },
    lastRemoteEphemeralKey: <Buffer 05 0f b3 e5 dc 6a 98 a8 cb b0 99 05 58 a9 24 a1 0b ec b7 17 55 d2 e4 66 9e 18 19 7a 67 a3 53 aa 56>,
    previousCounter: 0,
    rootKey: <Buffer 91 91 4c 1b bf 80 da c4 69 43 26 72 c8 85 c3 bc 6c f9 ef 32 95 f7 4a 4f 89 00 7b 0c 62 a1 5d e7>
  },
  indexInfo: {
    baseKey: <Buffer 05 22 50 80 21 1e f6 44 4a fc ab 52 07 3b b7 52 32 1c 7b 53 7a 90 8a 38 a9 e2 a9 e7 9f 14 ab b2 15>,
    baseKeyType: 1,
    closed: -1,
    used: 1771621571965,
    created: 1771621571964,
    remoteIdentityKey: <Buffer 05 21 01 0d d6 ae b9 34 a6 21 23 60 5d d0 90 4d e2 72 bf cf 78 e1 39 26 4b da a9 04 0f 73 06 8f 02>
  },
  pendingPreKey: {
    signedKeyId: 11563340,
    baseKey: <Buffer 05 22 50 80 21 1e f6 44 4a fc ab 52 07 3b b7 52 32 1c 7b 53 7a 90 8a 38 a9 e2 a9 e7 9f 14 ab b2 15>
  }
}
Closing session: SessionEntry {
  _chains: {
    'BWsAVhtJIy/D30RCo5nalebVztUnqmOzCH4umVCLSJAU': { chainKey: [Object], chainType: 1, messageKeys: {} }
  },
  registrationId: 1427989215,
  currentRatchet: {
    ephemeralKeyPair: {
      pubKey: <Buffer 05 6b 00 56 1b 49 23 2f c3 df 44 42 a3 99 da 95 e6 d5 ce d5 27 aa 63 b3 08 7e 2e 99 50 8b 48 90 14>,
      privKey: <Buffer c8 ef ff 1a be 48 a3 cc 9f ac ea b1 12 2b 11 39 c6 ee 92 fd 95 3e c7 ba 8d 28 61 a1 99 5a 5f 53>
    },
    lastRemoteEphemeralKey: <Buffer 05 ab 14 f4 18 6a 3d 2f 0c df 33 41 08 3c a2 e5 70 d7 9a a9 cb d3 4d 56 b4 19 a3 7a c7 d5 6d b7 0a>,
    previousCounter: 0,
    rootKey: <Buffer 90 a5 fa 98 e9 70 7b 48 da 0b b3 d9 0f e9 f8 2f d9 fc 13 c8 ba 8b 0b 00 f4 a7 e0 9c 1b ac 1d 96>
  },
  indexInfo: {
    baseKey: <Buffer 05 85 b7 d4 a7 f5 60 33 ef 53 b6 0c 99 f3 57 fc 90 d2 fd ec 36 d1 81 cd 41 c6 f2 da b7 82 d8 78 5c>,
    baseKeyType: 1,
    closed: -1,
    used: 1771621830050,
    created: 1771621830050,
    remoteIdentityKey: <Buffer 05 ab 30 eb 18 65 0e ad c1 91 cb b0 c2 58 98 a6 ad a9 03 7f 85 07 aa 2f 76 d9 f0 76 80 54 86 3d 17>
  },
  pendingPreKey: {
    signedKeyId: 11226504,
    baseKey: <Buffer 05 85 b7 d4 a7 f5 60 33 ef 53 b6 0c 99 f3 57 fc 90 d2 fd ec 36 d1 81 cd 41 c6 f2 da b7 82 d8 78 5c>,
    preKeyId: 13366497
  }
}

> kenia-call-bridge-skeleton@0.1.0 start:whatsapp
> npm --prefix whatsapp-backend run start


> kenia-whatsapp-backend@0.1.0 start
> node src/server.js

{"level":30,"time":1771622153987,"pid":4396,"hostname":"DESKTOP-BV1E0F4","msg":"WhatsApp backend escuchando en http://0.0.0.0:3010"}
⚠️ The printQRInTerminal option has been deprecated. You will no longer receive QR codes in the terminal automatically. Please listen to the connection.update event yourself and handle the QR your way. You can remove this message by removing this opttion. This message will be removed in a future version.
{"level":30,"time":1771622155777,"pid":4396,"hostname":"DESKTOP-BV1E0F4","user":"51917313107:39@s.whatsapp.net","name":"Alonso Huancas","msg":"WhatsApp vinculado"}
{"level":30,"time":1771622178411,"pid":4396,"hostname":"DESKTOP-BV1E0F4","method":"POST","url":"/send-message","msg":"Incoming WhatsApp send-message request"}
{"level":30,"time":1771622178809,"pid":4396,"hostname":"DESKTOP-BV1E0F4","jid":"5195357234@s.whatsapp.net","text":"hola","hasFile":false,"msg":"Intentando enviar mensaje"}
{"level":30,"time":1771622179426,"pid":4396,"hostname":"DESKTOP-BV1E0F4","jid":"5195357234@s.whatsapp.net","msgId":"3EB0603027122091C42FB0","msg":"Texto enviado con exito"}
Closing session: SessionEntry {
  _chains: {
    'BQWlokOke2zZ+QgtJdQhx3zSWkCrr5HmhDifqcXS3rtA': { chainKey: [Object], chainType: 1, messageKeys: {} }
  },
  registrationId: 613653096,
  currentRatchet: {
    ephemeralKeyPair: {
      pubKey: <Buffer 05 05 a5 a2 43 a4 7b 6c d9 f9 08 2d 25 d4 21 c7 7c d2 5a 40 ab af 91 e6 84 38 9f a9 c5 d2 de bb 40>,
      privKey: <Buffer 78 88 10 2c 01 78 cf 16 fd b7 1e 8d b3 d7 67 da 26 00 83 dd 01 4b a3 dc 62 61 3c 32 5a b2 54 71>
    },
    lastRemoteEphemeralKey: <Buffer 05 0f b3 e5 dc 6a 98 a8 cb b0 99 05 58 a9 24 a1 0b ec b7 17 55 d2 e4 66 9e 18 19 7a 67 a3 53 aa 56>,
    previousCounter: 0,
    rootKey: <Buffer 85 b6 71 a9 6e 63 3a 3a 1d 99 e7 55 df fc 5e 17 5a b0 a6 10 c8 cb 8e a4 03 8d da 2d c7 6b 86 4b>
  },
  indexInfo: {
    baseKey: <Buffer 05 d0 c4 42 a0 11 d1 d0 0f 8e b6 fe 24 af 96 d0 b1 c8 fb fb e4 96 c7 14 45 c8 f8 d1 2c 79 33 d6 65>,
    baseKeyType: 1,
    closed: -1,
    used: 1771621831287,
    created: 1771621831287,
    remoteIdentityKey: <Buffer 05 21 01 0d d6 ae b9 34 a6 21 23 60 5d d0 90 4d e2 72 bf cf 78 e1 39 26 4b da a9 04 0f 73 06 8f 02>
  },
  pendingPreKey: {
    signedKeyId: 11563340,
    baseKey: <Buffer 05 d0 c4 42 a0 11 d1 d0 0f 8e b6 fe 24 af 96 d0 b1 c8 fb fb e4 96 c7 14 45 c8 f8 d1 2c 79 33 d6 65>
  }
}
{"level":30,"time":1771622237716,"pid":4396,"hostname":"DESKTOP-BV1E0F4","method":"POST","url":"/send-message","msg":"Incoming WhatsApp send-message request"}
{"level":30,"time":1771622237721,"pid":4396,"hostname":"DESKTOP-BV1E0F4","jid":"5195357234@s.whatsapp.net","text":"holaaa","hasFile":true,"fileName":"admin-ajax.jpg","msg":"Intentando enviar mensaje"}
{"level":30,"time":1771622237721,"pid":4396,"hostname":"DESKTOP-BV1E0F4","jid":"5195357234@s.whatsapp.net","fileName":"admin-ajax.jpg","fileMime":"image/jpeg","size":31474,"msg":"Enviando archivo"}
{"level":30,"time":1771622238570,"pid":4396,"hostname":"DESKTOP-BV1E0F4","jid":"5195357234@s.whatsapp.net","msgId":"3EB0C72E44FE85A56B48C4","msg":"Imagen enviada con exito"}
Closing session: SessionEntry {
  _chains: {
    Bfyr7zH0juwrNKC6N2OX2XMyGcRbdZdWIMvaKnvKApM2: { chainKey: [Object], chainType: 1, messageKeys: {} }
  },
  registrationId: 613653096,
  currentRatchet: {
    ephemeralKeyPair: {
      pubKey: <Buffer 05 fc ab ef 31 f4 8e ec 2b 34 a0 ba 37 63 97 d9 73 32 19 c4 5b 75 97 56 20 cb da 2a 7b ca 02 93 36>,
      privKey: <Buffer 68 e1 d1 20 80 f4 5b 53 04 f9 4f 91 48 ee 9f f5 88 59 89 0a 11 de af 18 f3 19 59 bf 11 8d f0 70>
    },
    lastRemoteEphemeralKey: <Buffer 05 0f b3 e5 dc 6a 98 a8 cb b0 99 05 58 a9 24 a1 0b ec b7 17 55 d2 e4 66 9e 18 19 7a 67 a3 53 aa 56>,
    previousCounter: 0,
    rootKey: <Buffer ba 5b d1 31 33 31 6a f4 34 3e 83 b7 a0 a1 44 76 de bc bb b2 c1 6f 52 a9 db 00 85 66 ba 07 65 da>
  },
  indexInfo: {
    baseKey: <Buffer 05 9d 3a 71 5c a5 f1 75 1f a9 72 d9 8e 1b d3 27 de 5a b8 a0 88 c2 28 91 a6 79 19 2f ba fd 92 3b 2b>,
    baseKeyType: 1,
    closed: -1,
    used: 1771622180461,
    created: 1771622180461,
    remoteIdentityKey: <Buffer 05 21 01 0d d6 ae b9 34 a6 21 23 60 5d d0 90 4d e2 72 bf cf 78 e1 39 26 4b da a9 04 0f 73 06 8f 02>
  },
  pendingPreKey: {
    signedKeyId: 11563340,
    baseKey: <Buffer 05 9d 3a 71 5c a5 f1 75 1f a9 72 d9 8e 1b d3 27 de 5a b8 a0 88 c2 28 91 a6 79 19 2f ba fd 92 3b 2b>
  }
}
{"level":30,"time":1771622296425,"pid":4396,"hostname":"DESKTOP-BV1E0F4","method":"POST","url":"/send-message","msg":"Incoming WhatsApp send-message request"}
{"level":30,"time":1771622297030,"pid":4396,"hostname":"DESKTOP-BV1E0F4","jid":"5195357234@s.whatsapp.net","text":"dasd","hasFile":true,"fileName":"8f2cc289-95c2-481c-96ae-8768a1bef091.jpg","msg":"Intentando enviar mensaje"}
{"level":30,"time":1771622297031,"pid":4396,"hostname":"DESKTOP-BV1E0F4","jid":"5195357234@s.whatsapp.net","fileName":"8f2cc289-95c2-481c-96ae-8768a1bef091.jpg","fileMime":"image/jpeg","size":421714,"msg":"Enviando archivo"}
{"level":30,"time":1771622298138,"pid":4396,"hostname":"DESKTOP-BV1E0F4","jid":"5195357234@s.whatsapp.net","msgId":"3EB0448B477C026AE374A5","msg":"Imagen enviada con exito"}
Closing session: SessionEntry {
  _chains: {
    BQpRDbEm7oElmQe6I7k3OmHuvk5e4miN0xKn737r61Qj: { chainKey: [Object], chainType: 1, messageKeys: {} }
  },
  registrationId: 613653096,
  currentRatchet: {
    ephemeralKeyPair: {
      pubKey: <Buffer 05 0a 51 0d b1 26 ee 81 25 99 07 ba 23 b9 37 3a 61 ee be 4e 5e e2 68 8d d3 12 a7 ef 7e eb eb 54 23>,
      privKey: <Buffer d0 c1 45 48 ef 80 bb 94 98 6f 61 84 9f 67 46 51 f9 c8 b3 87 0d 6b 6f fc 21 66 ae a1 68 14 32 42>
    },
    lastRemoteEphemeralKey: <Buffer 05 0f b3 e5 dc 6a 98 a8 cb b0 99 05 58 a9 24 a1 0b ec b7 17 55 d2 e4 66 9e 18 19 7a 67 a3 53 aa 56>,
    previousCounter: 0,
    rootKey: <Buffer 8c f5 7e fd 88 83 db 3f ff e4 00 3b 82 46 bc 91 5f e5 97 d4 58 15 cc e6 c3 8b 07 0b 79 a7 96 cc>
  },
  indexInfo: {
    baseKey: <Buffer 05 2e 09 ba b0 52 2c c1 14 79 9d 94 b1 a0 6f 6c 46 df d3 12 e6 a8 13 91 c3 ca 50 4d 04 c0 02 47 73>,
    baseKeyType: 1,
    closed: -1,
    used: 1771622239654,
    created: 1771622239654,
    remoteIdentityKey: <Buffer 05 21 01 0d d6 ae b9 34 a6 21 23 60 5d d0 90 4d e2 72 bf cf 78 e1 39 26 4b da a9 04 0f 73 06 8f 02>
  },
  pendingPreKey: {
    signedKeyId: 11563340,
    baseKey: <Buffer 05 2e 09 ba b0 52 2c c1 14 79 9d 94 b1 a0 6f 6c 46 df d3 12 e6 a8 13 91 c3 ca 50 4d 04 c0 02 47 73>
  }
}

> kenia-call-bridge-skeleton@0.1.0 start:whatsapp
> npm --prefix whatsapp-backend run start


> kenia-whatsapp-backend@0.1.0 start
> node src/server.js

{"level":30,"time":1771622463627,"pid":17704,"hostname":"DESKTOP-BV1E0F4","msg":"WhatsApp backend escuchando en http://0.0.0.0:3010"}
⚠️ The printQRInTerminal option has been deprecated. You will no longer receive QR codes in the terminal automatically. Please listen to the connection.update event yourself and handle the QR your way. You can remove this message by removing this opttion. This message will be removed in a future version.
{"level":30,"time":1771622465302,"pid":17704,"hostname":"DESKTOP-BV1E0F4","user":"51917313107:39@s.whatsapp.net","name":"Alonso Huancas","msg":"WhatsApp vinculado"}
{"level":30,"time":1771622498130,"pid":17704,"hostname":"DESKTOP-BV1E0F4","method":"POST","url":"/send-message","msg":"Incoming WhatsApp send-message request"}
{"level":30,"time":1771622498270,"pid":17704,"hostname":"DESKTOP-BV1E0F4","jid":"51953576234@s.whatsapp.net","text":"HOLA","hasFile":true,"fileName":"admin-ajax.jpg","msg":"Intentando enviar mensaje"}
{"level":30,"time":1771622498270,"pid":17704,"hostname":"DESKTOP-BV1E0F4","jid":"51953576234@s.whatsapp.net","fileName":"admin-ajax.jpg","fileMime":"image/jpeg","size":31474,"msg":"Enviando archivo"}
{"level":30,"time":1771622500420,"pid":17704,"hostname":"DESKTOP-BV1E0F4","jid":"51953576234@s.whatsapp.net","msgId":"3EB0FBC91FA7DD69441E22","msg":"Imagen enviada con exito"}
Closing session: SessionEntry {
  _chains: {
    BboIOHU0FVqPBSRe53Ay7BRsH2bbWlt3tEwzzy9nMX1O: { chainKey: [Object], chainType: 1, messageKeys: {} }
  },
  registrationId: 613653096,
  currentRatchet: {
    ephemeralKeyPair: {
      pubKey: <Buffer 05 ba 08 38 75 34 15 5a 8f 05 24 5e e7 70 32 ec 14 6c 1f 66 db 5a 5b 77 b4 4c 33 cf 2f 67 31 7d 4e>,
      privKey: <Buffer 88 2e 68 45 20 1b c5 11 46 df 06 94 b5 a2 11 1b ba bd c1 8b 11 d2 78 32 bd e0 0a b6 5c ee 75 74>
    },
    lastRemoteEphemeralKey: <Buffer 05 0f b3 e5 dc 6a 98 a8 cb b0 99 05 58 a9 24 a1 0b ec b7 17 55 d2 e4 66 9e 18 19 7a 67 a3 53 aa 56>,
    previousCounter: 0,
    rootKey: <Buffer 7a d2 26 8f 42 66 b7 80 64 c9 ee 3a 6e 29 83 cb 6e a4 1e a9 5c ee 89 4f 06 63 29 ad f5 8d 88 87>
  },
  indexInfo: {
    baseKey: <Buffer 05 69 fc b4 c7 ea a0 0c 70 c9 d9 73 cd 58 14 dc 69 c4 13 3f 43 fe a9 09 e4 27 80 46 dd f6 17 66 36>,
    baseKeyType: 1,
    closed: -1,
    used: 1771622299164,
    created: 1771622299164,
    remoteIdentityKey: <Buffer 05 21 01 0d d6 ae b9 34 a6 21 23 60 5d d0 90 4d e2 72 bf cf 78 e1 39 26 4b da a9 04 0f 73 06 8f 02>
  },
  pendingPreKey: {
    signedKeyId: 11563340,
    baseKey: <Buffer 05 69 fc b4 c7 ea a0 0c 70 c9 d9 73 cd 58 14 dc 69 c4 13 3f 43 fe a9 09 e4 27 80 46 dd f6 17 66 36>
  }
}
Closing session: SessionEntry {
  _chains: {
    'BYKWZKegrFcU2j6Rs68uTEXvvTDd/V4RQVC/cc0R1tZP': { chainKey: [Object], chainType: 1, messageKeys: {} }
  },
  registrationId: 1427989215,
  currentRatchet: {
    ephemeralKeyPair: {
      pubKey: <Buffer 05 82 96 64 a7 a0 ac 57 14 da 3e 91 b3 af 2e 4c 45 ef bd 30 dd fd 5e 11 41 50 bf 71 cd 11 d6 d6 4f>,
      privKey: <Buffer e0 ce aa d9 94 56 d8 06 c6 d4 bf 71 30 e0 f2 c4 59 21 08 b6 ad ad 1c c1 42 06 7a c7 9d 8e fe 53>
    },
    lastRemoteEphemeralKey: <Buffer 05 ab 14 f4 18 6a 3d 2f 0c df 33 41 08 3c a2 e5 70 d7 9a a9 cb d3 4d 56 b4 19 a3 7a c7 d5 6d b7 0a>,
    previousCounter: 0,
    rootKey: <Buffer 38 01 b7 95 6d 0d 28 47 92 98 6d 70 6f b7 05 37 7a f0 65 b8 fd de ae b1 6b 88 2b e1 cc 5a 4c 7c>
  },
  indexInfo: {
    baseKey: <Buffer 05 68 cb 14 b4 3c b5 66 19 87 6d f3 b4 96 4a 5a 9a 61 d7 73 2f 31 e6 da 60 5d 4a 48 61 fd da ea 2e>,
    baseKeyType: 1,
    closed: -1,
    used: 1771621831966,
    created: 1771621831966,
    remoteIdentityKey: <Buffer 05 ab 30 eb 18 65 0e ad c1 91 cb b0 c2 58 98 a6 ad a9 03 7f 85 07 aa 2f 76 d9 f0 76 80 54 86 3d 17>
  },
  pendingPreKey: {
    signedKeyId: 11226504,
    baseKey: <Buffer 05 68 cb 14 b4 3c b5 66 19 87 6d f3 b4 96 4a 5a 9a 61 d7 73 2f 31 e6 da 60 5d 4a 48 61 fd da ea 2e>,
    preKeyId: 13367216
  }
}
{"level":30,"time":1771622628007,"pid":17704,"hostname":"DESKTOP-BV1E0F4","method":"POST","url":"/send-message","msg":"Incoming WhatsApp send-message request"}
{"level":30,"time":1771622628014,"pid":17704,"hostname":"DESKTOP-BV1E0F4","jid":"51924461828@s.whatsapp.net","text":"HOLAAA","hasFile":true,"fileName":"logotipo-VCMAS.ico","msg":"Intentando enviar mensaje"}
{"level":30,"time":1771622628014,"pid":17704,"hostname":"DESKTOP-BV1E0F4","jid":"51924461828@s.whatsapp.net","fileName":"logotipo-VCMAS.ico","fileMime":"image/x-icon","size":14215,"msg":"Enviando archivo"}
{"level":30,"time":1771622629814,"pid":17704,"hostname":"DESKTOP-BV1E0F4","jid":"51924461828@s.whatsapp.net","msgId":"3EB075382DBD4E5259DA8C","msg":"Imagen enviada con exito"}
Closing session: SessionEntry {
  _chains: {
    Bf0oJrSpqF3tkMQSAZYDyeGpOI0ytgn50wWRMnMfuo98: { chainKey: [Object], chainType: 1, messageKeys: {} }
  },
  registrationId: 613653096,
  currentRatchet: {
    ephemeralKeyPair: {
      pubKey: <Buffer 05 fd 28 26 b4 a9 a8 5d ed 90 c4 12 01 96 03 c9 e1 a9 38 8d 32 b6 09 f9 d3 05 91 32 73 1f ba 8f 7c>,
      privKey: <Buffer b8 8c d9 b6 de a5 66 d9 c7 6c 59 3a b2 aa 26 02 95 5f a2 ff 57 b0 08 b4 bd 5e 5d 58 30 fe c2 6b>
    },
    lastRemoteEphemeralKey: <Buffer 05 0f b3 e5 dc 6a 98 a8 cb b0 99 05 58 a9 24 a1 0b ec b7 17 55 d2 e4 66 9e 18 19 7a 67 a3 53 aa 56>,
    previousCounter: 0,
    rootKey: <Buffer 25 91 e6 fa bc 80 06 c3 de 0d 59 40 d0 ad ba d1 9b 0f 99 c2 8f de 92 f0 f6 08 e7 6f 93 0b 71 92>
  },
  indexInfo: {
    baseKey: <Buffer 05 32 9c 88 d6 fc a7 fe cd a3 aa a6 f5 61 40 e8 c7 e7 7f da d0 d6 51 87 17 1f a1 f0 df a7 d6 ad 51>,
    baseKeyType: 1,
    closed: -1,
    used: 1771622501393,
    created: 1771622501393,
    remoteIdentityKey: <Buffer 05 21 01 0d d6 ae b9 34 a6 21 23 60 5d d0 90 4d e2 72 bf cf 78 e1 39 26 4b da a9 04 0f 73 06 8f 02>
  },
  pendingPreKey: {
    signedKeyId: 11563340,
    baseKey: <Buffer 05 32 9c 88 d6 fc a7 fe cd a3 aa a6 f5 61 40 e8 c7 e7 7f da d0 d6 51 87 17 1f a1 f0 df a7 d6 ad 51>
  }
}
Closing session: SessionEntry {
  _chains: {
    Ba1F0czr5xXXyZ7g6gpLH2gSVcXYbLOVzRc681e34BZZ: { chainKey: [Object], chainType: 1, messageKeys: {} }
  },
  registrationId: 7383,
  currentRatchet: {
    ephemeralKeyPair: {
      pubKey: <Buffer 05 ad 45 d1 cc eb e7 15 d7 c9 9e e0 ea 0a 4b 1f 68 12 55 c5 d8 6c b3 95 cd 17 3a f3 57 b7 e0 16 59>,
      privKey: <Buffer 68 ef bb b7 3a 69 8c ce 93 2b 6c c7 64 b0 f7 b5 ca ec 4d 89 37 07 c2 e7 c8 5d 4e e0 3b 12 8d 62>
    },
    lastRemoteEphemeralKey: <Buffer 05 90 8f aa ca b0 15 37 ce f1 23 25 50 be d4 e2 e9 21 82 27 72 bc 75 67 3c 4f 07 f7 01 d1 be 04 0b>,
    previousCounter: 0,
    rootKey: <Buffer c3 ac d8 1e da f8 00 2f 46 ba 14 df 9b aa e5 0f b5 4e 56 45 e2 e5 c2 44 83 83 bd 03 bc d9 61 27>
  },
  indexInfo: {
    baseKey: <Buffer 05 6f f1 06 00 7b c9 06 40 1e 58 d2 a6 bf 23 75 ba fc 7a f5 d2 e0 f2 68 55 8e 0e 42 84 7f a7 f0 43>,
    baseKeyType: 1,
    closed: -1,
    used: 1771622629720,
    created: 1771622629720,
    remoteIdentityKey: <Buffer 05 92 8a 46 24 95 0f 27 b7 c6 33 91 21 fc 37 4b d8 e7 f5 b9 72 56 6d d1 c7 3f d8 47 da 77 b7 58 49>
  },
  pendingPreKey: {
    signedKeyId: 1,
    baseKey: <Buffer 05 6f f1 06 00 7b c9 06 40 1e 58 d2 a6 bf 23 75 ba fc 7a f5 d2 e0 f2 68 55 8e 0e 42 84 7f a7 f0 43>,
    preKeyId: 11
  }
}
{"level":30,"time":1771622661125,"pid":17704,"hostname":"DESKTOP-BV1E0F4","method":"POST","url":"/send-message","msg":"Incoming WhatsApp send-message request"}
{"level":30,"time":1771622661129,"pid":17704,"hostname":"DESKTOP-BV1E0F4","jid":"51924461828@s.whatsapp.net","text":"HOLA","hasFile":true,"fileName":"admin-ajax.jpg","msg":"Intentando enviar mensaje"}
{"level":30,"time":1771622661129,"pid":17704,"hostname":"DESKTOP-BV1E0F4","jid":"51924461828@s.whatsapp.net","fileName":"admin-ajax.jpg","fileMime":"image/jpeg","size":31474,"msg":"Enviando archivo"}
{"level":30,"time":1771622661728,"pid":17704,"hostname":"DESKTOP-BV1E0F4","jid":"51924461828@s.whatsapp.net","msgId":"3EB0FA0BC5ACBD43E9DEDF","msg":"Imagen enviada con exito"}
Closing session: SessionEntry {
  _chains: {
    'BSy1ILOJDujHVEk2V8/SSOwyzHytPbfYSCNAEyo7yDpW': { chainKey: [Object], chainType: 1, messageKeys: {} }
  },
  registrationId: 613653096,
  currentRatchet: {
    ephemeralKeyPair: {
      pubKey: <Buffer 05 2c b5 20 b3 89 0e e8 c7 54 49 36 57 cf d2 48 ec 32 cc 7c ad 3d b7 d8 48 23 40 13 2a 3b c8 3a 56>,
      privKey: <Buffer 10 0b 1e a9 21 bb 5f 30 39 ec 07 90 8f 63 ba ad 47 c5 07 75 b3 1e 5d 9c 45 43 31 65 59 2e 1e 60>
    },
    lastRemoteEphemeralKey: <Buffer 05 0f b3 e5 dc 6a 98 a8 cb b0 99 05 58 a9 24 a1 0b ec b7 17 55 d2 e4 66 9e 18 19 7a 67 a3 53 aa 56>,
    previousCounter: 0,
    rootKey: <Buffer 1f ba f9 aa b4 e5 cb fc b2 ab b3 a0 5e 41 4d 12 c2 2a cb 6b a0 1d 7e 86 41 2d 26 16 f8 00 6c 6e>
  },
  indexInfo: {
    baseKey: <Buffer 05 b3 ce 00 13 fc 08 73 7f 44 8d 4b 0b 8c 9c 1a ff c6 42 be 74 25 3e 42 ce e5 e8 ea a5 c7 2f d9 3e>,
    baseKeyType: 1,
    closed: -1,
    used: 1771622630742,
    created: 1771622630742,
    remoteIdentityKey: <Buffer 05 21 01 0d d6 ae b9 34 a6 21 23 60 5d d0 90 4d e2 72 bf cf 78 e1 39 26 4b da a9 04 0f 73 06 8f 02>
  },
  pendingPreKey: {
    signedKeyId: 11563340,
    baseKey: <Buffer 05 b3 ce 00 13 fc 08 73 7f 44 8d 4b 0b 8c 9c 1a ff c6 42 be 74 25 3e 42 ce e5 e8 ea a5 c7 2f d9 3e>
  }
}
Closing session: SessionEntry {
  _chains: {
    BcTDYkoPXwFcJxM3T2q6d7HqsitOZbR5BUF3swWcoI9P: { chainKey: [Object], chainType: 1, messageKeys: {} }
  },
  registrationId: 7383,
  currentRatchet: {
    ephemeralKeyPair: {
      pubKey: <Buffer 05 c4 c3 62 4a 0f 5f 01 5c 27 13 37 4f 6a ba 77 b1 ea b2 2b 4e 65 b4 79 05 41 77 b3 05 9c a0 8f 4f>,
      privKey: <Buffer 58 9b 94 e4 b6 1f 4e 73 80 ad 8f d4 a4 7c cc e2 cf ce af 63 4f d4 0e cb ec 1f 97 62 6a f3 b3 62>
    },
    lastRemoteEphemeralKey: <Buffer 05 90 8f aa ca b0 15 37 ce f1 23 25 50 be d4 e2 e9 21 82 27 72 bc 75 67 3c 4f 07 f7 01 d1 be 04 0b>,
    previousCounter: 0,
    rootKey: <Buffer 0d 21 0e 1c 29 7b 6b df c4 24 28 3d 8b de 55 74 03 ff 26 94 85 84 6d 8d 08 73 f8 6e 54 63 22 fa>
  },
  indexInfo: {
    baseKey: <Buffer 05 88 0a 3d 79 b3 cd 16 10 0f ac b2 6c a1 64 9c 9e 3a 99 45 f0 3f ff 3a 1b b6 e7 d8 a4 b1 17 7d 77>,
    baseKeyType: 1,
    closed: -1,
    used: 1771622631764,
    created: 1771622631764,
    remoteIdentityKey: <Buffer 05 92 8a 46 24 95 0f 27 b7 c6 33 91 21 fc 37 4b d8 e7 f5 b9 72 56 6d d1 c7 3f d8 47 da 77 b7 58 49>
  },
  pendingPreKey: {
    signedKeyId: 1,
    baseKey: <Buffer 05 88 0a 3d 79 b3 cd 16 10 0f ac b2 6c a1 64 9c 9e 3a 99 45 f0 3f ff 3a 1b b6 e7 d8 a4 b1 17 7d 77>,
    preKeyId: 77
  }
}
Closing session: SessionEntry {
  _chains: {
    'BTqGMP/a8fBTAtRlDW4V7UqGllhziVgD/RjK5gSJ5eFa': { chainKey: [Object], chainType: 1, messageKeys: {} }
  },
  registrationId: 2184,
  currentRatchet: {
    ephemeralKeyPair: {
      pubKey: <Buffer 05 3a 86 30 ff da f1 f0 53 02 d4 65 0d 6e 15 ed 4a 86 96 58 73 89 58 03 fd 18 ca e6 04 89 e5 e1 5a>,
      privKey: <Buffer a0 45 d6 9f 34 99 bf b4 16 74 96 31 79 1d 24 c5 26 07 63 73 d5 93 dc af 1a 59 ac fa 5d ba bd 4d>
    },
    lastRemoteEphemeralKey: <Buffer 05 4e 62 8f 94 24 32 f2 53 31 08 22 da 1e c5 63 ec 26 ca 0b 74 1b 0e f0 da 2e 60 42 0f b9 2f 54 56>,
    previousCounter: 0,
    rootKey: <Buffer b8 c4 f0 cf c6 19 f6 26 c2 d1 03 b9 6a bc 6b a3 89 95 98 69 73 4c 5a 76 69 3e 70 ae bc 2b a5 2f>
  },
  indexInfo: {
    baseKey: <Buffer 05 0e a2 df 30 a6 8f 31 7a 89 5c e7 c0 e7 11 c4 fa b4 32 a9 ca 38 bc 72 2d a1 a7 75 cc f0 3c ae 04>,
    baseKeyType: 1,
    closed: -1,
    used: 1771621830053,
    created: 1771621830053,
    remoteIdentityKey: <Buffer 05 dc 40 3a 5d 4a b4 1f 23 91 bb 37 d3 76 00 06 78 fd 4f 9c 83 77 81 f2 38 5a 29 8a 70 ea 1f 14 0e>
  },
  pendingPreKey: {
    signedKeyId: 1,
    baseKey: <Buffer 05 0e a2 df 30 a6 8f 31 7a 89 5c e7 c0 e7 11 c4 fa b4 32 a9 ca 38 bc 72 2d a1 a7 75 cc f0 3c ae 04>,
    preKeyId: 827
  }
}
Closing session: SessionEntry {
  _chains: {
    'Bbo+zy+DlmBHEWMDXvmLNz7/9nuQ91WW1xyCUG7Y9nV3': { chainKey: [Object], chainType: 1, messageKeys: {} }
  },
  registrationId: 2184,
  currentRatchet: {
    ephemeralKeyPair: {
      pubKey: <Buffer 05 ba 3e cf 2f 83 96 60 47 11 63 03 5e f9 8b 37 3e ff f6 7b 90 f7 55 96 d7 1c 82 50 6e d8 f6 75 77>,
      privKey: <Buffer 48 74 f3 f0 4f 37 6c 2b 56 07 0f 83 75 eb e2 40 71 f0 c6 07 95 22 6d bb fa 85 51 f7 ba 9d 81 78>
    },
    lastRemoteEphemeralKey: <Buffer 05 4e 62 8f 94 24 32 f2 53 31 08 22 da 1e c5 63 ec 26 ca 0b 74 1b 0e f0 da 2e 60 42 0f b9 2f 54 56>,
    previousCounter: 0,
    rootKey: <Buffer 83 cb aa 63 4f ca 92 69 70 10 35 14 6d 24 ef 92 3e 2b 12 74 06 4b 61 7a 03 30 03 df c4 ad 9a 7d>
  },
  indexInfo: {
    baseKey: <Buffer 05 64 0a 0f 36 76 9d dd 28 e2 fd 9c ff ca 35 1d 75 60 e1 aa dc 2f 24 2b 96 6b 45 ec be d7 18 1d 0a>,
    baseKeyType: 1,
    closed: -1,
    used: 1771622880386,
    created: 1771622880386,
    remoteIdentityKey: <Buffer 05 dc 40 3a 5d 4a b4 1f 23 91 bb 37 d3 76 00 06 78 fd 4f 9c 83 77 81 f2 38 5a 29 8a 70 ea 1f 14 0e>
  },
  pendingPreKey: {
    signedKeyId: 1,
    baseKey: <Buffer 05 64 0a 0f 36 76 9d dd 28 e2 fd 9c ff ca 35 1d 75 60 e1 aa dc 2f 24 2b 96 6b 45 ec be d7 18 1d 0a>,
    preKeyId: 928
  }
}
{"level":30,"time":1771623282824,"pid":17704,"hostname":"DESKTOP-BV1E0F4","method":"POST","url":"/send-message","msg":"Incoming WhatsApp send-message request"}
{"level":30,"time":1771623282848,"pid":17704,"hostname":"DESKTOP-BV1E0F4","jid":"51924461828@s.whatsapp.net","text":"gola","hasFile":false,"msg":"Intentando enviar mensaje"}
{"level":30,"time":1771623283448,"pid":17704,"hostname":"DESKTOP-BV1E0F4","jid":"51924461828@s.whatsapp.net","msgId":"3EB009EA183115B9B8EDB0","msg":"Texto enviado con exito"}
Closing session: SessionEntry {
  _chains: {
    'BbOec9Eslz3l+AnuZ3USf+t2gHt4rthatJ4jb1QU+CVe': { chainKey: [Object], chainType: 1, messageKeys: {} }
  },
  registrationId: 613653096,
  currentRatchet: {
    ephemeralKeyPair: {
      pubKey: <Buffer 05 b3 9e 73 d1 2c 97 3d e5 f8 09 ee 67 75 12 7f eb 76 80 7b 78 ae d8 5a b4 9e 23 6f 54 14 f8 25 5e>,
      privKey: <Buffer f8 a6 82 44 44 4c fb 93 17 36 9d fd 24 09 e0 f0 af 7c e6 9b 17 f5 4a c0 b6 84 f1 08 79 24 29 47>
    },
    lastRemoteEphemeralKey: <Buffer 05 0f b3 e5 dc 6a 98 a8 cb b0 99 05 58 a9 24 a1 0b ec b7 17 55 d2 e4 66 9e 18 19 7a 67 a3 53 aa 56>,
    previousCounter: 0,
    rootKey: <Buffer 5b 3e 86 d4 4b 12 08 61 d1 53 d9 47 33 1b 3c 8f b7 98 d8 87 f5 7c 7e dd 66 d3 53 c9 33 3d 14 fb>
  },
  indexInfo: {
    baseKey: <Buffer 05 11 2f 6a 30 27 f3 ba c8 ef 37 6f fe ce af 0d 06 83 03 43 b6 98 6f e3 13 e8 f8 48 88 e4 1d 07 74>,
    baseKeyType: 1,
    closed: -1,
    used: 1771622662679,
    created: 1771622662679,
    remoteIdentityKey: <Buffer 05 21 01 0d d6 ae b9 34 a6 21 23 60 5d d0 90 4d e2 72 bf cf 78 e1 39 26 4b da a9 04 0f 73 06 8f 02>
  },
  pendingPreKey: {
    signedKeyId: 11563340,
    baseKey: <Buffer 05 11 2f 6a 30 27 f3 ba c8 ef 37 6f fe ce af 0d 06 83 03 43 b6 98 6f e3 13 e8 f8 48 88 e4 1d 07 74>
  }
}
Closing session: SessionEntry {
  _chains: {
    'BbZYRn/320qvSGxVL9/LKM/7U62t90twbzw7Fok4/kh1': { chainKey: [Object], chainType: 1, messageKeys: {} }
  },
  registrationId: 7383,
  currentRatchet: {
    ephemeralKeyPair: {
      pubKey: <Buffer 05 b6 58 46 7f f7 db 4a af 48 6c 55 2f df cb 28 cf fb 53 ad ad f7 4b 70 6f 3c 3b 16 89 38 fe 48 75>,
      privKey: <Buffer 48 21 9f 9e c1 13 d7 54 8e 2e bc db d5 86 65 e9 ac f5 9b ad 87 b5 95 93 55 b7 72 b9 08 b1 aa 5f>
    },
    lastRemoteEphemeralKey: <Buffer 05 90 8f aa ca b0 15 37 ce f1 23 25 50 be d4 e2 e9 21 82 27 72 bc 75 67 3c 4f 07 f7 01 d1 be 04 0b>,
    previousCounter: 0,
    rootKey: <Buffer 5e b9 07 b3 39 a2 22 50 5a e3 bd b5 9a 80 e9 74 53 e5 ea 7c 09 ea 50 5d a4 39 06 6d 90 72 42 ee>
  },
  indexInfo: {
    baseKey: <Buffer 05 c6 67 2e 1e 50 d2 12 89 89 a3 3d 6d a5 fc 10 84 be 48 b3 c8 1e 81 f3 9d 5f 13 16 62 30 ff b4 1c>,
    baseKeyType: 1,
    closed: -1,
    used: 1771622663832,
    created: 1771622663832,
    remoteIdentityKey: <Buffer 05 92 8a 46 24 95 0f 27 b7 c6 33 91 21 fc 37 4b d8 e7 f5 b9 72 56 6d d1 c7 3f d8 47 da 77 b7 58 49>
  },
  pendingPreKey: {
    signedKeyId: 1,
    baseKey: <Buffer 05 c6 67 2e 1e 50 d2 12 89 89 a3 3d 6d a5 fc 10 84 be 48 b3 c8 1e 81 f3 9d 5f 13 16 62 30 ff b4 1c>,
    preKeyId: 730
  }
}
{"level":30,"time":1771623347606,"pid":17704,"hostname":"DESKTOP-BV1E0F4","method":"POST","url":"/send-message","msg":"Incoming WhatsApp send-message request"}
{"level":30,"time":1771623347770,"pid":17704,"hostname":"DESKTOP-BV1E0F4","jid":"5195357234@s.whatsapp.net","text":"HOLA ADJUNTO TU LIBRO","hasFile":true,"fileName":"libro-de-reclamaciones-37735_logosenvector.com_4.pdf","msg":"Intentando enviar mensaje"}
{"level":30,"time":1771623347771,"pid":17704,"hostname":"DESKTOP-BV1E0F4","jid":"5195357234@s.whatsapp.net","fileName":"libro-de-reclamaciones-37735_logosenvector.com_4.pdf","fileMime":"application/pdf","size":80952,"msg":"Enviando archivo"}
{"level":30,"time":1771623349631,"pid":17704,"hostname":"DESKTOP-BV1E0F4","jid":"5195357234@s.whatsapp.net","msgId":"3EB0DFE91A2C5B5E3363F5","msg":"Documento enviado con exito"}
Closing session: SessionEntry {
  _chains: {
    Bd5uHeQcqD1vt9Dz5upiwj238XdUlYjrDq5gqYAfxzQM: { chainKey: [Object], chainType: 1, messageKeys: {} }
  },
  registrationId: 613653096,
  currentRatchet: {
    ephemeralKeyPair: {
      pubKey: <Buffer 05 de 6e 1d e4 1c a8 3d 6f b7 d0 f3 e6 ea 62 c2 3d b7 f1 77 54 95 88 eb 0e ae 60 a9 80 1f c7 34 0c>,
      privKey: <Buffer e8 1d 0a 62 31 19 c1 29 b1 1e d1 1a 07 07 cd 5b 19 40 19 2a 9a 54 17 73 af e6 e1 b4 40 b4 71 6e>
    },
    lastRemoteEphemeralKey: <Buffer 05 0f b3 e5 dc 6a 98 a8 cb b0 99 05 58 a9 24 a1 0b ec b7 17 55 d2 e4 66 9e 18 19 7a 67 a3 53 aa 56>,
    previousCounter: 0,
    rootKey: <Buffer f7 3a 8e 31 86 29 f3 30 4b d9 d1 69 16 5f 8a ac 3c af 48 00 f4 62 12 51 fc b2 cb d8 38 07 fb 1c>
  },
  indexInfo: {
    baseKey: <Buffer 05 3c e4 f6 2b ee 65 97 b6 99 5e 35 c2 f4 ea b4 d5 be 87 6d f6 ff 60 52 ba cc 7b f3 68 54 aa df 7e>,
    baseKeyType: 1,
    closed: -1,
    used: 1771623284376,
    created: 1771623284376,
    remoteIdentityKey: <Buffer 05 21 01 0d d6 ae b9 34 a6 21 23 60 5d d0 90 4d e2 72 bf cf 78 e1 39 26 4b da a9 04 0f 73 06 8f 02>
  },
  pendingPreKey: {
    signedKeyId: 11563340,
    baseKey: <Buffer 05 3c e4 f6 2b ee 65 97 b6 99 5e 35 c2 f4 ea b4 d5 be 87 6d f6 ff 60 52 ba cc 7b f3 68 54 aa df 7e>
  }
}

> kenia-call-bridge-skeleton@0.1.0 start:whatsapp
> npm --prefix whatsapp-backend run start


> kenia-whatsapp-backend@0.1.0 start
> node src/server.js

{"level":30,"time":1771623564825,"pid":12596,"hostname":"DESKTOP-BV1E0F4","msg":"WhatsApp backend escuchando en http://0.0.0.0:3010"}
⚠️ The printQRInTerminal option has been deprecated. You will no longer receive QR codes in the terminal automatically. Please listen to the connection.update event yourself and handle the QR your way. You can remove this message by removing this opttion. This message will be removed in a future version.
{"level":30,"time":1771623566903,"pid":12596,"hostname":"DESKTOP-BV1E0F4","user":"51917313107:39@s.whatsapp.net","name":"Alonso Huancas","msg":"WhatsApp vinculado"}
{"level":30,"time":1771623598837,"pid":12596,"hostname":"DESKTOP-BV1E0F4","method":"POST","url":"/send-message","msg":"Incoming WhatsApp send-message request"}
{"level":30,"time":1771623598980,"pid":12596,"hostname":"DESKTOP-BV1E0F4","jid":"5195357234@s.whatsapp.net","text":"hola","hasFile":true,"fileName":"libro-de-reclamaciones-37735_logosenvector.com_4.pdf","msg":"Intentando enviar mensaje"}
{"level":30,"time":1771623598980,"pid":12596,"hostname":"DESKTOP-BV1E0F4","jid":"5195357234@s.whatsapp.net","fileName":"libro-de-reclamaciones-37735_logosenvector.com_4.pdf","fileMime":"application/pdf","rawMime":"application/pdf","size":80952,"msg":"Enviando archivo"}
Closing session: SessionEntry {
  _chains: {
    'BRhYysBtN2BtcE5xhfJ1XMGLVGtFvCWCAK0M+8K6+c9Y': { chainKey: [Object], chainType: 1, messageKeys: {} }
  },
  registrationId: 613653096,
  currentRatchet: {
    ephemeralKeyPair: {
      pubKey: <Buffer 05 18 58 ca c0 6d 37 60 6d 70 4e 71 85 f2 75 5c c1 8b 54 6b 45 bc 25 82 00 ad 0c fb c2 ba f9 cf 58>,
      privKey: <Buffer 70 e3 39 49 5b e1 78 03 ca eb 6a 67 7d 5d d4 d1 78 10 be 06 aa 65 e9 94 1e c2 c4 ed f9 8a 5e 48>
    },
    lastRemoteEphemeralKey: <Buffer 05 0f b3 e5 dc 6a 98 a8 cb b0 99 05 58 a9 24 a1 0b ec b7 17 55 d2 e4 66 9e 18 19 7a 67 a3 53 aa 56>,
    previousCounter: 0,
    rootKey: <Buffer 33 d5 c7 7c 57 fc 93 d5 9e e0 b3 55 04 a9 25 1d 6a a8 fc 6f 4f 4c cf 62 f7 2e e8 66 52 2b 94 4f>
  },
  indexInfo: {
    baseKey: <Buffer 05 61 bd 17 b4 fe 0c 78 3d d3 96 67 f6 07 e3 27 ef 79 f7 6d 6c ad 8e fd d8 b1 70 10 91 73 3c 65 4e>,
    baseKeyType: 1,
    closed: -1,
    used: 1771623350481,
    created: 1771623350481,
    remoteIdentityKey: <Buffer 05 21 01 0d d6 ae b9 34 a6 21 23 60 5d d0 90 4d e2 72 bf cf 78 e1 39 26 4b da a9 04 0f 73 06 8f 02>
  },
  pendingPreKey: {
    signedKeyId: 11563340,
    baseKey: <Buffer 05 61 bd 17 b4 fe 0c 78 3d d3 96 67 f6 07 e3 27 ef 79 f7 6d 6c ad 8e fd d8 b1 70 10 91 73 3c 65 4e>
  }
}
{"level":50,"time":1771623624807,"pid":12596,"hostname":"DESKTOP-BV1E0F4","err":{"type":"Error","message":"Tiempo agotado esperando estado DELIVERY_ACK para msgId 3EB0831EA174974DDC48D3","stack":"Error: Tiempo agotado esperando estado DELIVERY_ACK para msgId 3EB0831EA174974DDC48D3\n    at Timeout._onTimeout (file:///C:/Users/via/Downloads/KENIA/whatsapp-backend/src/server.js:179:19)\n    at listOnTimeout (node:internal/timers:605:17)\n    at process.processTimers (node:internal/timers:541:7)","code":"DELIVERY_TIMEOUT"},"jid":"5195357234@s.whatsapp.net","msg":"Error critico al enviar via Baileys"}
{"level":50,"time":1771623624807,"pid":12596,"hostname":"DESKTOP-BV1E0F4","err":{"type":"Error","message":"Tiempo agotado esperando estado DELIVERY_ACK para msgId 3EB0831EA174974DDC48D3","stack":"Error: Tiempo agotado esperando estado DELIVERY_ACK para msgId 3EB0831EA174974DDC48D3\n    at Timeout._onTimeout (file:///C:/Users/via/Downloads/KENIA/whatsapp-backend/src/server.js:179:19)\n    at listOnTimeout (node:internal/timers:605:17)\n    at process.processTimers (node:internal/timers:541:7)","code":"DELIVERY_TIMEOUT"},"msg":"Error in WhatsApp send-message route"}
{"level":30,"time":1771623625407,"pid":12596,"hostname":"DESKTOP-BV1E0F4","method":"POST","url":"/send","headers":{"host":"127.0.0.1:3010","connection":"keep-alive","content-type":"multipart/form-data; boundary=----WebKitFormBoundarygNVxuCt2HrOR9nf7","ngrok-skip-browser-warning":"1","accept":"*/*","accept-language":"*","sec-fetch-mode":"cors","user-agent":"node","accept-encoding":"gzip, deflate","transfer-encoding":"chunked"},"msg":"Incoming WhatsApp send request"}
{"level":30,"time":1771623625408,"pid":12596,"hostname":"DESKTOP-BV1E0F4","to":"+5195357234","messageLength":4,"hasFile":true,"msg":"Processing WhatsApp send request"}
{"level":30,"time":1771623625409,"pid":12596,"hostname":"DESKTOP-BV1E0F4","jid":"5195357234@s.whatsapp.net","text":"hola","hasFile":true,"fileName":"libro-de-reclamaciones-37735_logosenvector.com_4.pdf","msg":"Intentando enviar mensaje"}
{"level":30,"time":1771623625409,"pid":12596,"hostname":"DESKTOP-BV1E0F4","jid":"5195357234@s.whatsapp.net","fileName":"libro-de-reclamaciones-37735_logosenvector.com_4.pdf","fileMime":"application/pdf","rawMime":"application/pdf","size":80952,"msg":"Enviando archivo"}
Closing session: SessionEntry {
  _chains: {
    'BX1MMT2uX5gRhk74j1mejI90OQwy0LhN/MFJAhOl3Hld': { chainKey: [Object], chainType: 1, messageKeys: {} }
  },
  registrationId: 613653096,
  currentRatchet: {
    ephemeralKeyPair: {
      pubKey: <Buffer 05 7d 4c 31 3d ae 5f 98 11 86 4e f8 8f 59 9e 8c 8f 74 39 0c 32 d0 b8 4d fc c1 49 02 13 a5 dc 79 5d>,
      privKey: <Buffer 50 92 fa f2 ee e3 dc 03 82 fd 0a e3 4a d4 d9 45 a1 50 ef 07 5e 91 a4 c0 bd 88 90 4b 62 cd e2 68>
    },
    lastRemoteEphemeralKey: <Buffer 05 0f b3 e5 dc 6a 98 a8 cb b0 99 05 58 a9 24 a1 0b ec b7 17 55 d2 e4 66 9e 18 19 7a 67 a3 53 aa 56>,
    previousCounter: 0,
    rootKey: <Buffer d7 bb 8f 81 6b 70 8d 95 4c ba b8 2f d8 d7 b5 2e db d0 38 59 ec 40 ac 7f 96 c9 ee 15 d8 99 bc 57>
  },
  indexInfo: {
    baseKey: <Buffer 05 92 e5 c5 b8 f6 6b 3b ea b8 ff 25 41 fc d1 e4 93 30 69 d7 b7 6b 60 f8 72 ba b4 91 14 a3 e0 21 54>,
    baseKeyType: 1,
    closed: -1,
    used: 1771623600230,
    created: 1771623600230,
    remoteIdentityKey: <Buffer 05 21 01 0d d6 ae b9 34 a6 21 23 60 5d d0 90 4d e2 72 bf cf 78 e1 39 26 4b da a9 04 0f 73 06 8f 02>
  },
  pendingPreKey: {
    signedKeyId: 11563340,
    baseKey: <Buffer 05 92 e5 c5 b8 f6 6b 3b ea b8 ff 25 41 fc d1 e4 93 30 69 d7 b7 6b 60 f8 72 ba b4 91 14 a3 e0 21 54>
  }
}
{"level":50,"time":1771623651524,"pid":12596,"hostname":"DESKTOP-BV1E0F4","err":{"type":"Error","message":"Tiempo agotado esperando estado DELIVERY_ACK para msgId 3EB06B64115D51D34D650A","stack":"Error: Tiempo agotado esperando estado DELIVERY_ACK para msgId 3EB06B64115D51D34D650A\n    at Timeout._onTimeout (file:///C:/Users/via/Downloads/KENIA/whatsapp-backend/src/server.js:179:19)\n    at listOnTimeout (node:internal/timers:605:17)\n    at process.processTimers (node:internal/timers:541:7)","code":"DELIVERY_TIMEOUT"},"jid":"5195357234@s.whatsapp.net","msg":"Error critico al enviar via Baileys"}
{"level":50,"time":1771623651524,"pid":12596,"hostname":"DESKTOP-BV1E0F4","err":{"type":"Error","message":"Tiempo agotado esperando estado DELIVERY_ACK para msgId 3EB06B64115D51D34D650A","stack":"Error: Tiempo agotado esperando estado DELIVERY_ACK para msgId 3EB06B64115D51D34D650A\n    at Timeout._onTimeout (file:///C:/Users/via/Downloads/KENIA/whatsapp-backend/src/server.js:179:19)\n    at listOnTimeout (node:internal/timers:605:17)\n    at process.processTimers (node:internal/timers:541:7)","code":"DELIVERY_TIMEOUT"},"msg":"Error in WhatsApp send route"}
{"level":30,"time":1771623669263,"pid":12596,"hostname":"DESKTOP-BV1E0F4","method":"POST","url":"/send-message","msg":"Incoming WhatsApp send-message request"}
{"level":30,"time":1771623669264,"pid":12596,"hostname":"DESKTOP-BV1E0F4","jid":"51953576234@s.whatsapp.net","text":"hola","hasFile":false,"msg":"Intentando enviar mensaje"}
{"level":30,"time":1771623669501,"pid":12596,"hostname":"DESKTOP-BV1E0F4","jid":"51953576234@s.whatsapp.net","msgId":"3EB0B8AD4BFD481D04F258","msg":"Texto enviado con exito"}
Closing session: SessionEntry {
  _chains: {
    BYCMpRBvoU11bYJW4ZqNTSV4xLpZOpPGA5aAy35LnXg3: { chainKey: [Object], chainType: 1, messageKeys: {} }
  },
  registrationId: 613653096,
  currentRatchet: {
    ephemeralKeyPair: {
      pubKey: <Buffer 05 80 8c a5 10 6f a1 4d 75 6d 82 56 e1 9a 8d 4d 25 78 c4 ba 59 3a 93 c6 03 96 80 cb 7e 4b 9d 78 37>,
      privKey: <Buffer 18 84 59 48 01 b5 11 8b 21 f2 af bd 2e 21 85 30 ab 02 cd 44 44 3c b5 32 21 60 02 9e bd 30 34 65>
    },
    lastRemoteEphemeralKey: <Buffer 05 0f b3 e5 dc 6a 98 a8 cb b0 99 05 58 a9 24 a1 0b ec b7 17 55 d2 e4 66 9e 18 19 7a 67 a3 53 aa 56>,
    previousCounter: 0,
    rootKey: <Buffer 3a f5 84 bb b8 52 23 e1 2c 51 f9 d1 65 7c 10 ef a7 ff 1c e1 c1 cb 8a 25 db 29 20 db 92 e1 e7 45>
  },
  indexInfo: {
    baseKey: <Buffer 05 71 0c 96 67 6a 8b fa e8 9c a4 48 80 89 b5 50 a5 99 8e ee e5 91 ba ab ca 8f 8f df 53 11 24 0e 18>,
    baseKeyType: 1,
    closed: -1,
    used: 1771623626930,
    created: 1771623626930,
    remoteIdentityKey: <Buffer 05 21 01 0d d6 ae b9 34 a6 21 23 60 5d d0 90 4d e2 72 bf cf 78 e1 39 26 4b da a9 04 0f 73 06 8f 02>
  },
  pendingPreKey: {
    signedKeyId: 11563340,
    baseKey: <Buffer 05 71 0c 96 67 6a 8b fa e8 9c a4 48 80 89 b5 50 a5 99 8e ee e5 91 ba ab ca 8f 8f df 53 11 24 0e 18>
  }
}
Closing session: SessionEntry {
  _chains: {
    'BYo2DcVgcUSJjH+XmEEVUwsMd9ADb8mrjk7N6rmqyHp+': { chainKey: [Object], chainType: 1, messageKeys: {} }
  },
  registrationId: 2184,
  currentRatchet: {
    ephemeralKeyPair: {
      pubKey: <Buffer 05 8a 36 0d c5 60 71 44 89 8c 7f 97 98 41 15 53 0b 0c 77 d0 03 6f c9 ab 8e 4e cd ea b9 aa c8 7a 7e>,
      privKey: <Buffer b8 8b 2a ea 06 40 1d 53 db bb ef 2f 3e ea e4 b8 36 dd e1 9a 26 cd 72 88 62 f8 2d 8f 1c 85 3f 5b>
    },
    lastRemoteEphemeralKey: <Buffer 05 4e 62 8f 94 24 32 f2 53 31 08 22 da 1e c5 63 ec 26 ca 0b 74 1b 0e f0 da 2e 60 42 0f b9 2f 54 56>,
    previousCounter: 0,
    rootKey: <Buffer da db ed 70 3a 26 8b 4a 3c 79 06 b2 49 20 2d 9e d8 10 8f 95 79 07 10 d5 d9 ba 6a 75 f2 9f 84 f1>
  },
  indexInfo: {
    baseKey: <Buffer 05 a5 0e 3c 6a b4 e6 ed 7d ec ea bf 58 0d 0d 74 b6 7d af 0f 73 ca 28 e9 35 f6 58 41 63 db ff e9 7a>,
    baseKeyType: 1,
    closed: -1,
    used: 1771622881037,
    created: 1771622881037,
    remoteIdentityKey: <Buffer 05 dc 40 3a 5d 4a b4 1f 23 91 bb 37 d3 76 00 06 78 fd 4f 9c 83 77 81 f2 38 5a 29 8a 70 ea 1f 14 0e>
  },
  pendingPreKey: {
    signedKeyId: 1,
    baseKey: <Buffer 05 a5 0e 3c 6a b4 e6 ed 7d ec ea bf 58 0d 0d 74 b6 7d af 0f 73 ca 28 e9 35 f6 58 41 63 db ff e9 7a>,
    preKeyId: 1466
  }
}
{"level":30,"time":1771623670175,"pid":12596,"hostname":"DESKTOP-BV1E0F4","jid":"24151121240118@lid","msgId":"3EB0B8AD4BFD481D04F258","status":2,"statusText":"DELIVERY_ACK","kind":"text","fileName":null,"msg":"Estado mensaje saliente"}
Closing session: SessionEntry {
  _chains: {
    'BYrtbMZjgZFAQV4O+l3sSruCZij9rdjF8Doq5its3nQt': { chainKey: [Object], chainType: 1, messageKeys: {} }
  },
  registrationId: 1427989215,
  currentRatchet: {
    ephemeralKeyPair: {
      pubKey: <Buffer 05 8a ed 6c c6 63 81 91 40 41 5e 0e fa 5d ec 4a bb 82 66 28 fd ad d8 c5 f0 3a 2a e6 2b 6c de 74 2d>,
      privKey: <Buffer 90 ff 4c af 4c e1 64 49 f2 3d 73 44 e8 52 9f 4b 3e b0 34 6d 0c 13 81 d0 c8 37 84 16 91 39 e5 5f>
    },
    lastRemoteEphemeralKey: <Buffer 05 ab 14 f4 18 6a 3d 2f 0c df 33 41 08 3c a2 e5 70 d7 9a a9 cb d3 4d 56 b4 19 a3 7a c7 d5 6d b7 0a>,
    previousCounter: 0,
    rootKey: <Buffer d7 7c ce 0c 64 1e 3b 09 44 37 78 e8 13 cd 13 d6 a6 b1 64 fd 30 da 84 be 55 15 4d 2a 6e 4f fa 92>
  },
  indexInfo: {
    baseKey: <Buffer 05 60 ed 57 0b a1 63 24 22 06 44 bf 51 12 e8 30 4c 1b 30 ed 7e ec b2 dc 4c 86 38 64 2c 80 7e 24 52>,
    baseKeyType: 1,
    closed: -1,
    used: 1771622501975,
    created: 1771622501975,
    remoteIdentityKey: <Buffer 05 ab 30 eb 18 65 0e ad c1 91 cb b0 c2 58 98 a6 ad a9 03 7f 85 07 aa 2f 76 d9 f0 76 80 54 86 3d 17>
  },
  pendingPreKey: {
    signedKeyId: 11226504,
    baseKey: <Buffer 05 60 ed 57 0b a1 63 24 22 06 44 bf 51 12 e8 30 4c 1b 30 ed 7e ec b2 dc 4c 86 38 64 2c 80 7e 24 52>,
    preKeyId: 13367287
  }
}
Failed to decrypt message with any known session...
Session error:Error: Bad MAC Error: Bad MAC
    at Object.verifyMAC (C:\Users\via\Downloads\KENIA\whatsapp-backend\node_modules\libsignal\src\crypto.js:87:15)
    at SessionCipher.doDecryptWhisperMessage (C:\Users\via\Downloads\KENIA\whatsapp-backend\node_modules\libsignal\src\session_cipher.js:250:16)
    at async SessionCipher.decryptWithSessions (C:\Users\via\Downloads\KENIA\whatsapp-backend\node_modules\libsignal\src\session_cipher.js:147:29)
    at async 88296692695219.0 [as awaitable] (C:\Users\via\Downloads\KENIA\whatsapp-backend\node_modules\libsignal\src\session_cipher.js:171:28)
    at async _asyncQueueExecutor (C:\Users\via\Downloads\KENIA\whatsapp-backend\node_modules\libsignal\src\queue_job.js:20:29)
{"level":30,"time":1771623699010,"pid":12596,"hostname":"DESKTOP-BV1E0F4","jid":"24151121240118:20@lid","msgId":"A51A6F7E350757B4E724BE461B4E953D","status":3,"statusText":"READ","kind":null,"fileName":null,"msg":"Estado mensaje saliente"}
{"level":30,"time":1771623699061,"pid":12596,"hostname":"DESKTOP-BV1E0F4","jid":"24151121240118@lid","msgId":"A51A6F7E350757B4E724BE461B4E953D","status":3,"statusText":"READ","kind":null,"fileName":null,"msg":"Estado mensaje saliente"}
{"level":30,"time":1771623699211,"pid":12596,"hostname":"DESKTOP-BV1E0F4","jid":"51953576234:20@s.whatsapp.net","msgId":"A51A6F7E350757B4E724BE461B4E953D","status":4,"statusText":"PLAYED","kind":null,"fileName":null,"msg":"Estado mensaje saliente"}
Failed to decrypt message with any known session...
Session error:Error: Bad MAC Error: Bad MAC
    at Object.verifyMAC (C:\Users\via\Downloads\KENIA\whatsapp-backend\node_modules\libsignal\src\crypto.js:87:15)
    at SessionCipher.doDecryptWhisperMessage (C:\Users\via\Downloads\KENIA\whatsapp-backend\node_modules\libsignal\src\session_cipher.js:250:16)
    at async SessionCipher.decryptWithSessions (C:\Users\via\Downloads\KENIA\whatsapp-backend\node_modules\libsignal\src\session_cipher.js:147:29)
    at async 88296692695219.0 [as awaitable] (C:\Users\via\Downloads\KENIA\whatsapp-backend\node_modules\libsignal\src\session_cipher.js:171:28)
    at async _asyncQueueExecutor (C:\Users\via\Downloads\KENIA\whatsapp-backend\node_modules\libsignal\src\queue_job.js:20:29)
Closing open session in favor of incoming prekey bundle
Closing session: SessionEntry {
  _chains: {
    Baf6mh8kgWhgI1hphUGJIl2t67fbZjhVbm14ur4Gnqpr: { chainKey: [Object], chainType: 2, messageKeys: {} },
    BecrcvuKVSnPw6o3AmpnuzOAi1RoYvbKPK719VEwxip5: { chainKey: [Object], chainType: 1, messageKeys: {} }
  },
  registrationId: 2052356629,
  currentRatchet: {
    ephemeralKeyPair: {
      pubKey: <Buffer 05 e7 2b 72 fb 8a 55 29 cf c3 aa 37 02 6a 67 bb 33 80 8b 54 68 62 f6 ca 3c ae f5 f5 51 30 c6 2a 79>,
      privKey: <Buffer 08 d4 79 ba 59 61 85 0f 55 14 ad fd 33 c7 69 ff 76 07 d0 21 c9 87 56 42 d6 03 ec f4 de 97 d6 75>
    },
    lastRemoteEphemeralKey: <Buffer 05 a7 fa 9a 1f 24 81 68 60 23 58 69 85 41 89 22 5d ad eb b7 db 66 38 55 6e 6d 78 ba be 06 9e aa 6b>,
    previousCounter: 0,
    rootKey: <Buffer cc 8a 53 f2 d9 aa d5 91 c7 8a 85 90 d1 14 25 dd 68 47 fa 4b 5b 0e 94 54 c7 68 22 00 51 65 5f a2>
  },
  indexInfo: {
    baseKey: <Buffer 05 05 ba c3 ab 1b 21 35 65 0b 6d 9a 25 ca cb 5b 63 38 ea a8 ab de 73 1a 49 5f 11 de 90 0b 5a 9f 2d>,
    baseKeyType: 2,
    closed: -1,
    used: 1771622809562,
    created: 1771622809562,
    remoteIdentityKey: <Buffer 05 fb 03 bd ac b0 49 39 12 d7 80 8c ae a1 67 07 14 4b 3f ea 79 ae 29 03 46 e4 2a 71 bb 92 8d 34 0b>
  }
}
{"level":30,"time":1771623819322,"pid":12596,"hostname":"DESKTOP-BV1E0F4","jid":"79689309782140@lid","msgId":"3EB08D31FCE94F37D27C1A","status":4,"statusText":"PLAYED","kind":null,"fileName":null,"msg":"Estado mensaje saliente"}
{"level":30,"time":1771623819322,"pid":12596,"hostname":"DESKTOP-BV1E0F4","jid":"79689309782140@lid","msgId":"3EB01FDC87222FC249CA90","status":4,"statusText":"PLAYED","kind":null,"fileName":null,"msg":"Estado mensaje saliente"}
{"level":30,"time":1771623819322,"pid":12596,"hostname":"DESKTOP-BV1E0F4","jid":"79689309782140@lid","msgId":"3EB02001AFF4C189A637DC","status":4,"statusText":"PLAYED","kind":null,"fileName":null,"msg":"Estado mensaje saliente"}

> kenia-call-bridge-skeleton@0.1.0 start:whatsapp
> npm --prefix whatsapp-backend run start


> kenia-whatsapp-backend@0.1.0 start
> node src/server.js

{"level":30,"time":1771624602785,"pid":18608,"hostname":"DESKTOP-BV1E0F4","msg":"WhatsApp backend escuchando en http://0.0.0.0:3010"}
⚠️ The printQRInTerminal option has been deprecated. You will no longer receive QR codes in the terminal automatically. Please listen to the connection.update event yourself and handle the QR your way. You can remove this message by removing this opttion. This message will be removed in a future version.
{"level":30,"time":1771624603773,"pid":18608,"hostname":"DESKTOP-BV1E0F4","user":"51917313107:39@s.whatsapp.net","name":"Alonso Huancas","msg":"WhatsApp vinculado"}
{"level":40,"time":1771630319914,"pid":18608,"hostname":"DESKTOP-BV1E0F4","statusCode":503,"shouldReconnect":true,"msg":"Conexion WhatsApp cerrada"}
⚠️ The printQRInTerminal option has been deprecated. You will no longer receive QR codes in the terminal automatically. Please listen to the connection.update event yourself and handle the QR your way. You can remove this message by removing this opttion. This message will be removed in a future version.
{"level":30,"time":1771630324058,"pid":18608,"hostname":"DESKTOP-BV1E0F4","user":"51917313107:39@s.whatsapp.net","name":"Alonso Huancas","msg":"WhatsApp vinculado"}
Failed to decrypt message with any known session...
Session error:Error: Bad MAC Error: Bad MAC
    at Object.verifyMAC (C:\Users\via\Downloads\KENIA\whatsapp-backend\node_modules\libsignal\src\crypto.js:87:15)
    at SessionCipher.doDecryptWhisperMessage (C:\Users\via\Downloads\KENIA\whatsapp-backend\node_modules\libsignal\src\session_cipher.js:250:16)
    at async SessionCipher.decryptWithSessions (C:\Users\via\Downloads\KENIA\whatsapp-backend\node_modules\libsignal\src\session_cipher.js:147:29)
    at async 88296692695219.0 [as awaitable] (C:\Users\via\Downloads\KENIA\whatsapp-backend\node_modules\libsignal\src\session_cipher.js:171:28)
    at async _asyncQueueExecutor (C:\Users\via\Downloads\KENIA\whatsapp-backend\node_modules\libsignal\src\queue_job.js:20:29)
Session error:Error: Bad MAC Error: Bad MAC
    at Object.verifyMAC (C:\Users\via\Downloads\KENIA\whatsapp-backend\node_modules\libsignal\src\crypto.js:87:15)
    at SessionCipher.doDecryptWhisperMessage (C:\Users\via\Downloads\KENIA\whatsapp-backend\node_modules\libsignal\src\session_cipher.js:250:16)
    at async SessionCipher.decryptWithSessions (C:\Users\via\Downloads\KENIA\whatsapp-backend\node_modules\libsignal\src\session_cipher.js:147:29)
    at async 88296692695219.0 [as awaitable] (C:\Users\via\Downloads\KENIA\whatsapp-backend\node_modules\libsignal\src\session_cipher.js:171:28)
    at async _asyncQueueExecutor (C:\Users\via\Downloads\KENIA\whatsapp-backend\node_modules\libsignal\src\queue_job.js:20:29)
Failed to decrypt message with any known session...
Session error:Error: Bad MAC Error: Bad MAC
    at Object.verifyMAC (C:\Users\via\Downloads\KENIA\whatsapp-backend\node_modules\libsignal\src\crypto.js:87:15)
    at SessionCipher.doDecryptWhisperMessage (C:\Users\via\Downloads\KENIA\whatsapp-backend\node_modules\libsignal\src\session_cipher.js:250:16)
    at async SessionCipher.decryptWithSessions (C:\Users\via\Downloads\KENIA\whatsapp-backend\node_modules\libsignal\src\session_cipher.js:147:29)
    at async 88296692695219.0 [as awaitable] (C:\Users\via\Downloads\KENIA\whatsapp-backend\node_modules\libsignal\src\session_cipher.js:171:28)
    at async _asyncQueueExecutor (C:\Users\via\Downloads\KENIA\whatsapp-backend\node_modules\libsignal\src\queue_job.js:20:29)
Session error:Error: Bad MAC Error: Bad MAC
    at Object.verifyMAC (C:\Users\via\Downloads\KENIA\whatsapp-backend\node_modules\libsignal\src\crypto.js:87:15)
    at SessionCipher.doDecryptWhisperMessage (C:\Users\via\Downloads\KENIA\whatsapp-backend\node_modules\libsignal\src\session_cipher.js:250:16)
    at async SessionCipher.decryptWithSessions (C:\Users\via\Downloads\KENIA\whatsapp-backend\node_modules\libsignal\src\session_cipher.js:147:29)
    at async 88296692695219.0 [as awaitable] (C:\Users\via\Downloads\KENIA\whatsapp-backend\node_modules\libsignal\src\session_cipher.js:171:28)
    at async _asyncQueueExecutor (C:\Users\via\Downloads\KENIA\whatsapp-backend\node_modules\libsignal\src\queue_job.js:20:29)
Failed to decrypt message with any known session...
Session error:Error: Bad MAC Error: Bad MAC
    at Object.verifyMAC (C:\Users\via\Downloads\KENIA\whatsapp-backend\node_modules\libsignal\src\crypto.js:87:15)
    at SessionCipher.doDecryptWhisperMessage (C:\Users\via\Downloads\KENIA\whatsapp-backend\node_modules\libsignal\src\session_cipher.js:250:16)
    at async SessionCipher.decryptWithSessions (C:\Users\via\Downloads\KENIA\whatsapp-backend\node_modules\libsignal\src\session_cipher.js:147:29)
    at async 88296692695219.0 [as awaitable] (C:\Users\via\Downloads\KENIA\whatsapp-backend\node_modules\libsignal\src\session_cipher.js:171:28)
    at async _asyncQueueExecutor (C:\Users\via\Downloads\KENIA\whatsapp-backend\node_modules\libsignal\src\queue_job.js:20:29)
Session error:Error: Bad MAC Error: Bad MAC
    at Object.verifyMAC (C:\Users\via\Downloads\KENIA\whatsapp-backend\node_modules\libsignal\src\crypto.js:87:15)
    at SessionCipher.doDecryptWhisperMessage (C:\Users\via\Downloads\KENIA\whatsapp-backend\node_modules\libsignal\src\session_cipher.js:250:16)
    at async SessionCipher.decryptWithSessions (C:\Users\via\Downloads\KENIA\whatsapp-backend\node_modules\libsignal\src\session_cipher.js:147:29)
    at async 88296692695219.0 [as awaitable] (C:\Users\via\Downloads\KENIA\whatsapp-backend\node_modules\libsignal\src\session_cipher.js:171:28)
    at async _asyncQueueExecutor (C:\Users\via\Downloads\KENIA\whatsapp-backend\node_modules\libsignal\src\queue_job.js:20:29)
Failed to decrypt message with any known session...
Session error:Error: Bad MAC Error: Bad MAC
    at Object.verifyMAC (C:\Users\via\Downloads\KENIA\whatsapp-backend\node_modules\libsignal\src\crypto.js:87:15)
    at SessionCipher.doDecryptWhisperMessage (C:\Users\via\Downloads\KENIA\whatsapp-backend\node_modules\libsignal\src\session_cipher.js:250:16)
    at async SessionCipher.decryptWithSessions (C:\Users\via\Downloads\KENIA\whatsapp-backend\node_modules\libsignal\src\session_cipher.js:147:29)
    at async 88296692695219.0 [as awaitable] (C:\Users\via\Downloads\KENIA\whatsapp-backend\node_modules\libsignal\src\session_cipher.js:171:28)
    at async _asyncQueueExecutor (C:\Users\via\Downloads\KENIA\whatsapp-backend\node_modules\libsignal\src\queue_job.js:20:29)
Session error:Error: Bad MAC Error: Bad MAC
    at Object.verifyMAC (C:\Users\via\Downloads\KENIA\whatsapp-backend\node_modules\libsignal\src\crypto.js:87:15)
    at SessionCipher.doDecryptWhisperMessage (C:\Users\via\Downloads\KENIA\whatsapp-backend\node_modules\libsignal\src\session_cipher.js:250:16)
    at async SessionCipher.decryptWithSessions (C:\Users\via\Downloads\KENIA\whatsapp-backend\node_modules\libsignal\src\session_cipher.js:147:29)
    at async 88296692695219.0 [as awaitable] (C:\Users\via\Downloads\KENIA\whatsapp-backend\node_modules\libsignal\src\session_cipher.js:171:28)
    at async _asyncQueueExecutor (C:\Users\via\Downloads\KENIA\whatsapp-backend\node_modules\libsignal\src\queue_job.js:20:29)
{"level":30,"time":1771631221889,"pid":18608,"hostname":"DESKTOP-BV1E0F4","jid":"79689309782140@lid","msgId":"A5CA7371859853CC6B87333D488AEE82","status":3,"statusText":"READ","kind":null,"fileName":null,"msg":"Estado mensaje saliente"}
{"level":30,"time":1771631221892,"pid":18608,"hostname":"DESKTOP-BV1E0F4","jid":"79689309782140@lid","msgId":"A56FD0BEF2302D4C35836A0DE5B2F76C","status":3,"statusText":"READ","kind":null,"fileName":null,"msg":"Estado mensaje saliente"}
{"level":30,"time":1771631221894,"pid":18608,"hostname":"DESKTOP-BV1E0F4","jid":"79689309782140@lid","msgId":"A5771BA08CA82D6F05D8CAF241197FBE","status":3,"statusText":"READ","kind":null,"fileName":null,"msg":"Estado mensaje saliente"}
Failed to decrypt message with any known session...
Session error:Error: Bad MAC Error: Bad MAC
    at Object.verifyMAC (C:\Users\via\Downloads\KENIA\whatsapp-backend\node_modules\libsignal\src\crypto.js:87:15)
    at SessionCipher.doDecryptWhisperMessage (C:\Users\via\Downloads\KENIA\whatsapp-backend\node_modules\libsignal\src\session_cipher.js:250:16)
    at async SessionCipher.decryptWithSessions (C:\Users\via\Downloads\KENIA\whatsapp-backend\node_modules\libsignal\src\session_cipher.js:147:29)
    at async 88296692695219.0 [as awaitable] (C:\Users\via\Downloads\KENIA\whatsapp-backend\node_modules\libsignal\src\session_cipher.js:171:28)
    at async _asyncQueueExecutor (C:\Users\via\Downloads\KENIA\whatsapp-backend\node_modules\libsignal\src\queue_job.js:20:29)
Session error:Error: Bad MAC Error: Bad MAC
    at Object.verifyMAC (C:\Users\via\Downloads\KENIA\whatsapp-backend\node_modules\libsignal\src\crypto.js:87:15)
    at SessionCipher.doDecryptWhisperMessage (C:\Users\via\Downloads\KENIA\whatsapp-backend\node_modules\libsignal\src\session_cipher.js:250:16)
    at async SessionCipher.decryptWithSessions (C:\Users\via\Downloads\KENIA\whatsapp-backend\node_modules\libsignal\src\session_cipher.js:147:29)
    at async 88296692695219.0 [as awaitable] (C:\Users\via\Downloads\KENIA\whatsapp-backend\node_modules\libsignal\src\session_cipher.js:171:28)
    at async _asyncQueueExecutor (C:\Users\via\Downloads\KENIA\whatsapp-backend\node_modules\libsignal\src\queue_job.js:20:29)
Failed to decrypt message with any known session...
Session error:Error: Bad MAC Error: Bad MAC
    at Object.verifyMAC (C:\Users\via\Downloads\KENIA\whatsapp-backend\node_modules\libsignal\src\crypto.js:87:15)
    at SessionCipher.doDecryptWhisperMessage (C:\Users\via\Downloads\KENIA\whatsapp-backend\node_modules\libsignal\src\session_cipher.js:250:16)
    at async SessionCipher.decryptWithSessions (C:\Users\via\Downloads\KENIA\whatsapp-backend\node_modules\libsignal\src\session_cipher.js:147:29)
    at async 88296692695219.0 [as awaitable] (C:\Users\via\Downloads\KENIA\whatsapp-backend\node_modules\libsignal\src\session_cipher.js:171:28)
    at async _asyncQueueExecutor (C:\Users\via\Downloads\KENIA\whatsapp-backend\node_modules\libsignal\src\queue_job.js:20:29)
Session error:Error: Bad MAC Error: Bad MAC
    at Object.verifyMAC (C:\Users\via\Downloads\KENIA\whatsapp-backend\node_modules\libsignal\src\crypto.js:87:15)
    at SessionCipher.doDecryptWhisperMessage (C:\Users\via\Downloads\KENIA\whatsapp-backend\node_modules\libsignal\src\session_cipher.js:250:16)
    at async SessionCipher.decryptWithSessions (C:\Users\via\Downloads\KENIA\whatsapp-backend\node_modules\libsignal\src\session_cipher.js:147:29)
    at async 88296692695219.0 [as awaitable] (C:\Users\via\Downloads\KENIA\whatsapp-backend\node_modules\libsignal\src\session_cipher.js:171:28)
    at async _asyncQueueExecutor (C:\Users\via\Downloads\KENIA\whatsapp-backend\node_modules\libsignal\src\queue_job.js:20:29)
Closing open session in favor of incoming prekey bundle
Closing session: SessionEntry {
  _chains: {
    BSTiLxPIqkxx9n2BaofJA9bdxXjXLlUBsQBS82bXNAEH: { chainKey: [Object], chainType: 2, messageKeys: {} },
    'BZmOSlR1O2xaBJw/zib1UId9sBue2wWguevrl1KVqDFU': { chainKey: [Object], chainType: 1, messageKeys: {} }
  },
  registrationId: 2052356629,
  currentRatchet: {
    ephemeralKeyPair: {
      pubKey: <Buffer 05 99 8e 4a 54 75 3b 6c 5a 04 9c 3f ce 26 f5 50 87 7d b0 1b 9e db 05 a0 b9 eb eb 97 52 95 a8 31 54>,
      privKey: <Buffer 10 c6 cf e5 c1 f4 00 5a 38 69 14 d8 4d 1f 17 dd 1e 7a 31 03 fc c1 1c 24 7b ad d9 c8 8d 48 1a 56>
    },
    lastRemoteEphemeralKey: <Buffer 05 24 e2 2f 13 c8 aa 4c 71 f6 7d 81 6a 87 c9 03 d6 dd c5 78 d7 2e 55 01 b1 00 52 f3 66 d7 34 01 07>,
    previousCounter: 0,
    rootKey: <Buffer 8d b9 5b 95 18 02 8b 0b 37 40 3b 03 8d b3 e2 39 b4 4d e1 17 18 86 a0 70 28 30 ad 4f 1c 3a df 9a>
  },
  indexInfo: {
    baseKey: <Buffer 05 fa 97 ef e9 cf 09 2e 34 65 ed 86 45 62 76 0a 50 88 73 a0 41 43 56 ff 5b 76 c3 e6 ca b0 7a d5 27>,
    baseKeyType: 2,
    closed: -1,
    used: 1771623704599,
    created: 1771623704599,
    remoteIdentityKey: <Buffer 05 fb 03 bd ac b0 49 39 12 d7 80 8c ae a1 67 07 14 4b 3f ea 79 ae 29 03 46 e4 2a 71 bb 92 8d 34 0b>
  }
}
Closing open session in favor of incoming prekey bundle
Closing session: SessionEntry {
  _chains: {
    'BblkLW26TxxFswJQikLiKsFo907uHO/MnOq1hnl+Pp1f': { chainKey: [Object], chainType: 2, messageKeys: {} },
    BVyHtJ4cfrPUwlEuFbKLnhiHQLldSudz1CUzTr6UBW94: { chainKey: [Object], chainType: 1, messageKeys: {} }
  },
  registrationId: 2052356629,
  currentRatchet: {
    ephemeralKeyPair: {
      pubKey: <Buffer 05 5c 87 b4 9e 1c 7e b3 d4 c2 51 2e 15 b2 8b 9e 18 87 40 b9 5d 4a e7 73 d4 25 33 4e be 94 05 6f 78>,
      privKey: <Buffer 58 ff 69 12 f3 95 89 42 fc 77 c5 ca c9 68 0e 5e 8b da af 4b b8 47 75 bb 31 29 bc 2b 54 ef 0a 6c>
    },
    lastRemoteEphemeralKey: <Buffer 05 b9 64 2d 6d ba 4f 1c 45 b3 02 50 8a 42 e2 2a c1 68 f7 4e ee 1c ef cc 9c ea b5 86 79 7e 3e 9d 5f>,
    previousCounter: 0,
    rootKey: <Buffer 5b c3 ba 52 d0 96 4f b4 16 e4 cd d6 ce 6a c4 51 cf 4c d2 04 a5 d4 81 c3 ee a8 c4 22 ae 8e 9a d5>
  },
  indexInfo: {
    baseKey: <Buffer 05 42 0c b7 d4 80 de 5c 94 91 eb 29 ff 03 d4 23 9b ec 56 9b 52 6b ca f5 62 65 eb a6 4c b0 4c d9 5d>,
    baseKeyType: 2,
    closed: -1,
    used: 1771631232024,
    created: 1771631232024,
    remoteIdentityKey: <Buffer 05 fb 03 bd ac b0 49 39 12 d7 80 8c ae a1 67 07 14 4b 3f ea 79 ae 29 03 46 e4 2a 71 bb 92 8d 34 0b>
  }
}
Closing open session in favor of incoming prekey bundle
Closing session: SessionEntry {
  _chains: {
    'BaRI6AsfrsJl/NuuH9dRTicXYUGi+Q4HzaMphjUW0tgb': { chainKey: [Object], chainType: 2, messageKeys: {} },
    'BTxCLQi/TYFo2YxsiwyLnG5Fv6sPBk+9FdR95ubDQ7d+': { chainKey: [Object], chainType: 1, messageKeys: {} }
  },
  registrationId: 2052356629,
  currentRatchet: {
    ephemeralKeyPair: {
      pubKey: <Buffer 05 3c 42 2d 08 bf 4d 81 68 d9 8c 6c 8b 0c 8b 9c 6e 45 bf ab 0f 06 4f bd 15 d4 7d e6 e6 c3 43 b7 7e>,
      privKey: <Buffer 50 73 87 3b 83 b9 ca ba df d9 fe bb f6 9b 91 bf 5a 9e 4a 62 c4 f7 1e 7f 36 e9 9d 6b 8c ef 87 5b>
    },
    lastRemoteEphemeralKey: <Buffer 05 a4 48 e8 0b 1f ae c2 65 fc db ae 1f d7 51 4e 27 17 61 41 a2 f9 0e 07 cd a3 29 86 35 16 d2 d8 1b>,
    previousCounter: 0,
    rootKey: <Buffer 0a c5 76 23 4d 4a e2 de ef a7 40 d1 65 66 75 d1 2d 40 67 54 08 19 87 45 91 ee de 42 0f 8b c7 f3>
  },
  indexInfo: {
    baseKey: <Buffer 05 0a 23 1f 90 34 46 c3 8c 5e b1 2c 9f 0c 48 c0 40 76 4a 11 89 d3 ae ab df 30 a2 33 d8 73 96 20 7f>,
    baseKeyType: 2,
    closed: -1,
    used: 1771631232248,
    created: 1771631232248,
    remoteIdentityKey: <Buffer 05 fb 03 bd ac b0 49 39 12 d7 80 8c ae a1 67 07 14 4b 3f ea 79 ae 29 03 46 e4 2a 71 bb 92 8d 34 0b>
  }
}

> kenia-call-bridge-skeleton@0.1.0 start:whatsapp
> npm --prefix whatsapp-backend run start


> kenia-whatsapp-backend@0.1.0 start
> node src/server.js

{"level":30,"time":1771640483639,"pid":15272,"hostname":"DESKTOP-BV1E0F4","msg":"WhatsApp backend escuchando en http://0.0.0.0:3010"}
⚠️ The printQRInTerminal option has been deprecated. You will no longer receive QR codes in the terminal automatically. Please listen to the connection.update event yourself and handle the QR your way. You can remove this message by removing this opttion. This message will be removed in a future version.
{"level":40,"time":1771640484393,"pid":15272,"hostname":"DESKTOP-BV1E0F4","statusCode":401,"shouldReconnect":false,"msg":"Conexion WhatsApp cerrada"}

> kenia-call-bridge-skeleton@0.1.0 start:whatsapp
> npm --prefix whatsapp-backend run start


> kenia-whatsapp-backend@0.1.0 start
> node src/server.js

{"level":30,"time":1771643565823,"pid":9844,"hostname":"DESKTOP-BV1E0F4","msg":"WhatsApp backend escuchando en http://0.0.0.0:3010"}
⚠️ The printQRInTerminal option has been deprecated. You will no longer receive QR codes in the terminal automatically. Please listen to the connection.update event yourself and handle the QR your way. You can remove this message by removing this opttion. This message will be removed in a future version.
{"level":40,"time":1771643728353,"pid":9844,"hostname":"DESKTOP-BV1E0F4","statusCode":408,"shouldReconnect":true,"msg":"Conexion WhatsApp cerrada"}
⚠️ The printQRInTerminal option has been deprecated. You will no longer receive QR codes in the terminal automatically. Please listen to the connection.update event yourself and handle the QR your way. You can remove this message by removing this opttion. This message will be removed in a future version.

> kenia-call-bridge-skeleton@0.1.0 start:whatsapp
> npm --prefix whatsapp-backend run start


> kenia-whatsapp-backend@0.1.0 start
> node src/server.js

{"level":30,"time":1771643767660,"pid":9492,"hostname":"DESKTOP-BV1E0F4","msg":"WhatsApp backend escuchando en http://0.0.0.0:3010"}
⚠️ The printQRInTerminal option has been deprecated. You will no longer receive QR codes in the terminal automatically. Please listen to the connection.update event yourself and handle the QR your way. You can remove this message by removing this opttion. This message will be removed in a future version.
{"level":40,"time":1771643929461,"pid":9492,"hostname":"DESKTOP-BV1E0F4","statusCode":408,"shouldReconnect":true,"msg":"Conexion WhatsApp cerrada"}
⚠️ The printQRInTerminal option has been deprecated. You will no longer receive QR codes in the terminal automatically. Please listen to the connection.update event yourself and handle the QR your way. You can remove this message by removing this opttion. This message will be removed in a future version.
{"level":40,"time":1771644093212,"pid":9492,"hostname":"DESKTOP-BV1E0F4","statusCode":408,"shouldReconnect":true,"msg":"Conexion WhatsApp cerrada"}
⚠️ The printQRInTerminal option has been deprecated. You will no longer receive QR codes in the terminal automatically. Please listen to the connection.update event yourself and handle the QR your way. You can remove this message by removing this opttion. This message will be removed in a future version.
{"level":40,"time":1771644256936,"pid":9492,"hostname":"DESKTOP-BV1E0F4","statusCode":408,"shouldReconnect":true,"msg":"Conexion WhatsApp cerrada"}
⚠️ The printQRInTerminal option has been deprecated. You will no longer receive QR codes in the terminal automatically. Please listen to the connection.update event yourself and handle the QR your way. You can remove this message by removing this opttion. This message will be removed in a future version.
{"level":40,"time":1771644419482,"pid":9492,"hostname":"DESKTOP-BV1E0F4","statusCode":408,"shouldReconnect":true,"msg":"Conexion WhatsApp cerrada"}
⚠️ The printQRInTerminal option has been deprecated. You will no longer receive QR codes in the terminal automatically. Please listen to the connection.update event yourself and handle the QR your way. You can remove this message by removing this opttion. This message will be removed in a future version.
{"level":40,"time":1771644581946,"pid":9492,"hostname":"DESKTOP-BV1E0F4","statusCode":408,"shouldReconnect":true,"msg":"Conexion WhatsApp cerrada"}
⚠️ The printQRInTerminal option has been deprecated. You will no longer receive QR codes in the terminal automatically. Please listen to the connection.update event yourself and handle the QR your way. You can remove this message by removing this opttion. This message will be removed in a future version.
{"level":40,"time":1771644745123,"pid":9492,"hostname":"DESKTOP-BV1E0F4","statusCode":408,"shouldReconnect":true,"msg":"Conexion WhatsApp cerrada"}
⚠️ The printQRInTerminal option has been deprecated. You will no longer receive QR codes in the terminal automatically. Please listen to the connection.update event yourself and handle the QR your way. You can remove this message by removing this opttion. This message will be removed in a future version.
{"level":40,"time":1771644907739,"pid":9492,"hostname":"DESKTOP-BV1E0F4","statusCode":408,"shouldReconnect":true,"msg":"Conexion WhatsApp cerrada"}
⚠️ The printQRInTerminal option has been deprecated. You will no longer receive QR codes in the terminal automatically. Please listen to the connection.update event yourself and handle the QR your way. You can remove this message by removing this opttion. This message will be removed in a future version.
{"level":40,"time":1771645070140,"pid":9492,"hostname":"DESKTOP-BV1E0F4","statusCode":408,"shouldReconnect":true,"msg":"Conexion WhatsApp cerrada"}
⚠️ The printQRInTerminal option has been deprecated. You will no longer receive QR codes in the terminal automatically. Please listen to the connection.update event yourself and handle the QR your way. You can remove this message by removing this opttion. This message will be removed in a future version.
{"level":40,"time":1771645233541,"pid":9492,"hostname":"DESKTOP-BV1E0F4","statusCode":408,"shouldReconnect":true,"msg":"Conexion WhatsApp cerrada"}
⚠️ The printQRInTerminal option has been deprecated. You will no longer receive QR codes in the terminal automatically. Please listen to the connection.update event yourself and handle the QR your way. You can remove this message by removing this opttion. This message will be removed in a future version.
{"level":40,"time":1771645396842,"pid":9492,"hostname":"DESKTOP-BV1E0F4","statusCode":408,"shouldReconnect":true,"msg":"Conexion WhatsApp cerrada"}
⚠️ The printQRInTerminal option has been deprecated. You will no longer receive QR codes in the terminal automatically. Please listen to the connection.update event yourself and handle the QR your way. You can remove this message by removing this opttion. This message will be removed in a future version.
{"level":40,"time":1771645559239,"pid":9492,"hostname":"DESKTOP-BV1E0F4","statusCode":408,"shouldReconnect":true,"msg":"Conexion WhatsApp cerrada"}
⚠️ The printQRInTerminal option has been deprecated. You will no longer receive QR codes in the terminal automatically. Please listen to the connection.update event yourself and handle the QR your way. You can remove this message by removing this opttion. This message will be removed in a future version.
{"level":40,"time":1771645721830,"pid":9492,"hostname":"DESKTOP-BV1E0F4","statusCode":408,"shouldReconnect":true,"msg":"Conexion WhatsApp cerrada"}
⚠️ The printQRInTerminal option has been deprecated. You will no longer receive QR codes in the terminal automatically. Please listen to the connection.update event yourself and handle the QR your way. You can remove this message by removing this opttion. This message will be removed in a future version.
{"level":40,"time":1771645885107,"pid":9492,"hostname":"DESKTOP-BV1E0F4","statusCode":408,"shouldReconnect":true,"msg":"Conexion WhatsApp cerrada"}
⚠️ The printQRInTerminal option has been deprecated. You will no longer receive QR codes in the terminal automatically. Please listen to the connection.update event yourself and handle the QR your way. You can remove this message by removing this opttion. This message will be removed in a future version.
{"level":40,"time":1771646047438,"pid":9492,"hostname":"DESKTOP-BV1E0F4","statusCode":408,"shouldReconnect":true,"msg":"Conexion WhatsApp cerrada"}
⚠️ The printQRInTerminal option has been deprecated. You will no longer receive QR codes in the terminal automatically. Please listen to the connection.update event yourself and handle the QR your way. You can remove this message by removing this opttion. This message will be removed in a future version.
{"level":40,"time":1771646209672,"pid":9492,"hostname":"DESKTOP-BV1E0F4","statusCode":408,"shouldReconnect":true,"msg":"Conexion WhatsApp cerrada"}
⚠️ The printQRInTerminal option has been deprecated. You will no longer receive QR codes in the terminal automatically. Please listen to the connection.update event yourself and handle the QR your way. You can remove this message by removing this opttion. This message will be removed in a future version.
{"level":40,"time":1771646372090,"pid":9492,"hostname":"DESKTOP-BV1E0F4","statusCode":408,"shouldReconnect":true,"msg":"Conexion WhatsApp cerrada"}
⚠️ The printQRInTerminal option has been deprecated. You will no longer receive QR codes in the terminal automatically. Please listen to the connection.update event yourself and handle the QR your way. You can remove this message by removing this opttion. This message will be removed in a future version.
{"level":40,"time":1771688107114,"pid":9492,"hostname":"DESKTOP-BV1E0F4","statusCode":408,"shouldReconnect":true,"msg":"Conexion WhatsApp cerrada"}
⚠️ The printQRInTerminal option has been deprecated. You will no longer receive QR codes in the terminal automatically. Please listen to the connection.update event yourself and handle the QR your way. You can remove this message by removing this opttion. This message will be removed in a future version.
{"level":40,"time":1771688269658,"pid":9492,"hostname":"DESKTOP-BV1E0F4","statusCode":408,"shouldReconnect":true,"msg":"Conexion WhatsApp cerrada"}
⚠️ The printQRInTerminal option has been deprecated. You will no longer receive QR codes in the terminal automatically. Please listen to the connection.update event yourself and handle the QR your way. You can remove this message by removing this opttion. This message will be removed in a future version.
{"level":40,"time":1771688432836,"pid":9492,"hostname":"DESKTOP-BV1E0F4","statusCode":408,"shouldReconnect":true,"msg":"Conexion WhatsApp cerrada"}
⚠️ The printQRInTerminal option has been deprecated. You will no longer receive QR codes in the terminal automatically. Please listen to the connection.update event yourself and handle the QR your way. You can remove this message by removing this opttion. This message will be removed in a future version.
{"level":40,"time":1771688596443,"pid":9492,"hostname":"DESKTOP-BV1E0F4","statusCode":408,"shouldReconnect":true,"msg":"Conexion WhatsApp cerrada"}
⚠️ The printQRInTerminal option has been deprecated. You will no longer receive QR codes in the terminal automatically. Please listen to the connection.update event yourself and handle the QR your way. You can remove this message by removing this opttion. This message will be removed in a future version.
{"level":40,"time":1771688760014,"pid":9492,"hostname":"DESKTOP-BV1E0F4","statusCode":408,"shouldReconnect":true,"msg":"Conexion WhatsApp cerrada"}
⚠️ The printQRInTerminal option has been deprecated. You will no longer receive QR codes in the terminal automatically. Please listen to the connection.update event yourself and handle the QR your way. You can remove this message by removing this opttion. This message will be removed in a future version.
{"level":40,"time":1771688923532,"pid":9492,"hostname":"DESKTOP-BV1E0F4","statusCode":408,"shouldReconnect":true,"msg":"Conexion WhatsApp cerrada"}
⚠️ The printQRInTerminal option has been deprecated. You will no longer receive QR codes in the terminal automatically. Please listen to the connection.update event yourself and handle the QR your way. You can remove this message by removing this opttion. This message will be removed in a future version.
{"level":40,"time":1771689086221,"pid":9492,"hostname":"DESKTOP-BV1E0F4","statusCode":408,"shouldReconnect":true,"msg":"Conexion WhatsApp cerrada"}
⚠️ The printQRInTerminal option has been deprecated. You will no longer receive QR codes in the terminal automatically. Please listen to the connection.update event yourself and handle the QR your way. You can remove this message by removing this opttion. This message will be removed in a future version.
{"level":40,"time":1771689248523,"pid":9492,"hostname":"DESKTOP-BV1E0F4","statusCode":408,"shouldReconnect":true,"msg":"Conexion WhatsApp cerrada"}
⚠️ The printQRInTerminal option has been deprecated. You will no longer receive QR codes in the terminal automatically. Please listen to the connection.update event yourself and handle the QR your way. You can remove this message by removing this opttion. This message will be removed in a future version.
{"level":40,"time":1771689412138,"pid":9492,"hostname":"DESKTOP-BV1E0F4","statusCode":408,"shouldReconnect":true,"msg":"Conexion WhatsApp cerrada"}
⚠️ The printQRInTerminal option has been deprecated. You will no longer receive QR codes in the terminal automatically. Please listen to the connection.update event yourself and handle the QR your way. You can remove this message by removing this opttion. This message will be removed in a future version.
{"level":40,"time":1771689574693,"pid":9492,"hostname":"DESKTOP-BV1E0F4","statusCode":408,"shouldReconnect":true,"msg":"Conexion WhatsApp cerrada"}
⚠️ The printQRInTerminal option has been deprecated. You will no longer receive QR codes in the terminal automatically. Please listen to the connection.update event yourself and handle the QR your way. You can remove this message by removing this opttion. This message will be removed in a future version.
{"level":40,"time":1771689739070,"pid":9492,"hostname":"DESKTOP-BV1E0F4","statusCode":408,"shouldReconnect":true,"msg":"Conexion WhatsApp cerrada"}
⚠️ The printQRInTerminal option has been deprecated. You will no longer receive QR codes in the terminal automatically. Please listen to the connection.update event yourself and handle the QR your way. You can remove this message by removing this opttion. This message will be removed in a future version.
{"level":40,"time":1771689902983,"pid":9492,"hostname":"DESKTOP-BV1E0F4","statusCode":408,"shouldReconnect":true,"msg":"Conexion WhatsApp cerrada"}
⚠️ The printQRInTerminal option has been deprecated. You will no longer receive QR codes in the terminal automatically. Please listen to the connection.update event yourself and handle the QR your way. You can remove this message by removing this opttion. This message will be removed in a future version.
{"level":40,"time":1771690077111,"pid":9492,"hostname":"DESKTOP-BV1E0F4","statusCode":408,"shouldReconnect":true,"msg":"Conexion WhatsApp cerrada"}
⚠️ The printQRInTerminal option has been deprecated. You will no longer receive QR codes in the terminal automatically. Please listen to the connection.update event yourself and handle the QR your way. You can remove this message by removing this opttion. This message will be removed in a future version.
{"level":40,"time":1771690241682,"pid":9492,"hostname":"DESKTOP-BV1E0F4","statusCode":408,"shouldReconnect":true,"msg":"Conexion WhatsApp cerrada"}
⚠️ The printQRInTerminal option has been deprecated. You will no longer receive QR codes in the terminal automatically. Please listen to the connection.update event yourself and handle the QR your way. You can remove this message by removing this opttion. This message will be removed in a future version.
{"level":40,"time":1771690405121,"pid":9492,"hostname":"DESKTOP-BV1E0F4","statusCode":408,"shouldReconnect":true,"msg":"Conexion WhatsApp cerrada"}
⚠️ The printQRInTerminal option has been deprecated. You will no longer receive QR codes in the terminal automatically. Please listen to the connection.update event yourself and handle the QR your way. You can remove this message by removing this opttion. This message will be removed in a future version.
{"level":40,"time":1771690568495,"pid":9492,"hostname":"DESKTOP-BV1E0F4","statusCode":408,"shouldReconnect":true,"msg":"Conexion WhatsApp cerrada"}
⚠️ The printQRInTerminal option has been deprecated. You will no longer receive QR codes in the terminal automatically. Please listen to the connection.update event yourself and handle the QR your way. You can remove this message by removing this opttion. This message will be removed in a future version.
{"level":40,"time":1771690731893,"pid":9492,"hostname":"DESKTOP-BV1E0F4","statusCode":408,"shouldReconnect":true,"msg":"Conexion WhatsApp cerrada"}
⚠️ The printQRInTerminal option has been deprecated. You will no longer receive QR codes in the terminal automatically. Please listen to the connection.update event yourself and handle the QR your way. You can remove this message by removing this opttion. This message will be removed in a future version.
{"level":40,"time":1771690895090,"pid":9492,"hostname":"DESKTOP-BV1E0F4","statusCode":408,"shouldReconnect":true,"msg":"Conexion WhatsApp cerrada"}
⚠️ The printQRInTerminal option has been deprecated. You will no longer receive QR codes in the terminal automatically. Please listen to the connection.update event yourself and handle the QR your way. You can remove this message by removing this opttion. This message will be removed in a future version.
{"level":40,"time":1771691057550,"pid":9492,"hostname":"DESKTOP-BV1E0F4","statusCode":408,"shouldReconnect":true,"msg":"Conexion WhatsApp cerrada"}
⚠️ The printQRInTerminal option has been deprecated. You will no longer receive QR codes in the terminal automatically. Please listen to the connection.update event yourself and handle the QR your way. You can remove this message by removing this opttion. This message will be removed in a future version.
{"level":40,"time":1771691221039,"pid":9492,"hostname":"DESKTOP-BV1E0F4","statusCode":408,"shouldReconnect":true,"msg":"Conexion WhatsApp cerrada"}
⚠️ The printQRInTerminal option has been deprecated. You will no longer receive QR codes in the terminal automatically. Please listen to the connection.update event yourself and handle the QR your way. You can remove this message by removing this opttion. This message will be removed in a future version.
{"level":40,"time":1771691385200,"pid":9492,"hostname":"DESKTOP-BV1E0F4","statusCode":408,"shouldReconnect":true,"msg":"Conexion WhatsApp cerrada"}
⚠️ The printQRInTerminal option has been deprecated. You will no longer receive QR codes in the terminal automatically. Please listen to the connection.update event yourself and handle the QR your way. You can remove this message by removing this opttion. This message will be removed in a future version.
{"level":40,"time":1771691547636,"pid":9492,"hostname":"DESKTOP-BV1E0F4","statusCode":408,"shouldReconnect":true,"msg":"Conexion WhatsApp cerrada"}
⚠️ The printQRInTerminal option has been deprecated. You will no longer receive QR codes in the terminal automatically. Please listen to the connection.update event yourself and handle the QR your way. You can remove this message by removing this opttion. This message will be removed in a future version.
{"level":40,"time":1771691711212,"pid":9492,"hostname":"DESKTOP-BV1E0F4","statusCode":408,"shouldReconnect":true,"msg":"Conexion WhatsApp cerrada"}
⚠️ The printQRInTerminal option has been deprecated. You will no longer receive QR codes in the terminal automatically. Please listen to the connection.update event yourself and handle the QR your way. You can remove this message by removing this opttion. This message will be removed in a future version.
{"level":40,"time":1771691874659,"pid":9492,"hostname":"DESKTOP-BV1E0F4","statusCode":408,"shouldReconnect":true,"msg":"Conexion WhatsApp cerrada"}
⚠️ The printQRInTerminal option has been deprecated. You will no longer receive QR codes in the terminal automatically. Please listen to the connection.update event yourself and handle the QR your way. You can remove this message by removing this opttion. This message will be removed in a future version.
{"level":40,"time":1771692037947,"pid":9492,"hostname":"DESKTOP-BV1E0F4","statusCode":408,"shouldReconnect":true,"msg":"Conexion WhatsApp cerrada"}
⚠️ The printQRInTerminal option has been deprecated. You will no longer receive QR codes in the terminal automatically. Please listen to the connection.update event yourself and handle the QR your way. You can remove this message by removing this opttion. This message will be removed in a future version.
{"level":40,"time":1771692200278,"pid":9492,"hostname":"DESKTOP-BV1E0F4","statusCode":408,"shouldReconnect":true,"msg":"Conexion WhatsApp cerrada"}
⚠️ The printQRInTerminal option has been deprecated. You will no longer receive QR codes in the terminal automatically. Please listen to the connection.update event yourself and handle the QR your way. You can remove this message by removing this opttion. This message will be removed in a future version.
{"level":40,"time":1771692363384,"pid":9492,"hostname":"DESKTOP-BV1E0F4","statusCode":408,"shouldReconnect":true,"msg":"Conexion WhatsApp cerrada"}
⚠️ The printQRInTerminal option has been deprecated. You will no longer receive QR codes in the terminal automatically. Please listen to the connection.update event yourself and handle the QR your way. You can remove this message by removing this opttion. This message will be removed in a future version.
{"level":40,"time":1771692527143,"pid":9492,"hostname":"DESKTOP-BV1E0F4","statusCode":408,"shouldReconnect":true,"msg":"Conexion WhatsApp cerrada"}
⚠️ The printQRInTerminal option has been deprecated. You will no longer receive QR codes in the terminal automatically. Please listen to the connection.update event yourself and handle the QR your way. You can remove this message by removing this opttion. This message will be removed in a future version.
{"level":40,"time":1771692689568,"pid":9492,"hostname":"DESKTOP-BV1E0F4","statusCode":408,"shouldReconnect":true,"msg":"Conexion WhatsApp cerrada"}
⚠️ The printQRInTerminal option has been deprecated. You will no longer receive QR codes in the terminal automatically. Please listen to the connection.update event yourself and handle the QR your way. You can remove this message by removing this opttion. This message will be removed in a future version.
{"level":40,"time":1771692853037,"pid":9492,"hostname":"DESKTOP-BV1E0F4","statusCode":408,"shouldReconnect":true,"msg":"Conexion WhatsApp cerrada"}
⚠️ The printQRInTerminal option has been deprecated. You will no longer receive QR codes in the terminal automatically. Please listen to the connection.update event yourself and handle the QR your way. You can remove this message by removing this opttion. This message will be removed in a future version.
{"level":40,"time":1771693016264,"pid":9492,"hostname":"DESKTOP-BV1E0F4","statusCode":408,"shouldReconnect":true,"msg":"Conexion WhatsApp cerrada"}
⚠️ The printQRInTerminal option has been deprecated. You will no longer receive QR codes in the terminal automatically. Please listen to the connection.update event yourself and handle the QR your way. You can remove this message by removing this opttion. This message will be removed in a future version.
{"level":40,"time":1771693179544,"pid":9492,"hostname":"DESKTOP-BV1E0F4","statusCode":408,"shouldReconnect":true,"msg":"Conexion WhatsApp cerrada"}
⚠️ The printQRInTerminal option has been deprecated. You will no longer receive QR codes in the terminal automatically. Please listen to the connection.update event yourself and handle the QR your way. You can remove this message by removing this opttion. This message will be removed in a future version.
{"level":40,"time":1771693342778,"pid":9492,"hostname":"DESKTOP-BV1E0F4","statusCode":408,"shouldReconnect":true,"msg":"Conexion WhatsApp cerrada"}
⚠️ The printQRInTerminal option has been deprecated. You will no longer receive QR codes in the terminal automatically. Please listen to the connection.update event yourself and handle the QR your way. You can remove this message by removing this opttion. This message will be removed in a future version.
{"level":40,"time":1771693505251,"pid":9492,"hostname":"DESKTOP-BV1E0F4","statusCode":408,"shouldReconnect":true,"msg":"Conexion WhatsApp cerrada"}
⚠️ The printQRInTerminal option has been deprecated. You will no longer receive QR codes in the terminal automatically. Please listen to the connection.update event yourself and handle the QR your way. You can remove this message by removing this opttion. This message will be removed in a future version.
{"level":40,"time":1771693667423,"pid":9492,"hostname":"DESKTOP-BV1E0F4","statusCode":408,"shouldReconnect":true,"msg":"Conexion WhatsApp cerrada"}
⚠️ The printQRInTerminal option has been deprecated. You will no longer receive QR codes in the terminal automatically. Please listen to the connection.update event yourself and handle the QR your way. You can remove this message by removing this opttion. This message will be removed in a future version.
{"level":40,"time":1771693829804,"pid":9492,"hostname":"DESKTOP-BV1E0F4","statusCode":408,"shouldReconnect":true,"msg":"Conexion WhatsApp cerrada"}
⚠️ The printQRInTerminal option has been deprecated. You will no longer receive QR codes in the terminal automatically. Please listen to the connection.update event yourself and handle the QR your way. You can remove this message by removing this opttion. This message will be removed in a future version.
{"level":40,"time":1771693992002,"pid":9492,"hostname":"DESKTOP-BV1E0F4","statusCode":408,"shouldReconnect":true,"msg":"Conexion WhatsApp cerrada"}
⚠️ The printQRInTerminal option has been deprecated. You will no longer receive QR codes in the terminal automatically. Please listen to the connection.update event yourself and handle the QR your way. You can remove this message by removing this opttion. This message will be removed in a future version.
{"level":40,"time":1771694155477,"pid":9492,"hostname":"DESKTOP-BV1E0F4","statusCode":408,"shouldReconnect":true,"msg":"Conexion WhatsApp cerrada"}
⚠️ The printQRInTerminal option has been deprecated. You will no longer receive QR codes in the terminal automatically. Please listen to the connection.update event yourself and handle the QR your way. You can remove this message by removing this opttion. This message will be removed in a future version.
{"level":40,"time":1771694318791,"pid":9492,"hostname":"DESKTOP-BV1E0F4","statusCode":408,"shouldReconnect":true,"msg":"Conexion WhatsApp cerrada"}
⚠️ The printQRInTerminal option has been deprecated. You will no longer receive QR codes in the terminal automatically. Please listen to the connection.update event yourself and handle the QR your way. You can remove this message by removing this opttion. This message will be removed in a future version.
{"level":40,"time":1771694482214,"pid":9492,"hostname":"DESKTOP-BV1E0F4","statusCode":408,"shouldReconnect":true,"msg":"Conexion WhatsApp cerrada"}
⚠️ The printQRInTerminal option has been deprecated. You will no longer receive QR codes in the terminal automatically. Please listen to the connection.update event yourself and handle the QR your way. You can remove this message by removing this opttion. This message will be removed in a future version.
{"level":40,"time":1771694644727,"pid":9492,"hostname":"DESKTOP-BV1E0F4","statusCode":408,"shouldReconnect":true,"msg":"Conexion WhatsApp cerrada"}
⚠️ The printQRInTerminal option has been deprecated. You will no longer receive QR codes in the terminal automatically. Please listen to the connection.update event yourself and handle the QR your way. You can remove this message by removing this opttion. This message will be removed in a future version.
{"level":40,"time":1771694808119,"pid":9492,"hostname":"DESKTOP-BV1E0F4","statusCode":408,"shouldReconnect":true,"msg":"Conexion WhatsApp cerrada"}
⚠️ The printQRInTerminal option has been deprecated. You will no longer receive QR codes in the terminal automatically. Please listen to the connection.update event yourself and handle the QR your way. You can remove this message by removing this opttion. This message will be removed in a future version.
{"level":40,"time":1771694971603,"pid":9492,"hostname":"DESKTOP-BV1E0F4","statusCode":408,"shouldReconnect":true,"msg":"Conexion WhatsApp cerrada"}
⚠️ The printQRInTerminal option has been deprecated. You will no longer receive QR codes in the terminal automatically. Please listen to the connection.update event yourself and handle the QR your way. You can remove this message by removing this opttion. This message will be removed in a future version.
{"level":40,"time":1771694982909,"pid":9492,"hostname":"DESKTOP-BV1E0F4","statusCode":515,"shouldReconnect":true,"msg":"Conexion WhatsApp cerrada"}
⚠️ The printQRInTerminal option has been deprecated. You will no longer receive QR codes in the terminal automatically. Please listen to the connection.update event yourself and handle the QR your way. You can remove this message by removing this opttion. This message will be removed in a future version.
{"level":30,"time":1771694988249,"pid":9492,"hostname":"DESKTOP-BV1E0F4","user":"51953576234:22@s.whatsapp.net","name":"","msg":"WhatsApp vinculado"}
{"level":30,"time":1771695071992,"pid":9492,"hostname":"DESKTOP-BV1E0F4","jid":"51910479408@s.whatsapp.net","msgId":"3EB076C7681BFE83A28195","status":3,"statusText":"READ","kind":null,"fileName":null,"msg":"Estado mensaje saliente"}
{"level":30,"time":1771695072055,"pid":9492,"hostname":"DESKTOP-BV1E0F4","jid":"51910479408@s.whatsapp.net","msgId":"3EB0222B1D6415A08F06B8","status":3,"statusText":"READ","kind":null,"fileName":null,"msg":"Estado mensaje saliente"}
{"level":40,"time":1771695123574,"pid":9492,"hostname":"DESKTOP-BV1E0F4","statusCode":401,"shouldReconnect":false,"msg":"Conexion WhatsApp cerrada"}
⚠️ The printQRInTerminal option has been deprecated. You will no longer receive QR codes in the terminal automatically. Please listen to the connection.update event yourself and handle the QR your way. You can remove this message by removing this opttion. This message will be removed in a future version.
{"level":40,"time":1771695145610,"pid":9492,"hostname":"DESKTOP-BV1E0F4","statusCode":401,"shouldReconnect":false,"msg":"Conexion WhatsApp cerrada"}
⚠️ The printQRInTerminal option has been deprecated. You will no longer receive QR codes in the terminal automatically. Please listen to the connection.update event yourself and handle the QR your way. You can remove this message by removing this opttion. This message will be removed in a future version.
{"level":40,"time":1771695149035,"pid":9492,"hostname":"DESKTOP-BV1E0F4","statusCode":401,"shouldReconnect":false,"msg":"Conexion WhatsApp cerrada"}
⚠️ The printQRInTerminal option has been deprecated. You will no longer receive QR codes in the terminal automatically. Please listen to the connection.update event yourself and handle the QR your way. You can remove this message by removing this opttion. This message will be removed in a future version.
{"level":40,"time":1771695156162,"pid":9492,"hostname":"DESKTOP-BV1E0F4","statusCode":401,"shouldReconnect":false,"msg":"Conexion WhatsApp cerrada"}
⚠️ The printQRInTerminal option has been deprecated. You will no longer receive QR codes in the terminal automatically. Please listen to the connection.update event yourself and handle the QR your way. You can remove this message by removing this opttion. This message will be removed in a future version.
{"level":40,"time":1771695162598,"pid":9492,"hostname":"DESKTOP-BV1E0F4","statusCode":401,"shouldReconnect":false,"msg":"Conexion WhatsApp cerrada"}
⚠️ The printQRInTerminal option has been deprecated. You will no longer receive QR codes in the terminal automatically. Please listen to the connection.update event yourself and handle the QR your way. You can remove this message by removing this opttion. This message will be removed in a future version.
{"level":40,"time":1771695237812,"pid":9492,"hostname":"DESKTOP-BV1E0F4","statusCode":515,"shouldReconnect":true,"msg":"Conexion WhatsApp cerrada"}
⚠️ The printQRInTerminal option has been deprecated. You will no longer receive QR codes in the terminal automatically. Please listen to the connection.update event yourself and handle the QR your way. You can remove this message by removing this opttion. This message will be removed in a future version.
{"level":30,"time":1771695241937,"pid":9492,"hostname":"DESKTOP-BV1E0F4","user":"51953576234:23@s.whatsapp.net","name":"","msg":"WhatsApp vinculado"}
{"level":40,"time":1771695673306,"pid":9492,"hostname":"DESKTOP-BV1E0F4","statusCode":401,"shouldReconnect":false,"msg":"Conexion WhatsApp cerrada"}
⚠️ The printQRInTerminal option has been deprecated. You will no longer receive QR codes in the terminal automatically. Please listen to the connection.update event yourself and handle the QR your way. You can remove this message by removing this opttion. This message will be removed in a future version.
{"level":40,"time":1771695758023,"pid":9492,"hostname":"DESKTOP-BV1E0F4","statusCode":515,"shouldReconnect":true,"msg":"Conexion WhatsApp cerrada"}
⚠️ The printQRInTerminal option has been deprecated. You will no longer receive QR codes in the terminal automatically. Please listen to the connection.update event yourself and handle the QR your way. You can remove this message by removing this opttion. This message will be removed in a future version.
{"level":30,"time":1771695763202,"pid":9492,"hostname":"DESKTOP-BV1E0F4","user":"51953576234:24@s.whatsapp.net","name":"","msg":"WhatsApp vinculado"}
{"level":30,"time":1771695787454,"pid":9492,"hostname":"DESKTOP-BV1E0F4","method":"POST","url":"/send-message","msg":"Incoming WhatsApp send-message request"}
{"level":30,"time":1771695787467,"pid":9492,"hostname":"DESKTOP-BV1E0F4","jid":"51917313107@s.whatsapp.net","text":"Hola mundo","hasFile":false,"msg":"Intentando enviar mensaje"}
Closing session: SessionEntry {
  _chains: {
    'BbyU3CNuG2EbnYka8G/18Ujg1RbZ/83OQVgd2QPRtd9R': { chainKey: [Object], chainType: 2, messageKeys: {} },
    BQtr2Xt6QNb0ig2kNGs5BCxVZRYyo4wn9PcLnld69QBb: { chainKey: [Object], chainType: 1, messageKeys: {} }
  },
  registrationId: 1427989215,
  currentRatchet: {
    ephemeralKeyPair: {
      pubKey: <Buffer 05 0b 6b d9 7b 7a 40 d6 f4 8a 0d a4 34 6b 39 04 2c 55 65 16 32 a3 8c 27 f4 f7 0b 9e 57 7a f5 00 5b>,
      privKey: <Buffer c0 9f 0e a7 ec e2 0a fa 3e 8b 2c ab 5a 5e d8 66 b2 d9 a4 46 f5 b8 71 22 3f 0f 7d 79 79 80 84 67>
    },
    lastRemoteEphemeralKey: <Buffer 05 bc 94 dc 23 6e 1b 61 1b 9d 89 1a f0 6f f5 f1 48 e0 d5 16 d9 ff cd ce 41 58 1d d9 03 d1 b5 df 51>,
    previousCounter: 0,
    rootKey: <Buffer 71 49 c3 f9 f7 a0 69 bf f6 4c 73 53 3e f4 7f 2e 49 2e d7 08 df 5d e0 fb e3 17 1f 03 eb 80 44 e9>
  },
  indexInfo: {
    baseKey: <Buffer 05 05 2f d8 36 d7 81 74 4a 2e a7 35 7e 53 2c cc b7 31 d4 79 db 67 c2 bc e0 51 85 42 c8 b8 f6 dd 6c>,
    baseKeyType: 2,
    closed: -1,
    used: 1771695763387,
    created: 1771695763387,
    remoteIdentityKey: <Buffer 05 ab 30 eb 18 65 0e ad c1 91 cb b0 c2 58 98 a6 ad a9 03 7f 85 07 aa 2f 76 d9 f0 76 80 54 86 3d 17>
  }
}
{"level":30,"time":1771695789257,"pid":9492,"hostname":"DESKTOP-BV1E0F4","jid":"51917313107@s.whatsapp.net","msgId":"3EB05A284BBE8FB9B74C7B","msg":"Texto enviado con exito"}
{"level":30,"time":1771695789704,"pid":9492,"hostname":"DESKTOP-BV1E0F4","jid":"88296692695219@lid","msgId":"3EB05A284BBE8FB9B74C7B","status":2,"statusText":"DELIVERY_ACK","kind":"text","fileName":null,"msg":"Estado mensaje saliente"}
{"level":30,"time":1771695789847,"pid":9492,"hostname":"DESKTOP-BV1E0F4","jid":"51917313107:99@hosted","msgId":"3EB05A284BBE8FB9B74C7B","status":3,"statusText":"READ","kind":"text","fileName":null,"msg":"Estado mensaje saliente"}
{"level":30,"time":1771695790577,"pid":9492,"hostname":"DESKTOP-BV1E0F4","jid":"51917313107@s.whatsapp.net","msgId":"3EB05A284BBE8FB9B74C7B","status":3,"statusText":"READ","kind":null,"fileName":null,"msg":"Estado mensaje saliente"}
{"level":30,"time":1771695803664,"pid":9492,"hostname":"DESKTOP-BV1E0F4","method":"POST","url":"/send-message","msg":"Incoming WhatsApp send-message request"}
{"level":30,"time":1771695803678,"pid":9492,"hostname":"DESKTOP-BV1E0F4","jid":"51917313107@s.whatsapp.net","text":"Hola, te escribo de VCMAS. Quedo atento a tu respuesta.","hasFile":true,"fileName":"Blxk Studio (1).png","msg":"Intentando enviar mensaje"}
{"level":30,"time":1771695803679,"pid":9492,"hostname":"DESKTOP-BV1E0F4","jid":"51917313107@s.whatsapp.net","fileName":"Blxk Studio (1).png","fileMime":"image/png","rawMime":"image/png","size":39328,"msg":"Enviando archivo"}
Closing session: SessionEntry {
  _chains: {
    BXbWngpXXHha2vcC60ecx6tRdfUtEpdZblCAYheKSfUN: { chainKey: [Object], chainType: 1, messageKeys: {} }
  },
  registrationId: 247,
  currentRatchet: {
    ephemeralKeyPair: {
      pubKey: <Buffer 05 76 d6 9e 0a 57 5c 78 5a da f7 02 eb 47 9c c7 ab 51 75 f5 2d 12 97 59 6e 50 80 62 17 8a 49 f5 0d>,
      privKey: <Buffer b8 2f 1d b0 cb a4 29 dd fd 0b c1 40 75 b3 ef 73 b8 fd be 60 63 43 83 ac 0a d9 2a ea 5c ba 87 5c>
    },
    lastRemoteEphemeralKey: <Buffer 05 a9 bf bd dd a1 63 cc fa d7 47 20 7b 79 1c 42 ba ec ee ca ac 09 da c7 5d 73 e7 09 ff f7 11 0f 08>,
    previousCounter: 0,
    rootKey: <Buffer 3d c3 7d 4f dd 6d 22 51 2d 96 8d a7 24 ef 9c 91 c4 44 23 3e 98 c2 a3 8d 5d e1 27 27 28 a8 37 1e>
  },
  indexInfo: {
    baseKey: <Buffer 05 92 a4 bb 73 05 8a 61 c1 1e 69 c6 cf 5a 39 c7 8e 56 e7 f9 d8 e3 4c 25 eb 83 c2 4f 2c d7 75 92 71>,
    baseKeyType: 1,
    closed: -1,
    used: 1771695789236,
    created: 1771695789236,
    remoteIdentityKey: <Buffer 05 e0 11 3a 79 e1 3c 54 6b a5 1a 46 3d 00 9d e7 3a 3c 8b c5 99 eb a1 aa 73 b8 8f 39 8c e2 f7 3f 61>
  },
  pendingPreKey: {
    signedKeyId: 1,
    baseKey: <Buffer 05 92 a4 bb 73 05 8a 61 c1 1e 69 c6 cf 5a 39 c7 8e 56 e7 f9 d8 e3 4c 25 eb 83 c2 4f 2c d7 75 92 71>,
    preKeyId: 92
  }
}
Closing session: SessionEntry {
  _chains: {
    'BSnvCdViF6+g0JlhAWOIfh3JEcs+NLo97+VUuAjKWNxO': { chainKey: [Object], chainType: 1, messageKeys: {} }
  },
  registrationId: 247,
  currentRatchet: {
    ephemeralKeyPair: {
      pubKey: <Buffer 05 29 ef 09 d5 62 17 af a0 d0 99 61 01 63 88 7e 1d c9 11 cb 3e 34 ba 3d ef e5 54 b8 08 ca 58 dc 4e>,
      privKey: <Buffer 08 00 36 6d 78 2c aa 2f ce 23 1f 8b b7 ed db f7 79 92 a6 30 2b 30 7d a5 55 34 75 4d 30 ea 5d 6c>
    },
    lastRemoteEphemeralKey: <Buffer 05 c8 96 9b 76 28 e6 64 7a 81 14 72 74 dd e5 16 30 cf 26 c1 b8 71 05 51 90 b8 f6 de 2a 6a dd 22 25>,
    previousCounter: 0,
    rootKey: <Buffer ad 32 52 eb e3 9b 7d f2 ca 46 7e 89 d4 fb f2 cf 79 15 73 ae 24 a6 43 99 26 94 c0 21 e8 c1 2c f3>
  },
  indexInfo: {
    baseKey: <Buffer 05 b3 9c b3 c5 6d 63 09 71 73 29 3e e7 52 aa 37 01 43 a8 bd 2d f8 85 00 21 75 9a cc 34 a2 82 ba 4f>,
    baseKeyType: 1,
    closed: -1,
    used: 1771695789238,
    created: 1771695789238,
    remoteIdentityKey: <Buffer 05 04 29 a6 ea bb c1 c3 1a 3b d3 b3 d6 ee d1 ca f5 3a 0e 81 41 f5 37 a8 0d 49 67 90 35 a9 35 f9 7b>
  },
  pendingPreKey: {
    signedKeyId: 1,
    baseKey: <Buffer 05 b3 9c b3 c5 6d 63 09 71 73 29 3e e7 52 aa 37 01 43 a8 bd 2d f8 85 00 21 75 9a cc 34 a2 82 ba 4f>
  }
}
Closing session: SessionEntry {
  _chains: {
    BTMtHoHj7AsoVKn6StulekPq4JTgcYGu9Tj9z92Ffp50: { chainKey: [Object], chainType: 1, messageKeys: {} }
  },
  registrationId: 5847,
  currentRatchet: {
    ephemeralKeyPair: {
      pubKey: <Buffer 05 33 2d 1e 81 e3 ec 0b 28 54 a9 fa 4a db a5 7a 43 ea e0 94 e0 71 81 ae f5 38 fd cf dd 85 7e 9e 74>,
      privKey: <Buffer 30 06 d2 06 f4 6c 62 d5 90 02 17 15 bf 7a 73 89 82 33 96 64 06 c4 f2 25 f1 8e 74 5c be ab f9 7d>
    },
    lastRemoteEphemeralKey: <Buffer 05 0f 6a a2 5e ea 3a 4f 71 41 6f 68 e7 24 9e 3b 4d 8c 59 73 d2 6a db 6c fc 08 be 08 21 4c 96 ed 5b>,
    previousCounter: 0,
    rootKey: <Buffer fd b9 d0 90 dc d6 fc 25 d0 68 0d 8b 8f 00 ee d0 c8 4f 6e 33 15 28 f8 e0 61 ff c5 c3 6b 1a cf bc>
  },
  indexInfo: {
    baseKey: <Buffer 05 fd d3 ad d4 1c f6 c8 73 7d 0c 06 d8 09 21 d5 72 05 96 f0 d5 0f e1 0e 8f 14 72 36 cd 41 0e eb 36>,
    baseKeyType: 1,
    closed: -1,
    used: 1771695789239,
    created: 1771695789239,
    remoteIdentityKey: <Buffer 05 a7 07 e5 34 d0 28 09 fb 4a 32 75 29 e2 bc 97 00 af 54 01 c6 81 81 b8 77 46 79 48 6e 94 61 86 49>
  },
  pendingPreKey: {
    signedKeyId: 1,
    baseKey: <Buffer 05 fd d3 ad d4 1c f6 c8 73 7d 0c 06 d8 09 21 d5 72 05 96 f0 d5 0f e1 0e 8f 14 72 36 cd 41 0e eb 36>,
    preKeyId: 141
  }
}
Closing session: SessionEntry {
  _chains: {
    'BZdld3yqa7yOdIn+kr9QKVqItUOuiczuTqk6NOHq8WhC': { chainKey: [Object], chainType: 1, messageKeys: {} }
  },
  registrationId: 2184,
  currentRatchet: {
    ephemeralKeyPair: {
      pubKey: <Buffer 05 97 65 77 7c aa 6b bc 8e 74 89 fe 92 bf 50 29 5a 88 b5 43 ae 89 cc ee 4e a9 3a 34 e1 ea f1 68 42>,
      privKey: <Buffer 40 db f5 06 c2 ec 4c 99 20 81 65 d3 d8 fb 57 11 a4 4f 19 63 98 2f 17 66 2a 68 6d a1 47 de c0 6c>
    },
    lastRemoteEphemeralKey: <Buffer 05 4e 62 8f 94 24 32 f2 53 31 08 22 da 1e c5 63 ec 26 ca 0b 74 1b 0e f0 da 2e 60 42 0f b9 2f 54 56>,
    previousCounter: 0,
    rootKey: <Buffer 5a 80 2b fa 56 ac 95 3e 05 3d c9 de 37 0a 9d f0 a8 6c 30 4d 68 32 62 be cf 8b ed 87 80 2d 12 fd>
  },
  indexInfo: {
    baseKey: <Buffer 05 a5 aa 93 45 fe 65 12 d8 a2 07 ec f0 b5 9c 21 8d ed 77 4e 69 43 cb 60 78 7e 20 ec 9d 47 07 1b 05>,
    baseKeyType: 1,
    closed: -1,
    used: 1771695789241,
    created: 1771695789241,
    remoteIdentityKey: <Buffer 05 dc 40 3a 5d 4a b4 1f 23 91 bb 37 d3 76 00 06 78 fd 4f 9c 83 77 81 f2 38 5a 29 8a 70 ea 1f 14 0e>
  },
  pendingPreKey: {
    signedKeyId: 1,
    baseKey: <Buffer 05 a5 aa 93 45 fe 65 12 d8 a2 07 ec f0 b5 9c 21 8d ed 77 4e 69 43 cb 60 78 7e 20 ec 9d 47 07 1b 05>,
    preKeyId: 948
  }
}
Closing session: SessionEntry {
  _chains: {
    'BX4M4dJsul1DfMHl4rdxib6NPgCVXbdBQT5aRrk4FfA/': { chainKey: [Object], chainType: 1, messageKeys: {} }
  },
  registrationId: 50,
  currentRatchet: {
    ephemeralKeyPair: {
      pubKey: <Buffer 05 7e 0c e1 d2 6c ba 5d 43 7c c1 e5 e2 b7 71 89 be 8d 3e 00 95 5d b7 41 41 3e 5a 46 b9 38 15 f0 3f>,
      privKey: <Buffer c0 fb 8b c2 e1 90 0e 41 b4 21 4d 74 d3 40 fe b4 ed 85 92 5f a1 4e 33 01 ce d6 d1 74 10 80 d1 6b>
    },
    lastRemoteEphemeralKey: <Buffer 05 61 50 11 d7 7a cd 1f 27 b1 7d 10 c5 2f 64 42 e1 25 a7 4b 5c c2 70 57 09 85 f2 2c d6 fe ca 15 39>,
    previousCounter: 0,
    rootKey: <Buffer 0c ba 32 f1 b5 9c 57 a2 a0 6d d2 c3 74 82 cf 25 d6 20 79 de 60 d7 9b c9 b6 d5 81 29 1e 77 1a bf>
  },
  indexInfo: {
    baseKey: <Buffer 05 4a 30 c2 c5 e6 a0 63 a9 a7 9e 25 82 a6 c8 4f 5a 8d 65 77 8c e5 06 fe a3 09 56 b8 31 14 40 bf 7a>,
    baseKeyType: 1,
    closed: -1,
    used: 1771695789242,
    created: 1771695789242,
    remoteIdentityKey: <Buffer 05 34 af 57 2a 0c 70 ef ca 3d bd db 3f 6c ff bf bb 3a 0f 37 30 fe f9 b3 ec dc 60 a1 7e 57 d7 06 65>
  },
  pendingPreKey: {
    signedKeyId: 1,
    baseKey: <Buffer 05 4a 30 c2 c5 e6 a0 63 a9 a7 9e 25 82 a6 c8 4f 5a 8d 65 77 8c e5 06 fe a3 09 56 b8 31 14 40 bf 7a>
  }
}
Closing session: SessionEntry {
  _chains: {
    'BQAVPwGIptIS52CbZbl+dIOBUeaGzY5ehhWmKx/RDYcm': { chainKey: [Object], chainType: 1, messageKeys: {} }
  },
  registrationId: 613653096,
  currentRatchet: {
    ephemeralKeyPair: {
      pubKey: <Buffer 05 00 15 3f 01 88 a6 d2 12 e7 60 9b 65 b9 7e 74 83 81 51 e6 86 cd 8e 5e 86 15 a6 2b 1f d1 0d 87 26>,
      privKey: <Buffer 38 57 f2 5f c8 4d 32 ac 51 bb 05 f7 ba f4 5d 96 05 b2 18 5f 33 f7 fe e1 80 a4 cd f2 da 9b e0 52>
    },
    lastRemoteEphemeralKey: <Buffer 05 08 63 c5 be af ff 3b c7 70 99 6a b1 c9 cb 70 43 ed 86 ab 37 54 cc 74 ab b6 3d 6c d4 43 65 88 7d>,
    previousCounter: 0,
    rootKey: <Buffer 35 2b cb 96 95 23 a4 e1 20 df d2 29 97 ad 56 9a 83 18 46 e4 e8 56 0d 8f d7 fb f0 e0 0a 35 bd 0c>
  },
  indexInfo: {
    baseKey: <Buffer 05 79 fb e0 a3 e9 69 f2 58 f7 69 fa 52 9f 77 b6 c4 5d b9 35 65 4e 3d 75 64 e3 06 9b 67 f9 fb 60 2f>,
    baseKeyType: 1,
    closed: -1,
    used: 1771695789243,
    created: 1771695789243,
    remoteIdentityKey: <Buffer 05 21 01 0d d6 ae b9 34 a6 21 23 60 5d d0 90 4d e2 72 bf cf 78 e1 39 26 4b da a9 04 0f 73 06 8f 02>
  },
  pendingPreKey: {
    signedKeyId: 11563341,
    baseKey: <Buffer 05 79 fb e0 a3 e9 69 f2 58 f7 69 fa 52 9f 77 b6 c4 5d b9 35 65 4e 3d 75 64 e3 06 9b 67 f9 fb 60 2f>
  }
}
{"level":30,"time":1771695806563,"pid":9492,"hostname":"DESKTOP-BV1E0F4","jid":"88296692695219@lid","msgId":"3EB09802372DFE40EC331C","status":2,"statusText":"DELIVERY_ACK","kind":"image","fileName":"Blxk Studio (1).png","msg":"Estado mensaje saliente"}
{"level":30,"time":1771695806563,"pid":9492,"hostname":"DESKTOP-BV1E0F4","jid":"51917313107@s.whatsapp.net","msgId":"3EB09802372DFE40EC331C","msg":"Imagen enviada y entregada"}
{"level":30,"time":1771695806618,"pid":9492,"hostname":"DESKTOP-BV1E0F4","jid":"51917313107@s.whatsapp.net","msgId":"3EB09802372DFE40EC331C","status":3,"statusText":"READ","kind":"image","fileName":"Blxk Studio (1).png","msg":"Estado mensaje saliente"}
{"level":30,"time":1771695806695,"pid":9492,"hostname":"DESKTOP-BV1E0F4","jid":"51917313107:99@hosted","msgId":"3EB09802372DFE40EC331C","status":3,"statusText":"READ","kind":null,"fileName":null,"msg":"Estado mensaje saliente"}
{"level":30,"time":1771695837225,"pid":9492,"hostname":"DESKTOP-BV1E0F4","method":"POST","url":"/send-message","msg":"Incoming WhatsApp send-message request"}
{"level":30,"time":1771695837649,"pid":9492,"hostname":"DESKTOP-BV1E0F4","jid":"51917313107@s.whatsapp.net","text":"Hola, te comparto tu cotización en PDF.\r\nEmpresa: ASDASD","hasFile":true,"fileName":"cotizacion-asdasd-20260221.pdf","msg":"Intentando enviar mensaje"}
{"level":30,"time":1771695837649,"pid":9492,"hostname":"DESKTOP-BV1E0F4","jid":"51917313107@s.whatsapp.net","fileName":"cotizacion-asdasd-20260221.pdf","fileMime":"application/pdf","rawMime":"application/pdf","size":416704,"msg":"Enviando archivo"}
Closing session: SessionEntry {
  _chains: {
    BRq8nacCoehzih7G05wKKNFk7CBN7KA3ZM0WOAFjQW8p: { chainKey: [Object], chainType: 1, messageKeys: {} }
  },
  registrationId: 247,
  currentRatchet: {
    ephemeralKeyPair: {
      pubKey: <Buffer 05 1a bc 9d a7 02 a1 e8 73 8a 1e c6 d3 9c 0a 28 d1 64 ec 20 4d ec a0 37 64 cd 16 38 01 63 41 6f 29>,
      privKey: <Buffer 88 44 60 bc 9f 0b 97 72 6b 97 60 58 2c 96 7d ff 9f 31 c6 7c f6 31 a1 0c 58 18 5e 4d 6a 5c cd 63>
    },
    lastRemoteEphemeralKey: <Buffer 05 a9 bf bd dd a1 63 cc fa d7 47 20 7b 79 1c 42 ba ec ee ca ac 09 da c7 5d 73 e7 09 ff f7 11 0f 08>,
    previousCounter: 0,
    rootKey: <Buffer 8a b3 73 5f d5 91 f7 ef 19 7a e7 ce 90 43 7b 3d 4e bc f9 9e c4 f0 a1 59 d3 40 7b 59 7d 51 61 1a>
  },
  indexInfo: {
    baseKey: <Buffer 05 db 23 90 b9 a2 4e 49 71 8f 7e 1b 79 c3 2c 65 28 f0 1d 07 43 c8 46 23 76 b4 4c fb 82 ea a9 fa 52>,
    baseKeyType: 1,
    closed: -1,
    used: 1771695806069,
    created: 1771695806069,
    remoteIdentityKey: <Buffer 05 e0 11 3a 79 e1 3c 54 6b a5 1a 46 3d 00 9d e7 3a 3c 8b c5 99 eb a1 aa 73 b8 8f 39 8c e2 f7 3f 61>
  },
  pendingPreKey: {
    signedKeyId: 1,
    baseKey: <Buffer 05 db 23 90 b9 a2 4e 49 71 8f 7e 1b 79 c3 2c 65 28 f0 1d 07 43 c8 46 23 76 b4 4c fb 82 ea a9 fa 52>,
    preKeyId: 716
  }
}
Closing session: SessionEntry {
  _chains: {
    'Baq/LQ8YhOVepjbWjDL0knrf40qJ82ICmHk/wSgTx0Fk': { chainKey: [Object], chainType: 1, messageKeys: {} }
  },
  registrationId: 247,
  currentRatchet: {
    ephemeralKeyPair: {
      pubKey: <Buffer 05 aa bf 2d 0f 18 84 e5 5e a6 36 d6 8c 32 f4 92 7a df e3 4a 89 f3 62 02 98 79 3f c1 28 13 c7 41 64>,
      privKey: <Buffer f0 48 f4 0d e0 1e 92 3e 9d 83 9a ef a0 40 c4 3c 62 f0 68 ae 53 01 d4 be 6a c1 81 c4 4f 94 1a 69>
    },
    lastRemoteEphemeralKey: <Buffer 05 c8 96 9b 76 28 e6 64 7a 81 14 72 74 dd e5 16 30 cf 26 c1 b8 71 05 51 90 b8 f6 de 2a 6a dd 22 25>,
    previousCounter: 0,
    rootKey: <Buffer f6 dc 24 15 6e ea 82 3f 32 4d 05 d4 ba ca 8f e0 68 65 52 4a 09 a3 81 85 75 da a8 28 9a 84 56 61>
  },
  indexInfo: {
    baseKey: <Buffer 05 e5 94 24 9a 03 13 a2 df 0c e9 80 0c 12 31 a2 2b 84 30 b8 35 60 59 e0 5d c3 c2 0e f9 ca f6 77 40>,
    baseKeyType: 1,
    closed: -1,
    used: 1771695806078,
    created: 1771695806078,
    remoteIdentityKey: <Buffer 05 04 29 a6 ea bb c1 c3 1a 3b d3 b3 d6 ee d1 ca f5 3a 0e 81 41 f5 37 a8 0d 49 67 90 35 a9 35 f9 7b>
  },
  pendingPreKey: {
    signedKeyId: 1,
    baseKey: <Buffer 05 e5 94 24 9a 03 13 a2 df 0c e9 80 0c 12 31 a2 2b 84 30 b8 35 60 59 e0 5d c3 c2 0e f9 ca f6 77 40>
  }
}
Closing session: SessionEntry {
  _chains: {
    'Bck0e4+1vkU8Oio50JFxi+jBi7dnBV+BjOfY6Yax4jJm': { chainKey: [Object], chainType: 1, messageKeys: {} }
  },
  registrationId: 5847,
  currentRatchet: {
    ephemeralKeyPair: {
      pubKey: <Buffer 05 c9 34 7b 8f b5 be 45 3c 3a 2a 39 d0 91 71 8b e8 c1 8b b7 67 05 5f 81 8c e7 d8 e9 86 b1 e2 32 66>,
      privKey: <Buffer 60 64 fb bf ed e4 a8 21 05 30 27 de da 88 18 4e f4 72 e8 36 03 9c 9a 9a 22 70 54 e7 46 1b 76 75>
    },
    lastRemoteEphemeralKey: <Buffer 05 0f 6a a2 5e ea 3a 4f 71 41 6f 68 e7 24 9e 3b 4d 8c 59 73 d2 6a db 6c fc 08 be 08 21 4c 96 ed 5b>,
    previousCounter: 0,
    rootKey: <Buffer b1 21 c8 dc 9b b8 25 fe 37 72 ce d2 b4 3f 1d ae 52 87 fa 35 b8 38 fb 5e 80 96 48 3b 9c f8 bf ee>
  },
  indexInfo: {
    baseKey: <Buffer 05 fe 48 aa 9c 0d de 8f e8 a9 43 2e 29 a5 0b c3 9e 98 e3 79 e8 18 09 ce 92 fc 6c 5d 04 b4 bf f6 11>,
    baseKeyType: 1,
    closed: -1,
    used: 1771695806087,
    created: 1771695806087,
    remoteIdentityKey: <Buffer 05 a7 07 e5 34 d0 28 09 fb 4a 32 75 29 e2 bc 97 00 af 54 01 c6 81 81 b8 77 46 79 48 6e 94 61 86 49>
  },
  pendingPreKey: {
    signedKeyId: 1,
    baseKey: <Buffer 05 fe 48 aa 9c 0d de 8f e8 a9 43 2e 29 a5 0b c3 9e 98 e3 79 e8 18 09 ce 92 fc 6c 5d 04 b4 bf f6 11>,
    preKeyId: 130
  }
}
Closing session: SessionEntry {
  _chains: {
    BZDE37njtoxzWq5rDluHCy6i2Enfx7VXw6eRVgJbqB8s: { chainKey: [Object], chainType: 1, messageKeys: {} }
  },
  registrationId: 2184,
  currentRatchet: {
    ephemeralKeyPair: {
      pubKey: <Buffer 05 90 c4 df b9 e3 b6 8c 73 5a ae 6b 0e 5b 87 0b 2e a2 d8 49 df c7 b5 57 c3 a7 91 56 02 5b a8 1f 2c>,
      privKey: <Buffer 18 43 4a a4 63 99 fa 57 db 25 2a e1 e2 7a 26 56 84 60 03 83 0c 7f ad 1f 71 0b fd fa 79 49 2d 7f>
    },
    lastRemoteEphemeralKey: <Buffer 05 4e 62 8f 94 24 32 f2 53 31 08 22 da 1e c5 63 ec 26 ca 0b 74 1b 0e f0 da 2e 60 42 0f b9 2f 54 56>,
    previousCounter: 0,
    rootKey: <Buffer 9f 02 f7 42 72 8d 29 c0 74 cf 45 33 fc e1 fe 52 64 9c f4 2e 32 ea 2b 60 99 89 7b bd fe 6c 58 7a>
  },
  indexInfo: {
    baseKey: <Buffer 05 86 08 4e aa 80 a7 01 5c 09 39 76 81 6b f1 55 17 20 97 d7 74 e4 31 0a 93 ae c3 f7 0c 2a 26 ca 51>,
    baseKeyType: 1,
    closed: -1,
    used: 1771695806092,
    created: 1771695806092,
    remoteIdentityKey: <Buffer 05 dc 40 3a 5d 4a b4 1f 23 91 bb 37 d3 76 00 06 78 fd 4f 9c 83 77 81 f2 38 5a 29 8a 70 ea 1f 14 0e>
  },
  pendingPreKey: {
    signedKeyId: 1,
    baseKey: <Buffer 05 86 08 4e aa 80 a7 01 5c 09 39 76 81 6b f1 55 17 20 97 d7 74 e4 31 0a 93 ae c3 f7 0c 2a 26 ca 51>,
    preKeyId: 925
  }
}
Closing session: SessionEntry {
  _chains: {
    'BZfjvyUPqVYdJ/Wi0V8sbBYc1+cUdh60oci9cOm8bHd9': { chainKey: [Object], chainType: 1, messageKeys: {} }
  },
  registrationId: 50,
  currentRatchet: {
    ephemeralKeyPair: {
      pubKey: <Buffer 05 97 e3 bf 25 0f a9 56 1d 27 f5 a2 d1 5f 2c 6c 16 1c d7 e7 14 76 1e b4 a1 c8 bd 70 e9 bc 6c 77 7d>,
      privKey: <Buffer 18 98 4c b1 91 23 f2 ab 5d 58 75 4e 44 7d 6c 8c d8 9d c9 06 14 21 be 6f 5b 0f 01 9a 88 f8 15 72>
    },
    lastRemoteEphemeralKey: <Buffer 05 61 50 11 d7 7a cd 1f 27 b1 7d 10 c5 2f 64 42 e1 25 a7 4b 5c c2 70 57 09 85 f2 2c d6 fe ca 15 39>,
    previousCounter: 0,
    rootKey: <Buffer 9a b0 2e 2b 3c 30 aa 1b 7d 43 6c fc 5a fc 96 14 0b 31 f3 9d dc 2e ee 66 15 e6 b7 44 a7 28 fc 67>
  },
  indexInfo: {
    baseKey: <Buffer 05 40 9d 34 8b 38 d6 bb a7 52 d7 64 9e 26 a7 3b 20 8f 9c 4a 17 b1 24 44 9a 9f 1c 68 bf 19 19 4f 04>,
    baseKeyType: 1,
    closed: -1,
    used: 1771695806095,
    created: 1771695806095,
    remoteIdentityKey: <Buffer 05 34 af 57 2a 0c 70 ef ca 3d bd db 3f 6c ff bf bb 3a 0f 37 30 fe f9 b3 ec dc 60 a1 7e 57 d7 06 65>
  },
  pendingPreKey: {
    signedKeyId: 1,
    baseKey: <Buffer 05 40 9d 34 8b 38 d6 bb a7 52 d7 64 9e 26 a7 3b 20 8f 9c 4a 17 b1 24 44 9a 9f 1c 68 bf 19 19 4f 04>
  }
}
Closing session: SessionEntry {
  _chains: {
    BfcgjqqTcpq4E7A2lGHfztsNhbSfWiIIAn094i0W1V07: { chainKey: [Object], chainType: 1, messageKeys: {} }
  },
  registrationId: 613653096,
  currentRatchet: {
    ephemeralKeyPair: {
      pubKey: <Buffer 05 f7 20 8e aa 93 72 9a b8 13 b0 36 94 61 df ce db 0d 85 b4 9f 5a 22 08 02 7d 3d e2 2d 16 d5 5d 3b>,
      privKey: <Buffer 38 83 4c 79 fb dd ef ba 5b b2 e7 33 ce 43 2f 04 c5 3c 58 8c 45 8d 67 8d 45 c2 7a 71 b2 51 db 68>
    },
    lastRemoteEphemeralKey: <Buffer 05 08 63 c5 be af ff 3b c7 70 99 6a b1 c9 cb 70 43 ed 86 ab 37 54 cc 74 ab b6 3d 6c d4 43 65 88 7d>,
    previousCounter: 0,
    rootKey: <Buffer 31 f6 f4 a9 f9 82 be 50 fa 96 54 74 79 f9 21 c3 db 00 1c cc cf 29 70 2c 77 3b 15 a8 ad f9 67 dd>
  },
  indexInfo: {
    baseKey: <Buffer 05 5d 85 c5 25 5a 6d 72 db 8e 9f 31 36 5d ac 8a da c6 dd 45 66 bb 29 47 5c 73 61 8f 6f f3 de 34 20>,
    baseKeyType: 1,
    closed: -1,
    used: 1771695806099,
    created: 1771695806099,
    remoteIdentityKey: <Buffer 05 21 01 0d d6 ae b9 34 a6 21 23 60 5d d0 90 4d e2 72 bf cf 78 e1 39 26 4b da a9 04 0f 73 06 8f 02>
  },
  pendingPreKey: {
    signedKeyId: 11563341,
    baseKey: <Buffer 05 5d 85 c5 25 5a 6d 72 db 8e 9f 31 36 5d ac 8a da c6 dd 45 66 bb 29 47 5c 73 61 8f 6f f3 de 34 20>
  }
}
{"level":30,"time":1771695839727,"pid":9492,"hostname":"DESKTOP-BV1E0F4","jid":"88296692695219@lid","msgId":"3EB07023D601B570A6CE86","status":2,"statusText":"DELIVERY_ACK","kind":"pdf","fileName":"cotizacion-asdasd-20260221.pdf","msg":"Estado mensaje saliente"}
{"level":30,"time":1771695839727,"pid":9492,"hostname":"DESKTOP-BV1E0F4","jid":"51917313107@s.whatsapp.net","msgId":"3EB07023D601B570A6CE86","msg":"Documento enviado y entregado"}
{"level":30,"time":1771695839768,"pid":9492,"hostname":"DESKTOP-BV1E0F4","jid":"51917313107@s.whatsapp.net","msgId":"3EB07023D601B570A6CE86","status":3,"statusText":"READ","kind":"pdf","fileName":"cotizacion-asdasd-20260221.pdf","msg":"Estado mensaje saliente"}
{"level":30,"time":1771695839886,"pid":9492,"hostname":"DESKTOP-BV1E0F4","jid":"51917313107:99@hosted","msgId":"3EB07023D601B570A6CE86","status":3,"statusText":"READ","kind":null,"fileName":null,"msg":"Estado mensaje saliente"}
{"level":30,"time":1771695840944,"pid":9492,"hostname":"DESKTOP-BV1E0F4","method":"POST","url":"/send-message","msg":"Incoming WhatsApp send-message request"}
{"level":30,"time":1771695841741,"pid":9492,"hostname":"DESKTOP-BV1E0F4","jid":"51917313107@s.whatsapp.net","text":"Hola, te comparto tu cotización en PDF.\r\nEmpresa: ASDASD","hasFile":true,"fileName":"cotizacion-asdasd-20260221.pdf","msg":"Intentando enviar mensaje"}
{"level":30,"time":1771695841741,"pid":9492,"hostname":"DESKTOP-BV1E0F4","jid":"51917313107@s.whatsapp.net","fileName":"cotizacion-asdasd-20260221.pdf","fileMime":"application/pdf","rawMime":"application/pdf","size":416704,"msg":"Enviando archivo"}
{"level":30,"time":1771695842319,"pid":9492,"hostname":"DESKTOP-BV1E0F4","method":"POST","url":"/send-message","msg":"Incoming WhatsApp send-message request"}
{"level":30,"time":1771695842484,"pid":9492,"hostname":"DESKTOP-BV1E0F4","method":"POST","url":"/send-message","msg":"Incoming WhatsApp send-message request"}
{"level":30,"time":1771695842618,"pid":9492,"hostname":"DESKTOP-BV1E0F4","method":"POST","url":"/send-message","msg":"Incoming WhatsApp send-message request"}
{"level":30,"time":1771695842619,"pid":9492,"hostname":"DESKTOP-BV1E0F4","jid":"51917313107@s.whatsapp.net","text":"Hola, te comparto tu cotización en PDF.\r\nEmpresa: ASDASD","hasFile":true,"fileName":"cotizacion-asdasd-20260221.pdf","msg":"Intentando enviar mensaje"}
{"level":30,"time":1771695842619,"pid":9492,"hostname":"DESKTOP-BV1E0F4","jid":"51917313107@s.whatsapp.net","fileName":"cotizacion-asdasd-20260221.pdf","fileMime":"application/pdf","rawMime":"application/pdf","size":416704,"msg":"Enviando archivo"}
{"level":30,"time":1771695842740,"pid":9492,"hostname":"DESKTOP-BV1E0F4","jid":"51917313107@s.whatsapp.net","text":"Hola, te comparto tu cotización en PDF.\r\nEmpresa: ASDASD","hasFile":true,"fileName":"cotizacion-asdasd-20260221.pdf","msg":"Intentando enviar mensaje"}
{"level":30,"time":1771695842740,"pid":9492,"hostname":"DESKTOP-BV1E0F4","jid":"51917313107@s.whatsapp.net","fileName":"cotizacion-asdasd-20260221.pdf","fileMime":"application/pdf","rawMime":"application/pdf","size":416704,"msg":"Enviando archivo"}
{"level":30,"time":1771695842764,"pid":9492,"hostname":"DESKTOP-BV1E0F4","jid":"51917313107@s.whatsapp.net","text":"Hola, te comparto tu cotización en PDF.\r\nEmpresa: ASDASD","hasFile":true,"fileName":"cotizacion-asdasd-20260221.pdf","msg":"Intentando enviar mensaje"}
{"level":30,"time":1771695842764,"pid":9492,"hostname":"DESKTOP-BV1E0F4","jid":"51917313107@s.whatsapp.net","fileName":"cotizacion-asdasd-20260221.pdf","fileMime":"application/pdf","rawMime":"application/pdf","size":416704,"msg":"Enviando archivo"}
Closing session: SessionEntry {
  _chains: {
    'BZookxe3LR2k+jhR/XUfFl2Zmvy/xeWvxqP4KLtWvWZ1': { chainKey: [Object], chainType: 1, messageKeys: {} }
  },
  registrationId: 247,
  currentRatchet: {
    ephemeralKeyPair: {
      pubKey: <Buffer 05 9a 28 93 17 b7 2d 1d a4 fa 38 51 fd 75 1f 16 5d 99 9a fc bf c5 e5 af c6 a3 f8 28 bb 56 bd 66 75>,
      privKey: <Buffer d8 31 29 b5 11 f9 f2 fb 20 48 01 f2 db 1c 64 ce 71 e3 b4 83 2c 29 3e fa ad 74 00 31 31 49 b8 50>
    },
    lastRemoteEphemeralKey: <Buffer 05 a9 bf bd dd a1 63 cc fa d7 47 20 7b 79 1c 42 ba ec ee ca ac 09 da c7 5d 73 e7 09 ff f7 11 0f 08>,
    previousCounter: 0,
    rootKey: <Buffer a0 45 09 1e a9 68 90 0d 73 63 31 95 94 e0 6e a3 2a f5 37 5f 27 17 42 29 37 6b a5 c3 52 f1 ef 13>
  },
  indexInfo: {
    baseKey: <Buffer 05 05 01 e1 9d 21 52 f4 19 fc 3a 51 49 c3 be cd 00 cf 3f 4c 0b 31 38 60 e6 be a5 cc 5d 51 6c 21 6a>,
    baseKeyType: 1,
    closed: -1,
    used: 1771695839228,
    created: 1771695839228,
    remoteIdentityKey: <Buffer 05 e0 11 3a 79 e1 3c 54 6b a5 1a 46 3d 00 9d e7 3a 3c 8b c5 99 eb a1 aa 73 b8 8f 39 8c e2 f7 3f 61>
  },
  pendingPreKey: {
    signedKeyId: 1,
    baseKey: <Buffer 05 05 01 e1 9d 21 52 f4 19 fc 3a 51 49 c3 be cd 00 cf 3f 4c 0b 31 38 60 e6 be a5 cc 5d 51 6c 21 6a>,
    preKeyId: 71
  }
}
Closing session: SessionEntry {
  _chains: {
    BfiSmlGxVOeH3zLgGhtVBWVTPnejTpDiHWZKZjeyW6Fa: { chainKey: [Object], chainType: 1, messageKeys: {} }
  },
  registrationId: 247,
  currentRatchet: {
    ephemeralKeyPair: {
      pubKey: <Buffer 05 f8 92 9a 51 b1 54 e7 87 df 32 e0 1a 1b 55 05 65 53 3e 77 a3 4e 90 e2 1d 66 4a 66 37 b2 5b a1 5a>,
      privKey: <Buffer b0 92 be 14 e0 d5 0d a8 8c 75 f2 09 f4 12 dd 1a 27 82 9f 18 5f 56 ce 2d b2 25 82 3a b2 47 a3 63>
    },
    lastRemoteEphemeralKey: <Buffer 05 c8 96 9b 76 28 e6 64 7a 81 14 72 74 dd e5 16 30 cf 26 c1 b8 71 05 51 90 b8 f6 de 2a 6a dd 22 25>,
    previousCounter: 0,
    rootKey: <Buffer b7 9b 2d 8e 29 72 83 66 11 d0 3a 22 b4 05 12 d7 09 05 87 47 73 a3 3f 8c 2e e8 b5 30 d9 fc dc c5>
  },
  indexInfo: {
    baseKey: <Buffer 05 18 c7 c4 76 7a d2 96 72 d9 94 7b a9 be 20 29 39 da a3 1e 16 5e 94 32 f1 d8 fa 9d ac ec 8e 2a 5f>,
    baseKeyType: 1,
    closed: -1,
    used: 1771695839232,
    created: 1771695839232,
    remoteIdentityKey: <Buffer 05 04 29 a6 ea bb c1 c3 1a 3b d3 b3 d6 ee d1 ca f5 3a 0e 81 41 f5 37 a8 0d 49 67 90 35 a9 35 f9 7b>
  },
  pendingPreKey: {
    signedKeyId: 1,
    baseKey: <Buffer 05 18 c7 c4 76 7a d2 96 72 d9 94 7b a9 be 20 29 39 da a3 1e 16 5e 94 32 f1 d8 fa 9d ac ec 8e 2a 5f>
  }
}
Closing session: SessionEntry {
  _chains: {
    'BWms61b0FtK3nhXQ4HlFFSFObfNEbgu59gv+vHVnV7lZ': { chainKey: [Object], chainType: 1, messageKeys: {} }
  },
  registrationId: 5847,
  currentRatchet: {
    ephemeralKeyPair: {
      pubKey: <Buffer 05 69 ac eb 56 f4 16 d2 b7 9e 15 d0 e0 79 45 15 21 4e 6d f3 44 6e 0b b9 f6 0b fe bc 75 67 57 b9 59>,
      privKey: <Buffer b0 1b 13 24 ad 37 ab d8 eb f9 e2 45 28 af b8 a6 8f ce aa 5b e1 8d 9f b7 42 1a d3 1a 6e e0 34 64>
    },
    lastRemoteEphemeralKey: <Buffer 05 0f 6a a2 5e ea 3a 4f 71 41 6f 68 e7 24 9e 3b 4d 8c 59 73 d2 6a db 6c fc 08 be 08 21 4c 96 ed 5b>,
    previousCounter: 0,
    rootKey: <Buffer 31 21 74 7b 58 71 b5 c0 d8 d9 a4 6c da 4a 5f ce b3 37 fe 03 f9 cc 65 3d 3f 01 98 29 8a fe 4d bb>
  },
  indexInfo: {
    baseKey: <Buffer 05 58 ff a6 ff b4 88 3c d2 02 87 dc 32 de dc 98 ea e9 bf 37 5f 57 cb c6 64 9e 8f 2a 1d 40 0d d2 3e>,
    baseKeyType: 1,
    closed: -1,
    used: 1771695839237,
    created: 1771695839237,
    remoteIdentityKey: <Buffer 05 a7 07 e5 34 d0 28 09 fb 4a 32 75 29 e2 bc 97 00 af 54 01 c6 81 81 b8 77 46 79 48 6e 94 61 86 49>
  },
  pendingPreKey: {
    signedKeyId: 1,
    baseKey: <Buffer 05 58 ff a6 ff b4 88 3c d2 02 87 dc 32 de dc 98 ea e9 bf 37 5f 57 cb c6 64 9e 8f 2a 1d 40 0d d2 3e>,
    preKeyId: 691
  }
}
Closing session: SessionEntry {
  _chains: {
    BaBXksfpiRvuW1mCGxbIVwmcYkAR99IJ1ydsr6WSkLcQ: { chainKey: [Object], chainType: 1, messageKeys: {} }
  },
  registrationId: 2184,
  currentRatchet: {
    ephemeralKeyPair: {
      pubKey: <Buffer 05 a0 57 92 c7 e9 89 1b ee 5b 59 82 1b 16 c8 57 09 9c 62 40 11 f7 d2 09 d7 27 6c af a5 92 90 b7 10>,
      privKey: <Buffer d0 5f 32 3e 60 ac a5 11 7e 91 5e 9d cf 9a c4 4c 48 a4 bc 03 38 4b 3a e4 ac 47 bb 68 a0 57 4e 74>
    },
    lastRemoteEphemeralKey: <Buffer 05 4e 62 8f 94 24 32 f2 53 31 08 22 da 1e c5 63 ec 26 ca 0b 74 1b 0e f0 da 2e 60 42 0f b9 2f 54 56>,
    previousCounter: 0,
    rootKey: <Buffer 94 c6 fe 0b 96 67 05 83 12 aa 83 3c 4c ed d4 39 de 6d e7 27 15 c2 8b e0 3b 81 81 de 5b e1 f8 81>
  },
  indexInfo: {
    baseKey: <Buffer 05 e9 cc 87 02 8e a8 c9 7b 64 58 e3 78 cf 1c 69 c5 34 f4 da 78 83 b8 d2 ec 59 c1 3a a4 1a 42 fd 0c>,
    baseKeyType: 1,
    closed: -1,
    used: 1771695839241,
    created: 1771695839241,
    remoteIdentityKey: <Buffer 05 dc 40 3a 5d 4a b4 1f 23 91 bb 37 d3 76 00 06 78 fd 4f 9c 83 77 81 f2 38 5a 29 8a 70 ea 1f 14 0e>
  },
  pendingPreKey: {
    signedKeyId: 1,
    baseKey: <Buffer 05 e9 cc 87 02 8e a8 c9 7b 64 58 e3 78 cf 1c 69 c5 34 f4 da 78 83 b8 d2 ec 59 c1 3a a4 1a 42 fd 0c>,
    preKeyId: 889
  }
}
Closing session: SessionEntry {
  _chains: {
    'BR+ZOxC1Ptf9Vy7FvNr/9PNBK3te3b32JAq53BfsnnRS': { chainKey: [Object], chainType: 1, messageKeys: {} }
  },
  registrationId: 50,
  currentRatchet: {
    ephemeralKeyPair: {
      pubKey: <Buffer 05 1f 99 3b 10 b5 3e d7 fd 57 2e c5 bc da ff f4 f3 41 2b 7b 5e dd bd f6 24 0a b9 dc 17 ec 9e 74 52>,
      privKey: <Buffer 30 74 6e f5 f0 2a 68 f0 9f 96 58 4b 6b bc da 2d d1 6d d8 4c c8 a2 70 1d 51 69 b1 8c 07 80 f7 68>
    },
    lastRemoteEphemeralKey: <Buffer 05 61 50 11 d7 7a cd 1f 27 b1 7d 10 c5 2f 64 42 e1 25 a7 4b 5c c2 70 57 09 85 f2 2c d6 fe ca 15 39>,
    previousCounter: 0,
    rootKey: <Buffer e7 4d b8 97 b0 bc 95 47 70 92 e5 35 11 93 43 5d a1 9a 3e 25 11 40 98 27 26 8c a9 e9 be a4 9a 38>
  },
  indexInfo: {
    baseKey: <Buffer 05 e8 1f 6f 74 63 32 9e 8d 3e cf 1b 7a 44 97 ab d4 5d 3a 63 d5 6b de dd 80 21 fc 06 00 ac bd 41 48>,
    baseKeyType: 1,
    closed: -1,
    used: 1771695839246,
    created: 1771695839246,
    remoteIdentityKey: <Buffer 05 34 af 57 2a 0c 70 ef ca 3d bd db 3f 6c ff bf bb 3a 0f 37 30 fe f9 b3 ec dc 60 a1 7e 57 d7 06 65>
  },
  pendingPreKey: {
    signedKeyId: 1,
    baseKey: <Buffer 05 e8 1f 6f 74 63 32 9e 8d 3e cf 1b 7a 44 97 ab d4 5d 3a 63 d5 6b de dd 80 21 fc 06 00 ac bd 41 48>
  }
}
Closing session: SessionEntry {
  _chains: {
    BVXYYGbWBsDQVRpotoTkFMNnTtmjM1oe5mGIF4Qw9jx6: { chainKey: [Object], chainType: 1, messageKeys: {} }
  },
  registrationId: 613653096,
  currentRatchet: {
    ephemeralKeyPair: {
      pubKey: <Buffer 05 55 d8 60 66 d6 06 c0 d0 55 1a 68 b6 84 e4 14 c3 67 4e d9 a3 33 5a 1e e6 61 88 17 84 30 f6 3c 7a>,
      privKey: <Buffer 58 ed 08 96 ec 12 a4 84 0d c5 96 0f 3f ac e6 c6 0e e8 5d 65 02 f5 84 0b 5c bb 45 1d 23 cb 49 5e>
    },
    lastRemoteEphemeralKey: <Buffer 05 08 63 c5 be af ff 3b c7 70 99 6a b1 c9 cb 70 43 ed 86 ab 37 54 cc 74 ab b6 3d 6c d4 43 65 88 7d>,
    previousCounter: 0,
    rootKey: <Buffer 30 7f ee 7d 00 1a 0a f7 2b a0 59 6b c8 68 40 d8 41 b0 37 73 10 08 d4 f6 6f 13 d3 e0 00 74 24 63>
  },
  indexInfo: {
    baseKey: <Buffer 05 43 1e d5 15 a7 ca e2 8c cc 15 50 ea 73 8d 33 c2 7f 8c 63 29 9f 16 b0 75 26 2d c5 39 09 d9 5c 38>,
    baseKeyType: 1,
    closed: -1,
    used: 1771695839250,
    created: 1771695839250,
    remoteIdentityKey: <Buffer 05 21 01 0d d6 ae b9 34 a6 21 23 60 5d d0 90 4d e2 72 bf cf 78 e1 39 26 4b da a9 04 0f 73 06 8f 02>
  },
  pendingPreKey: {
    signedKeyId: 11563341,
    baseKey: <Buffer 05 43 1e d5 15 a7 ca e2 8c cc 15 50 ea 73 8d 33 c2 7f 8c 63 29 9f 16 b0 75 26 2d c5 39 09 d9 5c 38>
  }
}
{"level":30,"time":1771695843249,"pid":9492,"hostname":"DESKTOP-BV1E0F4","jid":"88296692695219@lid","msgId":"3EB0D31200E45221599B46","status":2,"statusText":"DELIVERY_ACK","kind":"pdf","fileName":"cotizacion-asdasd-20260221.pdf","msg":"Estado mensaje saliente"}
{"level":30,"time":1771695843249,"pid":9492,"hostname":"DESKTOP-BV1E0F4","jid":"51917313107@s.whatsapp.net","msgId":"3EB0D31200E45221599B46","msg":"Documento enviado y entregado"}
{"level":30,"time":1771695843289,"pid":9492,"hostname":"DESKTOP-BV1E0F4","jid":"51917313107@s.whatsapp.net","msgId":"3EB0D31200E45221599B46","status":3,"statusText":"READ","kind":"pdf","fileName":"cotizacion-asdasd-20260221.pdf","msg":"Estado mensaje saliente"}
{"level":30,"time":1771695843441,"pid":9492,"hostname":"DESKTOP-BV1E0F4","jid":"51917313107:99@hosted","msgId":"3EB0D31200E45221599B46","status":3,"statusText":"READ","kind":null,"fileName":null,"msg":"Estado mensaje saliente"}
Closing session: SessionEntry {
  _chains: {
    BQGoPjcCd3xxsoIee1Wn5mI6ggRH1A1RpJA7Y2Fco60O: { chainKey: [Object], chainType: 1, messageKeys: {} }
  },
  registrationId: 247,
  currentRatchet: {
    ephemeralKeyPair: {
      pubKey: <Buffer 05 01 a8 3e 37 02 77 7c 71 b2 82 1e 7b 55 a7 e6 62 3a 82 04 47 d4 0d 51 a4 90 3b 63 61 5c a3 ad 0e>,
      privKey: <Buffer c8 56 f1 2e 66 07 dc 39 24 dd d6 e1 de 98 f6 24 0e 3a a2 4e a8 5c 8e 01 81 d2 9f a1 90 97 0d 6b>
    },
    lastRemoteEphemeralKey: <Buffer 05 a9 bf bd dd a1 63 cc fa d7 47 20 7b 79 1c 42 ba ec ee ca ac 09 da c7 5d 73 e7 09 ff f7 11 0f 08>,
    previousCounter: 0,
    rootKey: <Buffer c7 4d 9c 31 22 5a d5 25 7f f0 be 3b 7c 4b 4c bc e4 b7 0a a1 76 c3 c0 d3 13 16 aa f5 b7 0a ca 32>
  },
  indexInfo: {
    baseKey: <Buffer 05 c9 bb 15 8f 89 e3 5d bf 83 4d 42 bc 90 3b 64 30 39 c2 09 fb 55 f9 7b aa d8 04 37 2a 5e 33 59 6b>,
    baseKeyType: 1,
    closed: -1,
    used: 1771695842805,
    created: 1771695842805,
    remoteIdentityKey: <Buffer 05 e0 11 3a 79 e1 3c 54 6b a5 1a 46 3d 00 9d e7 3a 3c 8b c5 99 eb a1 aa 73 b8 8f 39 8c e2 f7 3f 61>
  },
  pendingPreKey: {
    signedKeyId: 1,
    baseKey: <Buffer 05 c9 bb 15 8f 89 e3 5d bf 83 4d 42 bc 90 3b 64 30 39 c2 09 fb 55 f9 7b aa d8 04 37 2a 5e 33 59 6b>,
    preKeyId: 770
  }
}
Closing session: SessionEntry {
  _chains: {
    'BZAgSoAlh7pdmzDbnNr9MqDC2OYnXCkz2jSyH51l+i4i': { chainKey: [Object], chainType: 1, messageKeys: {} }
  },
  registrationId: 247,
  currentRatchet: {
    ephemeralKeyPair: {
      pubKey: <Buffer 05 90 20 4a 80 25 87 ba 5d 9b 30 db 9c da fd 32 a0 c2 d8 e6 27 5c 29 33 da 34 b2 1f 9d 65 fa 2e 22>,
      privKey: <Buffer 30 96 60 5b 14 f8 0d 77 3a 52 f6 c9 f7 42 69 62 85 91 f1 90 22 1e 30 d6 84 80 07 7b ef 49 9c 46>
    },
    lastRemoteEphemeralKey: <Buffer 05 c8 96 9b 76 28 e6 64 7a 81 14 72 74 dd e5 16 30 cf 26 c1 b8 71 05 51 90 b8 f6 de 2a 6a dd 22 25>,
    previousCounter: 0,
    rootKey: <Buffer 82 3b 92 80 bd dc fc 46 98 13 9a be 85 ab eb 7b 43 6e 42 02 75 14 af 5b ce fd 21 33 a1 fa de b8>
  },
  indexInfo: {
    baseKey: <Buffer 05 62 a1 6f 27 9d 97 d6 bf 64 d9 87 75 cf 57 79 bb b0 8e b9 20 19 bb e8 02 40 c4 49 7c d8 61 51 79>,
    baseKeyType: 1,
    closed: -1,
    used: 1771695842808,
    created: 1771695842808,
    remoteIdentityKey: <Buffer 05 04 29 a6 ea bb c1 c3 1a 3b d3 b3 d6 ee d1 ca f5 3a 0e 81 41 f5 37 a8 0d 49 67 90 35 a9 35 f9 7b>
  },
  pendingPreKey: {
    signedKeyId: 1,
    baseKey: <Buffer 05 62 a1 6f 27 9d 97 d6 bf 64 d9 87 75 cf 57 79 bb b0 8e b9 20 19 bb e8 02 40 c4 49 7c d8 61 51 79>
  }
}
Closing session: SessionEntry {
  _chains: {
    'BTRYO3L5gT8lZgrFQxH+Xu5gfDjgGEznI2LGg1MwLqVA': { chainKey: [Object], chainType: 1, messageKeys: {} }
  },
  registrationId: 5847,
  currentRatchet: {
    ephemeralKeyPair: {
      pubKey: <Buffer 05 34 58 3b 72 f9 81 3f 25 66 0a c5 43 11 fe 5e ee 60 7c 38 e0 18 4c e7 23 62 c6 83 53 30 2e a5 40>,
      privKey: <Buffer c8 f9 eb a0 a0 c0 a3 05 1f 8a 96 dd 9c 8a dc 37 3f d8 a1 a1 7e 5b f5 e0 f8 ae c7 a3 26 0b 2c 42>
    },
    lastRemoteEphemeralKey: <Buffer 05 0f 6a a2 5e ea 3a 4f 71 41 6f 68 e7 24 9e 3b 4d 8c 59 73 d2 6a db 6c fc 08 be 08 21 4c 96 ed 5b>,
    previousCounter: 0,
    rootKey: <Buffer de b8 b8 fd 0d 98 ff 1c 26 1f 76 d5 3f d7 46 fe 23 76 d3 94 f4 7a d6 d4 1b e6 f4 1c 09 38 30 9b>
  },
  indexInfo: {
    baseKey: <Buffer 05 22 31 d3 ca 30 3e 20 c7 a2 bb f2 0a 5d f9 e6 d5 e6 7d c5 94 d5 3f 40 2d 30 28 b4 8c 13 cd e0 26>,
    baseKeyType: 1,
    closed: -1,
    used: 1771695842810,
    created: 1771695842810,
    remoteIdentityKey: <Buffer 05 a7 07 e5 34 d0 28 09 fb 4a 32 75 29 e2 bc 97 00 af 54 01 c6 81 81 b8 77 46 79 48 6e 94 61 86 49>
  },
  pendingPreKey: {
    signedKeyId: 1,
    baseKey: <Buffer 05 22 31 d3 ca 30 3e 20 c7 a2 bb f2 0a 5d f9 e6 d5 e6 7d c5 94 d5 3f 40 2d 30 28 b4 8c 13 cd e0 26>,
    preKeyId: 94
  }
}
Closing session: SessionEntry {
  _chains: {
    'BXTquxS1rnUsyFyxILTdi5OWCKYCHQ+Ge3rz6YFjzU1V': { chainKey: [Object], chainType: 1, messageKeys: {} }
  },
  registrationId: 2184,
  currentRatchet: {
    ephemeralKeyPair: {
      pubKey: <Buffer 05 74 ea bb 14 b5 ae 75 2c c8 5c b1 20 b4 dd 8b 93 96 08 a6 02 1d 0f 86 7b 7a f3 e9 81 63 cd 4d 55>,
      privKey: <Buffer b0 3a 75 07 00 2a f7 08 e1 28 e3 71 68 82 0a 06 73 59 04 b3 17 ee a4 df a0 5a 9c dc ae 4c 18 6a>
    },
    lastRemoteEphemeralKey: <Buffer 05 4e 62 8f 94 24 32 f2 53 31 08 22 da 1e c5 63 ec 26 ca 0b 74 1b 0e f0 da 2e 60 42 0f b9 2f 54 56>,
    previousCounter: 0,
    rootKey: <Buffer 88 66 c1 7d 34 cc 18 db 08 03 b3 48 c5 26 b7 02 b7 1f 58 e8 46 69 95 23 b1 c8 a4 52 cd c5 fe 95>
  },
  indexInfo: {
    baseKey: <Buffer 05 90 b4 f5 40 09 d7 97 6f d6 ae 01 69 ad aa 52 67 48 56 6b 18 7b 81 4e c5 f1 e1 3b 72 2a 9a 6f 18>,
    baseKeyType: 1,
    closed: -1,
    used: 1771695842812,
    created: 1771695842812,
    remoteIdentityKey: <Buffer 05 dc 40 3a 5d 4a b4 1f 23 91 bb 37 d3 76 00 06 78 fd 4f 9c 83 77 81 f2 38 5a 29 8a 70 ea 1f 14 0e>
  },
  pendingPreKey: {
    signedKeyId: 1,
    baseKey: <Buffer 05 90 b4 f5 40 09 d7 97 6f d6 ae 01 69 ad aa 52 67 48 56 6b 18 7b 81 4e c5 f1 e1 3b 72 2a 9a 6f 18>,
    preKeyId: 1598
  }
}
Closing session: SessionEntry {
  _chains: {
    BYFsJGx04SKSLOWV1IXLo2e1Ra7Sxj7SufRyXIhQ2YEc: { chainKey: [Object], chainType: 1, messageKeys: {} }
  },
  registrationId: 50,
  currentRatchet: {
    ephemeralKeyPair: {
      pubKey: <Buffer 05 81 6c 24 6c 74 e1 22 92 2c e5 95 d4 85 cb a3 67 b5 45 ae d2 c6 3e d2 b9 f4 72 5c 88 50 d9 81 1c>,
      privKey: <Buffer 98 a2 25 a8 5c ea 3d 38 e5 14 fb ac f4 4e f5 5a d2 49 8b 70 fb a5 ed d7 dd 88 47 71 30 f1 91 78>
    },
    lastRemoteEphemeralKey: <Buffer 05 61 50 11 d7 7a cd 1f 27 b1 7d 10 c5 2f 64 42 e1 25 a7 4b 5c c2 70 57 09 85 f2 2c d6 fe ca 15 39>,
    previousCounter: 0,
    rootKey: <Buffer f0 48 db df 1b ad f5 a5 cb 58 9a ba f0 5f 67 7f ba 85 9e 23 87 cc 60 e5 92 6c 5f ba b9 37 a5 69>
  },
  indexInfo: {
    baseKey: <Buffer 05 34 2b 01 1f 5b de d5 b7 11 54 fe b5 80 0c 10 a7 fa ec dd 28 42 bb 11 1f 1b 0f a9 04 ca 75 d1 1a>,
    baseKeyType: 1,
    closed: -1,
    used: 1771695842814,
    created: 1771695842814,
    remoteIdentityKey: <Buffer 05 34 af 57 2a 0c 70 ef ca 3d bd db 3f 6c ff bf bb 3a 0f 37 30 fe f9 b3 ec dc 60 a1 7e 57 d7 06 65>
  },
  pendingPreKey: {
    signedKeyId: 1,
    baseKey: <Buffer 05 34 2b 01 1f 5b de d5 b7 11 54 fe b5 80 0c 10 a7 fa ec dd 28 42 bb 11 1f 1b 0f a9 04 ca 75 d1 1a>
  }
}
Closing session: SessionEntry {
  _chains: {
    'Beh9UWS/e5lr7waTGbNhOpKMvdvTzQOJf/yyIwr60xhM': { chainKey: [Object], chainType: 1, messageKeys: {} }
  },
  registrationId: 613653096,
  currentRatchet: {
    ephemeralKeyPair: {
      pubKey: <Buffer 05 e8 7d 51 64 bf 7b 99 6b ef 06 93 19 b3 61 3a 92 8c bd db d3 cd 03 89 7f fc b2 23 0a fa d3 18 4c>,
      privKey: <Buffer 40 70 fc dd 22 d6 92 47 1c 58 7d a8 00 f2 15 7c c1 bf 81 66 18 ea 75 dc ac df e4 a5 ae d6 e4 47>
    },
    lastRemoteEphemeralKey: <Buffer 05 08 63 c5 be af ff 3b c7 70 99 6a b1 c9 cb 70 43 ed 86 ab 37 54 cc 74 ab b6 3d 6c d4 43 65 88 7d>,
    previousCounter: 0,
    rootKey: <Buffer bd 49 73 cc e1 ae e3 3e 6b ea 83 85 a0 77 a9 b7 71 80 4a fe b2 3e 75 95 26 29 69 13 2f fc 5a 6c>
  },
  indexInfo: {
    baseKey: <Buffer 05 b1 7e c0 e6 1b 86 4c f6 2a a6 ce 00 df 61 d2 7e 2c 26 b6 9e e1 2a a9 7a 55 4e 99 c8 f6 7b 42 3d>,
    baseKeyType: 1,
    closed: -1,
    used: 1771695842816,
    created: 1771695842816,
    remoteIdentityKey: <Buffer 05 21 01 0d d6 ae b9 34 a6 21 23 60 5d d0 90 4d e2 72 bf cf 78 e1 39 26 4b da a9 04 0f 73 06 8f 02>
  },
  pendingPreKey: {
    signedKeyId: 11563341,
    baseKey: <Buffer 05 b1 7e c0 e6 1b 86 4c f6 2a a6 ce 00 df 61 d2 7e 2c 26 b6 9e e1 2a a9 7a 55 4e 99 c8 f6 7b 42 3d>
  }
}
{"level":30,"time":1771695844226,"pid":9492,"hostname":"DESKTOP-BV1E0F4","jid":"88296692695219@lid","msgId":"3EB0E2D767B44BCA6B8443","status":2,"statusText":"DELIVERY_ACK","kind":"pdf","fileName":"cotizacion-asdasd-20260221.pdf","msg":"Estado mensaje saliente"}
{"level":30,"time":1771695844226,"pid":9492,"hostname":"DESKTOP-BV1E0F4","jid":"51917313107@s.whatsapp.net","msgId":"3EB0E2D767B44BCA6B8443","msg":"Documento enviado y entregado"}
{"level":30,"time":1771695844277,"pid":9492,"hostname":"DESKTOP-BV1E0F4","jid":"51917313107@s.whatsapp.net","msgId":"3EB0E2D767B44BCA6B8443","status":3,"statusText":"READ","kind":"pdf","fileName":"cotizacion-asdasd-20260221.pdf","msg":"Estado mensaje saliente"}
{"level":30,"time":1771695844455,"pid":9492,"hostname":"DESKTOP-BV1E0F4","jid":"51917313107:99@hosted","msgId":"3EB0E2D767B44BCA6B8443","status":3,"statusText":"READ","kind":null,"fileName":null,"msg":"Estado mensaje saliente"}
Closing session: SessionEntry {
  _chains: {
    'BRqF3V4+M4vC1qPhiord0wtejMIeNPD6BGZoOg5+duoE': { chainKey: [Object], chainType: 1, messageKeys: {} }
  },
  registrationId: 247,
  currentRatchet: {
    ephemeralKeyPair: {
      pubKey: <Buffer 05 1a 85 dd 5e 3e 33 8b c2 d6 a3 e1 8a 8a dd d3 0b 5e 8c c2 1e 34 f0 fa 04 66 68 3a 0e 7e 76 ea 04>,
      privKey: <Buffer a8 13 01 5f 9f 19 f2 24 8f f8 f1 ce e9 62 3b 44 ab 7e 3a 9d f2 06 47 4d 02 6a 9e 9f 19 ee 5e 51>
    },
    lastRemoteEphemeralKey: <Buffer 05 a9 bf bd dd a1 63 cc fa d7 47 20 7b 79 1c 42 ba ec ee ca ac 09 da c7 5d 73 e7 09 ff f7 11 0f 08>,
    previousCounter: 0,
    rootKey: <Buffer 59 bc 29 c3 1f 8e be 0f 65 9d 7c 62 d0 38 12 13 6f 6b 3d aa 3f 3f ae 56 a2 7e 44 3a 37 df aa a2>
  },
  indexInfo: {
    baseKey: <Buffer 05 25 65 3a 0e 91 64 f2 04 c3 28 68 dc be 47 18 6b ba 88 69 9c 0e ca 31 53 f6 57 fc ec 87 05 4f 32>,
    baseKeyType: 1,
    closed: -1,
    used: 1771695843763,
    created: 1771695843763,
    remoteIdentityKey: <Buffer 05 e0 11 3a 79 e1 3c 54 6b a5 1a 46 3d 00 9d e7 3a 3c 8b c5 99 eb a1 aa 73 b8 8f 39 8c e2 f7 3f 61>
  },
  pendingPreKey: {
    signedKeyId: 1,
    baseKey: <Buffer 05 25 65 3a 0e 91 64 f2 04 c3 28 68 dc be 47 18 6b ba 88 69 9c 0e ca 31 53 f6 57 fc ec 87 05 4f 32>,
    preKeyId: 12
  }
}
Closing session: SessionEntry {
  _chains: {
    'BZpui0evKLst9aZxQ/coA+TD6dulDgDDLkeNwKCifiR1': { chainKey: [Object], chainType: 1, messageKeys: {} }
  },
  registrationId: 247,
  currentRatchet: {
    ephemeralKeyPair: {
      pubKey: <Buffer 05 9a 6e 8b 47 af 28 bb 2d f5 a6 71 43 f7 28 03 e4 c3 e9 db a5 0e 00 c3 2e 47 8d c0 a0 a2 7e 24 75>,
      privKey: <Buffer 58 2b c8 c1 bf 57 28 dd b7 e4 ad 53 34 83 2f c2 3e bc b0 71 f8 69 79 53 9c 0e 29 5b e8 64 5d 56>
    },
    lastRemoteEphemeralKey: <Buffer 05 c8 96 9b 76 28 e6 64 7a 81 14 72 74 dd e5 16 30 cf 26 c1 b8 71 05 51 90 b8 f6 de 2a 6a dd 22 25>,
    previousCounter: 0,
    rootKey: <Buffer 36 fa d2 a0 3b fb 9a c0 f4 71 d2 0b 51 a4 78 ab 8b 6c 3c 50 f8 9b 3b 62 e0 9a d1 eb 39 d9 01 a8>
  },
  indexInfo: {
    baseKey: <Buffer 05 97 ff 00 7a 40 c0 3b 1a 49 57 1e 57 d6 f4 68 32 52 0f dd d1 f4 e3 98 61 69 57 cf 27 67 f0 4c 23>,
    baseKeyType: 1,
    closed: -1,
    used: 1771695843768,
    created: 1771695843768,
    remoteIdentityKey: <Buffer 05 04 29 a6 ea bb c1 c3 1a 3b d3 b3 d6 ee d1 ca f5 3a 0e 81 41 f5 37 a8 0d 49 67 90 35 a9 35 f9 7b>
  },
  pendingPreKey: {
    signedKeyId: 1,
    baseKey: <Buffer 05 97 ff 00 7a 40 c0 3b 1a 49 57 1e 57 d6 f4 68 32 52 0f dd d1 f4 e3 98 61 69 57 cf 27 67 f0 4c 23>
  }
}
Closing session: SessionEntry {
  _chains: {
    'BfBKoxbdI/PnJHSkoWsh+8Z1q6qSyJuI0OQ/IaJup2Rk': { chainKey: [Object], chainType: 1, messageKeys: {} }
  },
  registrationId: 5847,
  currentRatchet: {
    ephemeralKeyPair: {
      pubKey: <Buffer 05 f0 4a a3 16 dd 23 f3 e7 24 74 a4 a1 6b 21 fb c6 75 ab aa 92 c8 9b 88 d0 e4 3f 21 a2 6e a7 64 64>,
      privKey: <Buffer e8 50 54 ff 9b 3a cc 50 f6 7e 81 ad f5 20 ef 5c 21 42 29 b8 3b b3 c6 b5 61 25 86 9a fb 97 23 5c>
    },
    lastRemoteEphemeralKey: <Buffer 05 0f 6a a2 5e ea 3a 4f 71 41 6f 68 e7 24 9e 3b 4d 8c 59 73 d2 6a db 6c fc 08 be 08 21 4c 96 ed 5b>,
    previousCounter: 0,
    rootKey: <Buffer d4 4f 2d 40 94 f2 f7 f3 89 e6 7e e1 62 c8 d2 60 35 0e d6 79 8e 4f b9 be 2e 85 57 a7 4f 7c 07 31>
  },
  indexInfo: {
    baseKey: <Buffer 05 b9 38 e6 a2 b6 ec d4 1d c9 fc 12 4b 71 21 ab 66 2d bb 52 90 1f 83 f2 54 92 36 dd 7a 4c bc 2c 2f>,
    baseKeyType: 1,
    closed: -1,
    used: 1771695843773,
    created: 1771695843773,
    remoteIdentityKey: <Buffer 05 a7 07 e5 34 d0 28 09 fb 4a 32 75 29 e2 bc 97 00 af 54 01 c6 81 81 b8 77 46 79 48 6e 94 61 86 49>
  },
  pendingPreKey: {
    signedKeyId: 1,
    baseKey: <Buffer 05 b9 38 e6 a2 b6 ec d4 1d c9 fc 12 4b 71 21 ab 66 2d bb 52 90 1f 83 f2 54 92 36 dd 7a 4c bc 2c 2f>,
    preKeyId: 144
  }
}
Closing session: SessionEntry {
  _chains: {
    BY0kqTBjDpzpQiBQsrkz2cn0k0AZ268aLnZErs6aSUUO: { chainKey: [Object], chainType: 1, messageKeys: {} }
  },
  registrationId: 2184,
  currentRatchet: {
    ephemeralKeyPair: {
      pubKey: <Buffer 05 8d 24 a9 30 63 0e 9c e9 42 20 50 b2 b9 33 d9 c9 f4 93 40 19 db af 1a 2e 76 44 ae ce 9a 49 45 0e>,
      privKey: <Buffer 68 dc cd 92 7f 48 70 82 05 b0 ef 9f d9 a2 bc 6a fd 13 c1 1d 25 e5 05 1c c7 36 dd ca 20 97 2a 75>
    },
    lastRemoteEphemeralKey: <Buffer 05 4e 62 8f 94 24 32 f2 53 31 08 22 da 1e c5 63 ec 26 ca 0b 74 1b 0e f0 da 2e 60 42 0f b9 2f 54 56>,
    previousCounter: 0,
    rootKey: <Buffer 5e 25 6c bc c6 5a 56 da 51 e4 bd 35 3e 8b 41 7f 0f b2 ec d3 87 28 5d 79 0c e8 52 4d 6a ae 28 f9>
  },
  indexInfo: {
    baseKey: <Buffer 05 24 79 f6 30 f5 d0 f8 37 07 20 7e 8b 1d 8e 6c 6e fb dc 8a 71 c6 ba c8 30 ca 64 d3 58 41 57 23 24>,
    baseKeyType: 1,
    closed: -1,
    used: 1771695843779,
    created: 1771695843779,
    remoteIdentityKey: <Buffer 05 dc 40 3a 5d 4a b4 1f 23 91 bb 37 d3 76 00 06 78 fd 4f 9c 83 77 81 f2 38 5a 29 8a 70 ea 1f 14 0e>
  },
  pendingPreKey: {
    signedKeyId: 1,
    baseKey: <Buffer 05 24 79 f6 30 f5 d0 f8 37 07 20 7e 8b 1d 8e 6c 6e fb dc 8a 71 c6 ba c8 30 ca 64 d3 58 41 57 23 24>,
    preKeyId: 1506
  }
}
Closing session: SessionEntry {
  _chains: {
    'BR/pfMCJeJfNkMo/y//3WPh6PCu2rX+cXDWrmAKAioog': { chainKey: [Object], chainType: 1, messageKeys: {} }
  },
  registrationId: 50,
  currentRatchet: {
    ephemeralKeyPair: {
      pubKey: <Buffer 05 1f e9 7c c0 89 78 97 cd 90 ca 3f cb ff f7 58 f8 7a 3c 2b b6 ad 7f 9c 5c 35 ab 98 02 80 8a 8a 20>,
      privKey: <Buffer 28 3c 63 fc 9e 4e a7 90 18 30 29 23 7e 37 72 31 f8 e2 2f 72 e4 5c ae c6 9b c0 09 1d 30 2d c4 79>
    },
    lastRemoteEphemeralKey: <Buffer 05 61 50 11 d7 7a cd 1f 27 b1 7d 10 c5 2f 64 42 e1 25 a7 4b 5c c2 70 57 09 85 f2 2c d6 fe ca 15 39>,
    previousCounter: 0,
    rootKey: <Buffer f7 3e b0 f5 82 4c 9e 71 d1 e4 a2 25 7d 03 aa 43 39 77 74 1b 6d 59 37 6b 2d e6 44 e9 1d 87 af 2f>
  },
  indexInfo: {
    baseKey: <Buffer 05 f5 99 59 36 96 9b 1a 16 3a d9 c5 d1 02 36 54 ab 7a 8f af cf 15 8a 9e 1d 51 c9 9a 6c 04 2d 65 4b>,
    baseKeyType: 1,
    closed: -1,
    used: 1771695843783,
    created: 1771695843783,
    remoteIdentityKey: <Buffer 05 34 af 57 2a 0c 70 ef ca 3d bd db 3f 6c ff bf bb 3a 0f 37 30 fe f9 b3 ec dc 60 a1 7e 57 d7 06 65>
  },
  pendingPreKey: {
    signedKeyId: 1,
    baseKey: <Buffer 05 f5 99 59 36 96 9b 1a 16 3a d9 c5 d1 02 36 54 ab 7a 8f af cf 15 8a 9e 1d 51 c9 9a 6c 04 2d 65 4b>
  }
}
Closing session: SessionEntry {
  _chains: {
    'BS+i1qxaNK6Ytf121PlKp/MvAuq+Hk6mJ63bhYxc/rAI': { chainKey: [Object], chainType: 1, messageKeys: {} }
  },
  registrationId: 613653096,
  currentRatchet: {
    ephemeralKeyPair: {
      pubKey: <Buffer 05 2f a2 d6 ac 5a 34 ae 98 b5 fd 76 d4 f9 4a a7 f3 2f 02 ea be 1e 4e a6 27 ad db 85 8c 5c fe b0 08>,
      privKey: <Buffer a0 57 2b 53 07 6a 04 de f2 8e 2f 12 d9 04 67 81 24 5d a1 ca e7 36 ea 30 ce f7 09 b8 23 22 04 79>
    },
    lastRemoteEphemeralKey: <Buffer 05 08 63 c5 be af ff 3b c7 70 99 6a b1 c9 cb 70 43 ed 86 ab 37 54 cc 74 ab b6 3d 6c d4 43 65 88 7d>,
    previousCounter: 0,
    rootKey: <Buffer 26 4e c8 1f 19 f5 a4 38 f9 09 a3 87 66 a2 c7 b0 2c 87 ab 35 d1 59 3d 36 6d bf 1c 58 9c 5a cd fe>
  },
  indexInfo: {
    baseKey: <Buffer 05 88 6f b8 10 31 3d 1b c3 b6 17 52 11 e9 e9 5d 05 83 33 cb f9 03 72 c7 2f dd 79 12 40 d4 11 0a 75>,
    baseKeyType: 1,
    closed: -1,
    used: 1771695843788,
    created: 1771695843788,
    remoteIdentityKey: <Buffer 05 21 01 0d d6 ae b9 34 a6 21 23 60 5d d0 90 4d e2 72 bf cf 78 e1 39 26 4b da a9 04 0f 73 06 8f 02>
  },
  pendingPreKey: {
    signedKeyId: 11563341,
    baseKey: <Buffer 05 88 6f b8 10 31 3d 1b c3 b6 17 52 11 e9 e9 5d 05 83 33 cb f9 03 72 c7 2f dd 79 12 40 d4 11 0a 75>
  }
}
{"level":30,"time":1771695844955,"pid":9492,"hostname":"DESKTOP-BV1E0F4","jid":"88296692695219@lid","msgId":"3EB0D1A611BCD49D83A6E5","status":2,"statusText":"DELIVERY_ACK","kind":"pdf","fileName":"cotizacion-asdasd-20260221.pdf","msg":"Estado mensaje saliente"}
{"level":30,"time":1771695844955,"pid":9492,"hostname":"DESKTOP-BV1E0F4","jid":"51917313107@s.whatsapp.net","msgId":"3EB0D1A611BCD49D83A6E5","msg":"Documento enviado y entregado"}
{"level":30,"time":1771695845024,"pid":9492,"hostname":"DESKTOP-BV1E0F4","jid":"51917313107@s.whatsapp.net","msgId":"3EB0D1A611BCD49D83A6E5","status":3,"statusText":"READ","kind":"pdf","fileName":"cotizacion-asdasd-20260221.pdf","msg":"Estado mensaje saliente"}
{"level":30,"time":1771695845104,"pid":9492,"hostname":"DESKTOP-BV1E0F4","jid":"51917313107:99@hosted","msgId":"3EB0D1A611BCD49D83A6E5","status":3,"statusText":"READ","kind":null,"fileName":null,"msg":"Estado mensaje saliente"}
Closing session: SessionEntry {
  _chains: {
    BXmAG7lPLQY7RX8SaMpPnDMdSFNQgeLLhcT2IvsuDc0f: { chainKey: [Object], chainType: 1, messageKeys: {} }
  },
  registrationId: 247,
  currentRatchet: {
    ephemeralKeyPair: {
      pubKey: <Buffer 05 79 80 1b b9 4f 2d 06 3b 45 7f 12 68 ca 4f 9c 33 1d 48 53 50 81 e2 cb 85 c4 f6 22 fb 2e 0d cd 1f>,
      privKey: <Buffer 18 6b 52 bb f2 39 95 c6 41 e5 96 75 8b 42 37 92 55 d9 af 8e 07 60 5c 39 df 33 34 64 22 50 d0 5a>
    },
    lastRemoteEphemeralKey: <Buffer 05 a9 bf bd dd a1 63 cc fa d7 47 20 7b 79 1c 42 ba ec ee ca ac 09 da c7 5d 73 e7 09 ff f7 11 0f 08>,
    previousCounter: 0,
    rootKey: <Buffer b7 98 3b 41 df 4a d9 c3 17 30 f7 af 92 92 c7 9e 3e b8 83 77 4f 50 d4 d3 76 9d 34 39 f2 59 f4 9d>
  },
  indexInfo: {
    baseKey: <Buffer 05 38 10 97 eb 58 31 31 8b b4 31 65 4d 5a 0a 8a 90 07 9c d6 43 2d ad 63 ea 9d 91 07 e6 63 e6 35 2b>,
    baseKeyType: 1,
    closed: -1,
    used: 1771695844524,
    created: 1771695844524,
    remoteIdentityKey: <Buffer 05 e0 11 3a 79 e1 3c 54 6b a5 1a 46 3d 00 9d e7 3a 3c 8b c5 99 eb a1 aa 73 b8 8f 39 8c e2 f7 3f 61>
  },
  pendingPreKey: {
    signedKeyId: 1,
    baseKey: <Buffer 05 38 10 97 eb 58 31 31 8b b4 31 65 4d 5a 0a 8a 90 07 9c d6 43 2d ad 63 ea 9d 91 07 e6 63 e6 35 2b>,
    preKeyId: 98
  }
}
Closing session: SessionEntry {
  _chains: {
    'BbSLovE+rSQNoENuaJnWxZruHsU0Eb7pBhLe+jOVjR8s': { chainKey: [Object], chainType: 1, messageKeys: {} }
  },
  registrationId: 247,
  currentRatchet: {
    ephemeralKeyPair: {
      pubKey: <Buffer 05 b4 8b a2 f1 3e ad 24 0d a0 43 6e 68 99 d6 c5 9a ee 1e c5 34 11 be e9 06 12 de fa 33 95 8d 1f 2c>,
      privKey: <Buffer 40 f1 2a e8 da f1 d4 8e d6 ff a0 e4 c7 54 7e a8 a7 80 48 19 ae 14 68 dd a3 e5 6a da c0 08 df 53>
    },
    lastRemoteEphemeralKey: <Buffer 05 c8 96 9b 76 28 e6 64 7a 81 14 72 74 dd e5 16 30 cf 26 c1 b8 71 05 51 90 b8 f6 de 2a 6a dd 22 25>,
    previousCounter: 0,
    rootKey: <Buffer 1c d7 09 18 e2 05 e0 bf e7 1a d1 cc dc b8 13 aa 1d 43 8a eb 2f 13 4b 85 bf 53 16 05 c8 b0 12 2d>
  },
  indexInfo: {
    baseKey: <Buffer 05 20 62 7c 47 61 97 9d ef 04 2f df 1d 38 1d e8 f7 53 35 2c b4 fd c7 b3 29 b3 11 5f 0f 26 16 c1 7c>,
    baseKeyType: 1,
    closed: -1,
    used: 1771695844526,
    created: 1771695844526,
    remoteIdentityKey: <Buffer 05 04 29 a6 ea bb c1 c3 1a 3b d3 b3 d6 ee d1 ca f5 3a 0e 81 41 f5 37 a8 0d 49 67 90 35 a9 35 f9 7b>
  },
  pendingPreKey: {
    signedKeyId: 1,
    baseKey: <Buffer 05 20 62 7c 47 61 97 9d ef 04 2f df 1d 38 1d e8 f7 53 35 2c b4 fd c7 b3 29 b3 11 5f 0f 26 16 c1 7c>
  }
}
Closing session: SessionEntry {
  _chains: {
    'BeQ8S5OTfxX7C82L7dSrf30dcXdxHRce3d9cGFc4C+dz': { chainKey: [Object], chainType: 1, messageKeys: {} }
  },
  registrationId: 5847,
  currentRatchet: {
    ephemeralKeyPair: {
      pubKey: <Buffer 05 e4 3c 4b 93 93 7f 15 fb 0b cd 8b ed d4 ab 7f 7d 1d 71 77 71 1d 17 1e dd df 5c 18 57 38 0b e7 73>,
      privKey: <Buffer 78 29 48 af ce f0 a0 a1 de 11 23 4e 35 7c 6b f9 d2 97 59 33 1d fd cc 2c ce 3a f3 c6 63 ce df 73>
    },
    lastRemoteEphemeralKey: <Buffer 05 0f 6a a2 5e ea 3a 4f 71 41 6f 68 e7 24 9e 3b 4d 8c 59 73 d2 6a db 6c fc 08 be 08 21 4c 96 ed 5b>,
    previousCounter: 0,
    rootKey: <Buffer c7 eb a7 df 46 b5 72 40 c9 54 15 f8 34 67 2e 8a 50 31 c3 ef 37 58 53 e1 f1 d9 f2 55 a9 55 17 1f>
  },
  indexInfo: {
    baseKey: <Buffer 05 ee f1 d7 7a 0d a1 c2 ad 84 4b b5 85 a8 83 66 e4 6b 53 ea 31 57 52 67 a4 cd 7f b7 e3 1d 47 bb 6f>,
    baseKeyType: 1,
    closed: -1,
    used: 1771695844528,
    created: 1771695844528,
    remoteIdentityKey: <Buffer 05 a7 07 e5 34 d0 28 09 fb 4a 32 75 29 e2 bc 97 00 af 54 01 c6 81 81 b8 77 46 79 48 6e 94 61 86 49>
  },
  pendingPreKey: {
    signedKeyId: 1,
    baseKey: <Buffer 05 ee f1 d7 7a 0d a1 c2 ad 84 4b b5 85 a8 83 66 e4 6b 53 ea 31 57 52 67 a4 cd 7f b7 e3 1d 47 bb 6f>,
    preKeyId: 812
  }
}
Closing session: SessionEntry {
  _chains: {
    'BRtMyUGLBTFxcZ/7Bl0ecq3GT0RemWYAJVzlgYrp5Z8c': { chainKey: [Object], chainType: 1, messageKeys: {} }
  },
  registrationId: 2184,
  currentRatchet: {
    ephemeralKeyPair: {
      pubKey: <Buffer 05 1b 4c c9 41 8b 05 31 71 71 9f fb 06 5d 1e 72 ad c6 4f 44 5e 99 66 00 25 5c e5 81 8a e9 e5 9f 1c>,
      privKey: <Buffer e0 ca 50 e4 bb 64 1d 75 ba 97 24 48 05 82 53 2c 2e 9d f9 11 14 44 7e dc 24 4a 69 64 52 62 7d 40>
    },
    lastRemoteEphemeralKey: <Buffer 05 4e 62 8f 94 24 32 f2 53 31 08 22 da 1e c5 63 ec 26 ca 0b 74 1b 0e f0 da 2e 60 42 0f b9 2f 54 56>,
    previousCounter: 0,
    rootKey: <Buffer 8e bf a3 15 78 b7 ce 01 f1 9c 23 ed 62 ee 21 28 38 2b 77 1a d6 f4 89 05 b9 5f 9a 59 3f 4a 73 fa>
  },
  indexInfo: {
    baseKey: <Buffer 05 32 c7 39 53 50 54 0a 01 ba 29 6a 87 58 91 41 6a 7f 9d 71 c9 75 a4 47 c0 d9 c8 65 be d8 39 f7 2a>,
    baseKeyType: 1,
    closed: -1,
    used: 1771695844530,
    created: 1771695844530,
    remoteIdentityKey: <Buffer 05 dc 40 3a 5d 4a b4 1f 23 91 bb 37 d3 76 00 06 78 fd 4f 9c 83 77 81 f2 38 5a 29 8a 70 ea 1f 14 0e>
  },
  pendingPreKey: {
    signedKeyId: 1,
    baseKey: <Buffer 05 32 c7 39 53 50 54 0a 01 ba 29 6a 87 58 91 41 6a 7f 9d 71 c9 75 a4 47 c0 d9 c8 65 be d8 39 f7 2a>,
    preKeyId: 1397
  }
}
Closing session: SessionEntry {
  _chains: {
    BbeqmI9TyJGd7OYyhFNWaGZqVZGUzvMvywz84cbUWrIf: { chainKey: [Object], chainType: 1, messageKeys: {} }
  },
  registrationId: 50,
  currentRatchet: {
    ephemeralKeyPair: {
      pubKey: <Buffer 05 b7 aa 98 8f 53 c8 91 9d ec e6 32 84 53 56 68 66 6a 55 91 94 ce f3 2f cb 0c fc e1 c6 d4 5a b2 1f>,
      privKey: <Buffer c8 77 d3 5c 91 36 43 ee b0 88 ca 69 af 9a 89 b8 db 6c f9 20 31 ae 05 97 b6 48 74 3c c7 f4 56 42>
    },
    lastRemoteEphemeralKey: <Buffer 05 61 50 11 d7 7a cd 1f 27 b1 7d 10 c5 2f 64 42 e1 25 a7 4b 5c c2 70 57 09 85 f2 2c d6 fe ca 15 39>,
    previousCounter: 0,
    rootKey: <Buffer a2 50 c9 c6 de 2f 6a f3 3e d4 91 ba d1 45 8b 83 03 80 26 2e 3e 2d cb 60 af 32 4d 1f 27 67 81 c4>
  },
  indexInfo: {
    baseKey: <Buffer 05 5f ea 3d 2c ab c2 0f 16 e6 3c f8 20 4a 5c 4f a1 d5 c5 e6 a5 32 96 ac 08 6f af 7e 54 82 27 50 20>,
    baseKeyType: 1,
    closed: -1,
    used: 1771695844531,
    created: 1771695844531,
    remoteIdentityKey: <Buffer 05 34 af 57 2a 0c 70 ef ca 3d bd db 3f 6c ff bf bb 3a 0f 37 30 fe f9 b3 ec dc 60 a1 7e 57 d7 06 65>
  },
  pendingPreKey: {
    signedKeyId: 1,
    baseKey: <Buffer 05 5f ea 3d 2c ab c2 0f 16 e6 3c f8 20 4a 5c 4f a1 d5 c5 e6 a5 32 96 ac 08 6f af 7e 54 82 27 50 20>
  }
}
Closing session: SessionEntry {
  _chains: {
    'BdfkL0qKSHMN6SZh1xm1/ZAQb52yY7ze8Kik3tmbOphr': { chainKey: [Object], chainType: 1, messageKeys: {} }
  },
  registrationId: 613653096,
  currentRatchet: {
    ephemeralKeyPair: {
      pubKey: <Buffer 05 d7 e4 2f 4a 8a 48 73 0d e9 26 61 d7 19 b5 fd 90 10 6f 9d b2 63 bc de f0 a8 a4 de d9 9b 3a 98 6b>,
      privKey: <Buffer 10 f2 45 27 1f 69 87 7f ad 76 6c ee 9f b2 0f f2 c1 15 f0 e2 3c fb 56 38 e4 82 55 a9 18 4a 78 7d>
    },
    lastRemoteEphemeralKey: <Buffer 05 08 63 c5 be af ff 3b c7 70 99 6a b1 c9 cb 70 43 ed 86 ab 37 54 cc 74 ab b6 3d 6c d4 43 65 88 7d>,
    previousCounter: 0,
    rootKey: <Buffer e9 34 2e b2 05 25 ea 5d 06 a2 f7 25 6c 3b 13 c3 63 38 69 c0 ce 35 64 d5 87 a9 6f 72 6c d7 43 2d>
  },
  indexInfo: {
    baseKey: <Buffer 05 dc 7b 5d 9d 8a 87 95 f0 c5 32 18 15 47 29 94 6e 30 fe c3 24 62 a0 39 06 e9 b6 4d 53 93 ed 59 48>,
    baseKeyType: 1,
    closed: -1,
    used: 1771695844533,
    created: 1771695844533,
    remoteIdentityKey: <Buffer 05 21 01 0d d6 ae b9 34 a6 21 23 60 5d d0 90 4d e2 72 bf cf 78 e1 39 26 4b da a9 04 0f 73 06 8f 02>
  },
  pendingPreKey: {
    signedKeyId: 11563341,
    baseKey: <Buffer 05 dc 7b 5d 9d 8a 87 95 f0 c5 32 18 15 47 29 94 6e 30 fe c3 24 62 a0 39 06 e9 b6 4d 53 93 ed 59 48>
  }
}
{"level":30,"time":1771695845886,"pid":9492,"hostname":"DESKTOP-BV1E0F4","jid":"88296692695219@lid","msgId":"3EB091B00E693D6CA0C0A4","status":2,"statusText":"DELIVERY_ACK","kind":"pdf","fileName":"cotizacion-asdasd-20260221.pdf","msg":"Estado mensaje saliente"}
{"level":30,"time":1771695845886,"pid":9492,"hostname":"DESKTOP-BV1E0F4","jid":"51917313107@s.whatsapp.net","msgId":"3EB091B00E693D6CA0C0A4","msg":"Documento enviado y entregado"}
{"level":30,"time":1771695845913,"pid":9492,"hostname":"DESKTOP-BV1E0F4","jid":"51917313107@s.whatsapp.net","msgId":"3EB091B00E693D6CA0C0A4","status":3,"statusText":"READ","kind":"pdf","fileName":"cotizacion-asdasd-20260221.pdf","msg":"Estado mensaje saliente"}
{"level":30,"time":1771695845917,"pid":9492,"hostname":"DESKTOP-BV1E0F4","jid":"51917313107:99@hosted","msgId":"3EB091B00E693D6CA0C0A4","status":3,"statusText":"READ","kind":null,"fileName":null,"msg":"Estado mensaje saliente"}
{"level":30,"time":1771695847779,"pid":9492,"hostname":"DESKTOP-BV1E0F4","jid":"88296692695219@lid","msgId":"3EB091B00E693D6CA0C0A4","status":4,"statusText":"PLAYED","kind":null,"fileName":null,"msg":"Estado mensaje saliente"}
{"level":30,"time":1771695847779,"pid":9492,"hostname":"DESKTOP-BV1E0F4","jid":"88296692695219@lid","msgId":"3EB0D1A611BCD49D83A6E5","status":4,"statusText":"PLAYED","kind":null,"fileName":null,"msg":"Estado mensaje saliente"}
{"level":30,"time":1771695847779,"pid":9492,"hostname":"DESKTOP-BV1E0F4","jid":"88296692695219@lid","msgId":"3EB0E2D767B44BCA6B8443","status":4,"statusText":"PLAYED","kind":null,"fileName":null,"msg":"Estado mensaje saliente"}
{"level":30,"time":1771695847779,"pid":9492,"hostname":"DESKTOP-BV1E0F4","jid":"88296692695219@lid","msgId":"3EB0D31200E45221599B46","status":4,"statusText":"PLAYED","kind":null,"fileName":null,"msg":"Estado mensaje saliente"}
{"level":30,"time":1771695847779,"pid":9492,"hostname":"DESKTOP-BV1E0F4","jid":"88296692695219@lid","msgId":"3EB07023D601B570A6CE86","status":4,"statusText":"PLAYED","kind":null,"fileName":null,"msg":"Estado mensaje saliente"}
{"level":30,"time":1771695847779,"pid":9492,"hostname":"DESKTOP-BV1E0F4","jid":"88296692695219@lid","msgId":"3EB09802372DFE40EC331C","status":4,"statusText":"PLAYED","kind":null,"fileName":null,"msg":"Estado mensaje saliente"}
{"level":30,"time":1771695847780,"pid":9492,"hostname":"DESKTOP-BV1E0F4","jid":"88296692695219@lid","msgId":"3EB05A284BBE8FB9B74C7B","status":4,"statusText":"PLAYED","kind":null,"fileName":null,"msg":"Estado mensaje saliente"}
{"level":30,"time":1771695885874,"pid":9492,"hostname":"DESKTOP-BV1E0F4","jid":"88296692695219@lid","msgId":"3EB07023D601B570A6CE86","status":2,"statusText":"DELIVERY_ACK","kind":null,"fileName":null,"msg":"Estado mensaje saliente"}
{"level":30,"time":1771695885875,"pid":9492,"hostname":"DESKTOP-BV1E0F4","jid":"88296692695219@lid","msgId":"3EB0D31200E45221599B46","status":2,"statusText":"DELIVERY_ACK","kind":null,"fileName":null,"msg":"Estado mensaje saliente"}
{"level":30,"time":1771695885875,"pid":9492,"hostname":"DESKTOP-BV1E0F4","jid":"88296692695219@lid","msgId":"3EB0E2D767B44BCA6B8443","status":2,"statusText":"DELIVERY_ACK","kind":null,"fileName":null,"msg":"Estado mensaje saliente"}
{"level":30,"time":1771695885875,"pid":9492,"hostname":"DESKTOP-BV1E0F4","jid":"88296692695219@lid","msgId":"3EB0D1A611BCD49D83A6E5","status":2,"statusText":"DELIVERY_ACK","kind":null,"fileName":null,"msg":"Estado mensaje saliente"}
{"level":30,"time":1771695885875,"pid":9492,"hostname":"DESKTOP-BV1E0F4","jid":"88296692695219@lid","msgId":"3EB091B00E693D6CA0C0A4","status":2,"statusText":"DELIVERY_ACK","kind":null,"fileName":null,"msg":"Estado mensaje saliente"}
{"level":40,"time":1771696776015,"pid":9492,"hostname":"DESKTOP-BV1E0F4","statusCode":401,"shouldReconnect":false,"msg":"Conexion WhatsApp cerrada"}
⚠️ The printQRInTerminal option has been deprecated. You will no longer receive QR codes in the terminal automatically. Please listen to the connection.update event yourself and handle the QR your way. You can remove this message by removing this opttion. This message will be removed in a future version.

> kenia-call-bridge-skeleton@0.1.0 start:whatsapp
> npm --prefix whatsapp-backend run start


> kenia-whatsapp-backend@0.1.0 start
> node src/server.js

{"level":30,"time":1771706098515,"pid":14312,"hostname":"DESKTOP-BV1E0F4","msg":"WhatsApp backend escuchando en http://0.0.0.0:3010"}
⚠️ The printQRInTerminal option has been deprecated. You will no longer receive QR codes in the terminal automatically. Please listen to the connection.update event yourself and handle the QR your way. You can remove this message by removing this opttion. This message will be removed in a future version.
{"level":40,"time":1771706259351,"pid":14312,"hostname":"DESKTOP-BV1E0F4","statusCode":408,"shouldReconnect":true,"msg":"Conexion WhatsApp cerrada"}
⚠️ The printQRInTerminal option has been deprecated. You will no longer receive QR codes in the terminal automatically. Please listen to the connection.update event yourself and handle the QR your way. You can remove this message by removing this opttion. This message will be removed in a future version.
{"level":40,"time":1771706395203,"pid":14312,"hostname":"DESKTOP-BV1E0F4","statusCode":515,"shouldReconnect":true,"msg":"Conexion WhatsApp cerrada"}
⚠️ The printQRInTerminal option has been deprecated. You will no longer receive QR codes in the terminal automatically. Please listen to the connection.update event yourself and handle the QR your way. You can remove this message by removing this opttion. This message will be removed in a future version.
{"level":30,"time":1771706400642,"pid":14312,"hostname":"DESKTOP-BV1E0F4","user":"51955328972:44@s.whatsapp.net","name":"via comunicativa","msg":"WhatsApp vinculado"}
{"level":30,"time":1771706523461,"pid":14312,"hostname":"DESKTOP-BV1E0F4","method":"POST","url":"/send-message","msg":"Incoming WhatsApp send-message request"}
{"level":30,"time":1771706525270,"pid":14312,"hostname":"DESKTOP-BV1E0F4","jid":"51936613758@s.whatsapp.net","text":"Tus clientes necesitan encontrarte de manera digital efectiva. Si no estás presente con una imagen profesional y estratégica, estás perdiendo oportunidades.  Una PÁGINA WEB bien diseñada no solo informa sobre tus servicios: convierte visitantes en CLIENTES, atrae más personas interesadas y reduce los gastos en publicidad tradicional al trabajar para ti 24/7.  Además, si tienes comercio electrónico, el Libro de Reclamaciones Virtual es obligatorio en Perú según Indecopi. Implementarlo en tu web transmite transparencia, genera confianza y te protege legalmente. Integrarlo demuestra profesionalismo y un compromiso real con tus clientes.  En Via Comunicativa REESTRUCTURAMOS, REDISEÑAMOS Y ACTUALIZAMOS tu web, e INSTALAMOS tu Libro de Reclamaciones Virtual para que cumplas la normativa y potencies tu presencia digital.  📞 CONTACTO: 936 613 758 🌐 www.viacomunicativa.com","hasFile":true,"fileName":"5.png","msg":"Intentando enviar mensaje"}
{"level":30,"time":1771706525272,"pid":14312,"hostname":"DESKTOP-BV1E0F4","jid":"51936613758@s.whatsapp.net","fileName":"5.png","fileMime":"image/png","rawMime":"image/png","size":2412482,"msg":"Enviando archivo"}
Closing session: SessionEntry {
  _chains: {
    BWZGKQNyS2jyKtCuBArokSYtroiIUmtggE9fTX8ZFiQ5: { chainKey: [Object], chainType: 2, messageKeys: {} },
    BYwPSNBE4OOqD6vGNOyypNHPdXhZ9UbJ5N7qnpPruEN1: { chainKey: [Object], chainType: 1, messageKeys: {} }
  },
  registrationId: 2024554646,
  currentRatchet: {
    ephemeralKeyPair: {
      pubKey: <Buffer 05 8c 0f 48 d0 44 e0 e3 aa 0f ab c6 34 ec b2 a4 d1 cf 75 78 59 f5 46 c9 e4 de ea 9e 93 eb b8 43 75>,
      privKey: <Buffer d8 95 41 29 33 8b ba 5d 6b 97 0b 79 f9 dc b3 64 8b a7 5b e4 4b d6 f8 68 d8 7f 50 c8 63 cb f9 5f>
    },
    lastRemoteEphemeralKey: <Buffer 05 66 46 29 03 72 4b 68 f2 2a d0 ae 04 0a e8 91 26 2d ae 88 88 52 6b 60 80 4f 5f 4d 7f 19 16 24 39>,
    previousCounter: 0,
    rootKey: <Buffer 97 7f 38 f4 0d 19 5e 8b 7c 19 74 ec 6f c6 69 22 a9 65 54 6d 4c fe f1 1d 02 ec 94 81 2f 0b 42 97>
  },
  indexInfo: {
    baseKey: <Buffer 05 c0 ac d3 ca af a3 cb f8 52 31 7f b0 f2 ab ab 3d c1 e9 82 78 08 25 b9 ac 32 fc 8b fd 92 5a 9b 6d>,
    baseKeyType: 2,
    closed: -1,
    used: 1771706400584,
    created: 1771706400584,
    remoteIdentityKey: <Buffer 05 e7 b1 0c f2 97 78 d5 52 da 30 51 d8 8f 12 38 5d 67 60 aa 52 55 2e 78 c4 fc bf a3 90 31 07 aa 00>
  }
}
{"level":30,"time":1771706529040,"pid":14312,"hostname":"DESKTOP-BV1E0F4","jid":"51936613758@s.whatsapp.net","msgId":"3EB03315BBAA9F36B6C6B8","status":2,"statusText":"DELIVERY_ACK","kind":"image","fileName":"5.png","msg":"Estado mensaje saliente"}
{"level":30,"time":1771706529040,"pid":14312,"hostname":"DESKTOP-BV1E0F4","jid":"51936613758@s.whatsapp.net","msgId":"3EB03315BBAA9F36B6C6B8","msg":"Imagen enviada y entregada"}
{"level":30,"time":1771706529077,"pid":14312,"hostname":"DESKTOP-BV1E0F4","jid":"207266850574412@lid","msgId":"3EB03315BBAA9F36B6C6B8","status":2,"statusText":"DELIVERY_ACK","kind":"image","fileName":"5.png","msg":"Estado mensaje saliente"}
{"level":30,"time":1771706529810,"pid":14312,"hostname":"DESKTOP-BV1E0F4","jid":"51936613758:54@s.whatsapp.net","msgId":"3EB03315BBAA9F36B6C6B8","status":3,"statusText":"READ","kind":"image","fileName":"5.png","msg":"Estado mensaje saliente"}
{"level":30,"time":1771706529917,"pid":14312,"hostname":"DESKTOP-BV1E0F4","jid":"51936613758:48@s.whatsapp.net","msgId":"3EB03315BBAA9F36B6C6B8","status":3,"statusText":"READ","kind":null,"fileName":null,"msg":"Estado mensaje saliente"}
{"level":30,"time":1771706530576,"pid":14312,"hostname":"DESKTOP-BV1E0F4","jid":"51936613758@s.whatsapp.net","msgId":"3EB03315BBAA9F36B6C6B8","status":3,"statusText":"READ","kind":null,"fileName":null,"msg":"Estado mensaje saliente"}
{"level":30,"time":1771706536472,"pid":14312,"hostname":"DESKTOP-BV1E0F4","jid":"207266850574412:54@lid","msgId":"3EB03315BBAA9F36B6C6B8","status":4,"statusText":"PLAYED","kind":null,"fileName":null,"msg":"Estado mensaje saliente"}
{"level":30,"time":1771706595489,"pid":14312,"hostname":"DESKTOP-BV1E0F4","method":"POST","url":"/send-message","msg":"Incoming WhatsApp send-message request"}
{"level":30,"time":1771706596043,"pid":14312,"hostname":"DESKTOP-BV1E0F4","jid":"51936613758@s.whatsapp.net","text":"Hola, te comparto tu cotización en PDF.\r\nEmpresa: via","hasFile":true,"fileName":"cotizacion-via-20260221.pdf","msg":"Intentando enviar mensaje"}
{"level":30,"time":1771706596044,"pid":14312,"hostname":"DESKTOP-BV1E0F4","jid":"51936613758@s.whatsapp.net","fileName":"cotizacion-via-20260221.pdf","fileMime":"application/pdf","rawMime":"application/pdf","size":410306,"msg":"Enviando archivo"}
Closing session: SessionEntry {
  _chains: {
    'BRnbmI+FRpsq445Bn6vs57UJR1JOkQtXNyYI+hZtwns6': { chainKey: [Object], chainType: 1, messageKeys: {} }
  },
  registrationId: 4858,
  currentRatchet: {
    ephemeralKeyPair: {
      pubKey: <Buffer 05 19 db 98 8f 85 46 9b 2a e3 8e 41 9f ab ec e7 b5 09 47 52 4e 91 0b 57 37 26 08 fa 16 6d c2 7b 3a>,
      privKey: <Buffer 98 c1 23 87 a6 12 92 a7 ed 63 fb e9 01 b7 5a cb 48 54 db 23 59 3d 70 2d c0 0b fa 9e af f5 63 59>
    },
    lastRemoteEphemeralKey: <Buffer 05 ae 42 78 26 62 4f 34 90 9c 3e e7 4d 00 20 19 f3 c0 40 1e 2d cb 86 5a 20 69 50 63 bb 44 28 5e 1a>,
    previousCounter: 0,
    rootKey: <Buffer f3 63 11 73 9b 68 26 97 a7 fb a6 77 ab 72 74 74 ac 5f e1 24 1a 16 74 d2 11 a7 81 d0 7a ee a0 f3>
  },
  indexInfo: {
    baseKey: <Buffer 05 48 ee 3f 6c 7d ba 5a 6b cb 10 63 10 a1 a4 a4 b5 d5 15 6f 9f bf 24 f9 41 53 72 c0 4a 02 38 fe 3f>,
    baseKeyType: 1,
    closed: -1,
    used: 1771706528427,
    created: 1771706528427,
    remoteIdentityKey: <Buffer 05 17 88 24 6e 14 10 25 c8 c3 31 66 fe f2 24 78 09 ed f3 66 ff df cc 23 55 7a e1 2a 8d 8e 7e c2 04>
  },
  pendingPreKey: {
    signedKeyId: 1,
    baseKey: <Buffer 05 48 ee 3f 6c 7d ba 5a 6b cb 10 63 10 a1 a4 a4 b5 d5 15 6f 9f bf 24 f9 41 53 72 c0 4a 02 38 fe 3f>,
    preKeyId: 123
  }
}
Closing session: SessionEntry {
  _chains: {
    'BYOL86YYYYoQCkEo8SHD2i4rvxy/gi3PeVkk5Gd5eikI': { chainKey: [Object], chainType: 1, messageKeys: {} }
  },
  registrationId: 6417,
  currentRatchet: {
    ephemeralKeyPair: {
      pubKey: <Buffer 05 83 8b f3 a6 18 61 8a 10 0a 41 28 f1 21 c3 da 2e 2b bf 1c bf 82 2d cf 79 59 24 e4 67 79 7a 29 08>,
      privKey: <Buffer 20 29 8a 24 e3 c1 e2 6a 45 50 a0 78 f2 42 e1 de c1 f8 f9 ee 96 56 8c 44 a8 24 29 12 c7 67 8d 79>
    },
    lastRemoteEphemeralKey: <Buffer 05 7a 12 9d 15 f3 9d f8 09 46 ce b3 10 ea 0a b5 5c fd 12 be bf 40 b7 92 94 58 3f a4 7d 20 9d 1f 73>,
    previousCounter: 0,
    rootKey: <Buffer 13 3e 02 d4 c4 a7 74 a5 fc 67 07 a6 d6 04 57 f2 ba a6 98 ae 40 3f cb 6a 77 92 02 1c 2c b9 c4 50>
  },
  indexInfo: {
    baseKey: <Buffer 05 78 eb 95 81 51 2a 94 cd 06 56 d3 41 11 03 fc 35 12 fa eb 9b 76 4f f0 84 fd 75 8d cf a0 ff d8 5c>,
    baseKeyType: 1,
    closed: -1,
    used: 1771706528433,
    created: 1771706528433,
    remoteIdentityKey: <Buffer 05 d7 2d a2 66 44 52 6c 33 b9 09 23 55 b4 30 9a 62 37 b0 53 08 24 1c fe 83 b1 d1 2b df 47 a4 bd 30>
  },
  pendingPreKey: {
    signedKeyId: 2,
    baseKey: <Buffer 05 78 eb 95 81 51 2a 94 cd 06 56 d3 41 11 03 fc 35 12 fa eb 9b 76 4f f0 84 fd 75 8d cf a0 ff d8 5c>,
    preKeyId: 282
  }
}
Closing session: SessionEntry {
  _chains: {
    'BQosYApzO2UsUW6ivxbC6Hztf2g1eucP2cdqBJ/ixyAn': { chainKey: [Object], chainType: 1, messageKeys: {} }
  },
  registrationId: 10350,
  currentRatchet: {
    ephemeralKeyPair: {
      pubKey: <Buffer 05 0a 2c 60 0a 73 3b 65 2c 51 6e a2 bf 16 c2 e8 7c ed 7f 68 35 7a e7 0f d9 c7 6a 04 9f e2 c7 20 27>,
      privKey: <Buffer d8 67 5f 8c e8 03 88 2d c7 8a 2a ec d1 d6 8c 40 b7 87 3e 25 3c d5 5f 58 32 33 75 ef 24 df 18 6c>
    },
    lastRemoteEphemeralKey: <Buffer 05 c1 93 96 a8 66 00 43 a0 8c 0c 1c da 2e 7d 41 28 e9 46 92 e1 0c 67 fb 89 46 2f 90 9d 83 08 1f 6d>,
    previousCounter: 0,
    rootKey: <Buffer 84 2c 6d 4b ab c0 6d d0 ea d9 c4 81 ba b6 fb 37 66 9a 7b 5c 48 34 e9 6d 2c 71 35 39 0b e2 a2 d9>
  },
  indexInfo: {
    baseKey: <Buffer 05 0b 76 65 e5 a6 84 bb 11 c1 67 ec 3a 6c 19 4d 28 3f 3c d5 19 64 0e c9 9e 6c d1 1a d2 16 c0 6a 23>,
    baseKeyType: 1,
    closed: -1,
    used: 1771706528438,
    created: 1771706528438,
    remoteIdentityKey: <Buffer 05 c2 eb cd dd 91 87 22 0d aa d0 c6 dc c9 ea db f5 b1 06 fa 6a 34 55 59 b8 5a f9 a8 0c e5 41 d1 0a>
  },
  pendingPreKey: {
    signedKeyId: 1,
    baseKey: <Buffer 05 0b 76 65 e5 a6 84 bb 11 c1 67 ec 3a 6c 19 4d 28 3f 3c d5 19 64 0e c9 9e 6c d1 1a d2 16 c0 6a 23>,
    preKeyId: 770
  }
}
{"level":30,"time":1771706597199,"pid":14312,"hostname":"DESKTOP-BV1E0F4","jid":"51936613758@s.whatsapp.net","msgId":"3EB085FBBC9F0283BFA753","status":2,"statusText":"DELIVERY_ACK","kind":"pdf","fileName":"cotizacion-via-20260221.pdf","msg":"Estado mensaje saliente"}
{"level":30,"time":1771706597199,"pid":14312,"hostname":"DESKTOP-BV1E0F4","jid":"207266850574412@lid","msgId":"3EB085FBBC9F0283BFA753","status":2,"statusText":"DELIVERY_ACK","kind":"pdf","fileName":"cotizacion-via-20260221.pdf","msg":"Estado mensaje saliente"}
{"level":30,"time":1771706597200,"pid":14312,"hostname":"DESKTOP-BV1E0F4","jid":"51936613758@s.whatsapp.net","msgId":"3EB085FBBC9F0283BFA753","msg":"Documento enviado y entregado"}
{"level":30,"time":1771706597953,"pid":14312,"hostname":"DESKTOP-BV1E0F4","jid":"51936613758:48@s.whatsapp.net","msgId":"3EB085FBBC9F0283BFA753","status":3,"statusText":"READ","kind":"pdf","fileName":"cotizacion-via-20260221.pdf","msg":"Estado mensaje saliente"}
{"level":30,"time":1771706598030,"pid":14312,"hostname":"DESKTOP-BV1E0F4","jid":"51936613758:54@s.whatsapp.net","msgId":"3EB085FBBC9F0283BFA753","status":3,"statusText":"READ","kind":null,"fileName":null,"msg":"Estado mensaje saliente"}
{"level":30,"time":1771706598070,"pid":14312,"hostname":"DESKTOP-BV1E0F4","jid":"51936613758@s.whatsapp.net","msgId":"3EB085FBBC9F0283BFA753","status":3,"statusText":"READ","kind":null,"fileName":null,"msg":"Estado mensaje saliente"}
{"level":30,"time":1771706598243,"pid":14312,"hostname":"DESKTOP-BV1E0F4","jid":"207266850574412:54@lid","msgId":"3EB085FBBC9F0283BFA753","status":4,"statusText":"PLAYED","kind":null,"fileName":null,"msg":"Estado mensaje saliente"}

> kenia-call-bridge-skeleton@0.1.0 start:whatsapp
> npm --prefix whatsapp-backend run start


> kenia-whatsapp-backend@0.1.0 start
> node src/server.js

{"level":30,"time":1771707450467,"pid":13508,"hostname":"DESKTOP-BV1E0F4","msg":"WhatsApp backend escuchando en http://0.0.0.0:3010"}
⚠️ The printQRInTerminal option has been deprecated. You will no longer receive QR codes in the terminal automatically. Please listen to the connection.update event yourself and handle the QR your way. You can remove this message by removing this opttion. This message will be removed in a future version.
{"level":30,"time":1771707451593,"pid":13508,"hostname":"DESKTOP-BV1E0F4","user":"51955328972:44@s.whatsapp.net","name":"via comunicativa","msg":"WhatsApp vinculado"}
{"level":30,"time":1771707638383,"pid":13508,"hostname":"DESKTOP-BV1E0F4","method":"POST","url":"/send-message","msg":"Incoming WhatsApp send-message request"}
{"level":30,"time":1771707640182,"pid":13508,"hostname":"DESKTOP-BV1E0F4","jid":"51958221390@s.whatsapp.net","text":"Tus clientes necesitan encontrarte de manera digital efectiva. Si no estás presente con una imagen profesional y estratégica, estás perdiendo oportunidades.  Una PÁGINA WEB bien diseñada no solo informa sobre tus servicios: convierte visitantes en CLIENTES, atrae más personas interesadas y reduce los gastos en publicidad tradicional al trabajar para ti 24/7.  Además, si tienes comercio electrónico, el Libro de Reclamaciones Virtual es obligatorio en Perú según Indecopi. Implementarlo en tu web transmite transparencia, genera confianza y te protege legalmente. Integrarlo demuestra profesionalismo y un compromiso real con tus clientes.  En Via Comunicativa REESTRUCTURAMOS, REDISEÑAMOS Y ACTUALIZAMOS tu web, e INSTALAMOS tu Libro de Reclamaciones Virtual para que cumplas la normativa y potencies tu presencia digital.  📞 CONTACTO: 936 613 758 🌐 www.viacomunicativa.com","hasFile":true,"fileName":"5.png","msg":"Intentando enviar mensaje"}
{"level":30,"time":1771707640182,"pid":13508,"hostname":"DESKTOP-BV1E0F4","jid":"51958221390@s.whatsapp.net","fileName":"5.png","fileMime":"image/png","rawMime":"image/png","size":2412482,"msg":"Enviando archivo"}
Closing session: SessionEntry {
  _chains: {
    BTxMpCN2XZPP2nINkEKuBfR7nMPcR1BlaPncUABAZ8dj: { chainKey: [Object], chainType: 1, messageKeys: {} }
  },
  registrationId: 2024554646,
  currentRatchet: {
    ephemeralKeyPair: {
      pubKey: <Buffer 05 3c 4c a4 23 76 5d 93 cf da 72 0d 90 42 ae 05 f4 7b 9c c3 dc 47 50 65 68 f9 dc 50 00 40 67 c7 63>,
      privKey: <Buffer 50 e4 7f 76 97 b3 23 0b d4 f9 8e 9b 9d fc 57 d8 23 47 d2 92 26 60 36 33 53 02 69 f2 94 df 1c 45>
    },
    lastRemoteEphemeralKey: <Buffer 05 db b5 c3 bc 26 86 3a c0 ac 25 37 8c e3 93 f1 1f af ff 3c ea 2c 8f c8 57 be 3c cb 4c 3c e9 ba 4b>,
    previousCounter: 0,
    rootKey: <Buffer a0 7e cc 7a f8 a7 97 47 53 8e 70 0c e2 c2 46 3b 1c cf d5 a5 0d 3d f7 4e 69 46 b5 ff 1f 59 b1 9e>
  },
  indexInfo: {
    baseKey: <Buffer 05 17 73 b8 af a5 c1 95 0d 18 50 e1 2c 12 29 8c a3 a1 47 32 da 3d 1d 3c 52 37 50 a1 c9 86 98 79 65>,
    baseKeyType: 1,
    closed: -1,
    used: 1771706528163,
    created: 1771706528163,
    remoteIdentityKey: <Buffer 05 e7 b1 0c f2 97 78 d5 52 da 30 51 d8 8f 12 38 5d 67 60 aa 52 55 2e 78 c4 fc bf a3 90 31 07 aa 00>
  },
  pendingPreKey: {
    signedKeyId: 6004137,
    baseKey: <Buffer 05 17 73 b8 af a5 c1 95 0d 18 50 e1 2c 12 29 8c a3 a1 47 32 da 3d 1d 3c 52 37 50 a1 c9 86 98 79 65>,
    preKeyId: 9145926
  }
}
{"level":30,"time":1771707642613,"pid":13508,"hostname":"DESKTOP-BV1E0F4","jid":"51958221390@s.whatsapp.net","msgId":"3EB034AEFFAF627017EAE9","status":2,"statusText":"DELIVERY_ACK","kind":"image","fileName":"5.png","msg":"Estado mensaje saliente"}
{"level":30,"time":1771707642614,"pid":13508,"hostname":"DESKTOP-BV1E0F4","jid":"51958221390@s.whatsapp.net","msgId":"3EB034AEFFAF627017EAE9","msg":"Imagen enviada y entregada"}
{"level":30,"time":1771707658340,"pid":13508,"hostname":"DESKTOP-BV1E0F4","jid":"51958221390@s.whatsapp.net","msgId":"3EB034AEFFAF627017EAE9","status":3,"statusText":"READ","kind":"image","fileName":"5.png","msg":"Estado mensaje saliente"}
{"level":30,"time":1771707702407,"pid":13508,"hostname":"DESKTOP-BV1E0F4","jid":"229076711305385@lid","msgId":"3EB0E65C7E947EFCDEB191","status":3,"statusText":"READ","kind":null,"fileName":null,"msg":"Estado mensaje saliente"}
{"level":30,"time":1771707719319,"pid":13508,"hostname":"DESKTOP-BV1E0F4","jid":"265545597329560:46@lid","msgId":"3EB06DAEC0E6253C886EED","status":3,"statusText":"READ","kind":null,"fileName":null,"msg":"Estado mensaje saliente"}
{"level":30,"time":1771707720755,"pid":13508,"hostname":"DESKTOP-BV1E0F4","jid":"265545597329560@lid","msgId":"3EB06DAEC0E6253C886EED","status":3,"statusText":"READ","kind":null,"fileName":null,"msg":"Estado mensaje saliente"}
{"level":30,"time":1771708340847,"pid":13508,"hostname":"DESKTOP-BV1E0F4","jid":"229076711305385@lid","msgId":"3EB034AEFFAF627017EAE9","status":2,"statusText":"DELIVERY_ACK","kind":null,"fileName":null,"msg":"Estado mensaje saliente"}
{"level":30,"time":1771708428283,"pid":13508,"hostname":"DESKTOP-BV1E0F4","jid":"207266850574412:48@lid","msgId":"3EB016DFA184A9744C9ED5","status":3,"statusText":"READ","kind":null,"fileName":null,"msg":"Estado mensaje saliente"}
{"level":30,"time":1771708428418,"pid":13508,"hostname":"DESKTOP-BV1E0F4","jid":"207266850574412:54@lid","msgId":"3EB016DFA184A9744C9ED5","status":3,"statusText":"READ","kind":null,"fileName":null,"msg":"Estado mensaje saliente"}
{"level":30,"time":1771708432449,"pid":13508,"hostname":"DESKTOP-BV1E0F4","jid":"207266850574412@lid","msgId":"3EB016DFA184A9744C9ED5","status":3,"statusText":"READ","kind":null,"fileName":null,"msg":"Estado mensaje saliente"}
{"level":30,"time":1771708679752,"pid":13508,"hostname":"DESKTOP-BV1E0F4","jid":"214228858347670@lid","msgId":"3EB009BEB1E063BE73AA76","status":3,"statusText":"READ","kind":null,"fileName":null,"msg":"Estado mensaje saliente"}
{"level":30,"time":1771708778515,"pid":13508,"hostname":"DESKTOP-BV1E0F4","jid":"207266850574412:48@lid","msgId":"3EB016DFA184A9744C9ED5","status":4,"statusText":"PLAYED","kind":null,"fileName":null,"msg":"Estado mensaje saliente"}
{"level":30,"time":1771708957172,"pid":13508,"hostname":"DESKTOP-BV1E0F4","jid":"214228858347670@lid","msgId":"3EB009BEB1E063BE73AA76","status":4,"statusText":"PLAYED","kind":null,"fileName":null,"msg":"Estado mensaje saliente"}
{"level":30,"time":1771709643863,"pid":13508,"hostname":"DESKTOP-BV1E0F4","jid":"242068886654976@lid","msgId":"3EB098BA2CAC849B4F4C92","status":3,"statusText":"READ","kind":null,"fileName":null,"msg":"Estado mensaje saliente"}
{"level":30,"time":1771709740637,"pid":13508,"hostname":"DESKTOP-BV1E0F4","jid":"242068886654976@lid","msgId":"3EB0CC6129AD973CB40249","status":3,"statusText":"READ","kind":null,"fileName":null,"msg":"Estado mensaje saliente"}
{"level":30,"time":1771709810132,"pid":13508,"hostname":"DESKTOP-BV1E0F4","jid":"242068886654976@lid","msgId":"3EB087451155D7B81F52B5","status":3,"statusText":"READ","kind":null,"fileName":null,"msg":"Estado mensaje saliente"}
{"level":30,"time":1771709835482,"pid":13508,"hostname":"DESKTOP-BV1E0F4","jid":"242068886654976@lid","msgId":"3EB0476967A6181B621CB5","status":3,"statusText":"READ","kind":null,"fileName":null,"msg":"Estado mensaje saliente"}
{"level":30,"time":1771709984639,"pid":13508,"hostname":"DESKTOP-BV1E0F4","jid":"242068886654976@lid","msgId":"3EB0E89A1C04921425142E","status":3,"statusText":"READ","kind":null,"fileName":null,"msg":"Estado mensaje saliente"}
{"level":30,"time":1771710474093,"pid":13508,"hostname":"DESKTOP-BV1E0F4","jid":"207266850574412:48@lid","msgId":"3EB0A030FBF65FD8028D7C","status":3,"statusText":"READ","kind":null,"fileName":null,"msg":"Estado mensaje saliente"}
{"level":30,"time":1771710474131,"pid":13508,"hostname":"DESKTOP-BV1E0F4","jid":"207266850574412:54@lid","msgId":"3EB0A030FBF65FD8028D7C","status":3,"statusText":"READ","kind":null,"fileName":null,"msg":"Estado mensaje saliente"}
{"level":30,"time":1771710476473,"pid":13508,"hostname":"DESKTOP-BV1E0F4","jid":"207266850574412@lid","msgId":"3EB0A030FBF65FD8028D7C","status":3,"statusText":"READ","kind":null,"fileName":null,"msg":"Estado mensaje saliente"}
{"level":30,"time":1771710665150,"pid":13508,"hostname":"DESKTOP-BV1E0F4","jid":"207266850574412:48@lid","msgId":"3EB0A030FBF65FD8028D7C","status":4,"statusText":"PLAYED","kind":null,"fileName":null,"msg":"Estado mensaje saliente"}
{"level":30,"time":1771710819343,"pid":13508,"hostname":"DESKTOP-BV1E0F4","jid":"265545597329560@lid","msgId":"3EB052C7AE1256906D23C5","status":3,"statusText":"READ","kind":null,"fileName":null,"msg":"Estado mensaje saliente"}
{"level":30,"time":1771710819347,"pid":13508,"hostname":"DESKTOP-BV1E0F4","jid":"265545597329560:46@lid","msgId":"3EB052C7AE1256906D23C5","status":3,"statusText":"READ","kind":null,"fileName":null,"msg":"Estado mensaje saliente"}
{"level":30,"time":1771710924084,"pid":13508,"hostname":"DESKTOP-BV1E0F4","jid":"173430829789384:51@lid","msgId":"3EB04297C72E4C30529751","status":3,"statusText":"READ","kind":null,"fileName":null,"msg":"Estado mensaje saliente"}
{"level":30,"time":1771710926398,"pid":13508,"hostname":"DESKTOP-BV1E0F4","jid":"173430829789384@lid","msgId":"3EB04297C72E4C30529751","status":3,"statusText":"READ","kind":null,"fileName":null,"msg":"Estado mensaje saliente"}
{"level":30,"time":1771710930263,"pid":13508,"hostname":"DESKTOP-BV1E0F4","jid":"173430829789384:51@lid","msgId":"3EB06DB7D5F5D2EA1FCB03","status":3,"statusText":"READ","kind":null,"fileName":null,"msg":"Estado mensaje saliente"}
{"level":30,"time":1771710930292,"pid":13508,"hostname":"DESKTOP-BV1E0F4","jid":"173430829789384@lid","msgId":"3EB06DB7D5F5D2EA1FCB03","status":3,"statusText":"READ","kind":null,"fileName":null,"msg":"Estado mensaje saliente"}
{"level":30,"time":1771710940224,"pid":13508,"hostname":"DESKTOP-BV1E0F4","jid":"173430829789384:51@lid","msgId":"3EB06DB7D5F5D2EA1FCB03","status":4,"statusText":"PLAYED","kind":null,"fileName":null,"msg":"Estado mensaje saliente"}
{"level":30,"time":1771710940224,"pid":13508,"hostname":"DESKTOP-BV1E0F4","jid":"173430829789384:51@lid","msgId":"3EB04297C72E4C30529751","status":4,"statusText":"PLAYED","kind":null,"fileName":null,"msg":"Estado mensaje saliente"}
{"level":30,"time":1771711178372,"pid":13508,"hostname":"DESKTOP-BV1E0F4","jid":"173430829789384:51@lid","msgId":"3EB0353C92D968B20B4E58","status":3,"statusText":"READ","kind":null,"fileName":null,"msg":"Estado mensaje saliente"}
{"level":30,"time":1771711179356,"pid":13508,"hostname":"DESKTOP-BV1E0F4","jid":"173430829789384@lid","msgId":"3EB0353C92D968B20B4E58","status":3,"statusText":"READ","kind":null,"fileName":null,"msg":"Estado mensaje saliente"}
{"level":30,"time":1771711623572,"pid":13508,"hostname":"DESKTOP-BV1E0F4","method":"POST","url":"/send-message","msg":"Incoming WhatsApp send-message request"}
{"level":30,"time":1771711625531,"pid":13508,"hostname":"DESKTOP-BV1E0F4","jid":"51941082102@s.whatsapp.net","text":"Tus clientes necesitan encontrarte de manera digital efectiva. Si no estás presente con una imagen profesional y estratégica, estás perdiendo oportunidades.  Una PÁGINA WEB bien diseñada no solo informa sobre tus servicios: convierte visitantes en CLIENTES, atrae más personas interesadas y reduce los gastos en publicidad tradicional al trabajar para ti 24/7.  Además, si tienes comercio electrónico, el Libro de Reclamaciones Virtual es obligatorio en Perú según Indecopi. Implementarlo en tu web transmite transparencia, genera confianza y te protege legalmente. Integrarlo demuestra profesionalismo y un compromiso real con tus clientes.  En Via Comunicativa REESTRUCTURAMOS, REDISEÑAMOS Y ACTUALIZAMOS tu web, e INSTALAMOS tu Libro de Reclamaciones Virtual para que cumplas la normativa y potencies tu presencia digital.  📞 CONTACTO: 936 613 758 🌐 www.viacomunicativa.com","hasFile":true,"fileName":"5.png","msg":"Intentando enviar mensaje"}
{"level":30,"time":1771711625535,"pid":13508,"hostname":"DESKTOP-BV1E0F4","jid":"51941082102@s.whatsapp.net","fileName":"5.png","fileMime":"image/png","rawMime":"image/png","size":2412482,"msg":"Enviando archivo"}
Closing session: SessionEntry {
  _chains: {
    BbY4VUnRjAahYSK5S1v4Tr1OS4VreDHgfHFO26dKNoos: { chainKey: [Object], chainType: 2, messageKeys: {} },
    BTiMCOnxq3Jq4axvfGIT7eGOtP9k5WacT32cx7gc6AMM: { chainKey: [Object], chainType: 1, messageKeys: {} }
  },
  registrationId: 2024554646,
  currentRatchet: {
    ephemeralKeyPair: {
      pubKey: <Buffer 05 38 8c 08 e9 f1 ab 72 6a e1 ac 6f 7c 62 13 ed e1 8e b4 ff 64 e5 66 9c 4f 7d 9c c7 b8 1c e8 03 0c>,
      privKey: <Buffer d8 9f ac b9 57 61 70 e5 59 13 4b 47 ba b1 20 b8 7c 07 e1 ed 61 50 bb e0 53 cd 73 54 2b 4d f8 70>
    },
    lastRemoteEphemeralKey: <Buffer 05 b6 38 55 49 d1 8c 06 a1 61 22 b9 4b 5b f8 4e bd 4e 4b 85 6b 78 31 e0 7c 71 4e db a7 4a 36 8a 2c>,
    previousCounter: 1,
    rootKey: <Buffer 19 f7 4a d7 21 89 6e 57 5c c2 86 54 3a c1 4d d1 33 9e 91 7c e6 1a b1 2b 15 30 aa d4 fa ea 91 d2>
  },
  indexInfo: {
    baseKey: <Buffer 05 28 f3 2f e0 54 db 1a 1d 01 c8 31 c7 ef 8d 04 10 eb 77 71 61 9f 7a b3 79 2f b6 fb 75 72 0a 13 5e>,
    baseKeyType: 1,
    closed: -1,
    used: 1771708347288,
    created: 1771707641935,
    remoteIdentityKey: <Buffer 05 e7 b1 0c f2 97 78 d5 52 da 30 51 d8 8f 12 38 5d 67 60 aa 52 55 2e 78 c4 fc bf a3 90 31 07 aa 00>
  }
}
{"level":30,"time":1771711628318,"pid":13508,"hostname":"DESKTOP-BV1E0F4","jid":"51941082102@s.whatsapp.net","msgId":"3EB0A6F48B82EDEE61B9A9","status":2,"statusText":"DELIVERY_ACK","kind":"image","fileName":"5.png","msg":"Estado mensaje saliente"}
{"level":30,"time":1771711628318,"pid":13508,"hostname":"DESKTOP-BV1E0F4","jid":"51941082102@s.whatsapp.net","msgId":"3EB0A6F48B82EDEE61B9A9","msg":"Imagen enviada y entregada"}
{"level":30,"time":1771711629176,"pid":13508,"hostname":"DESKTOP-BV1E0F4","jid":"51941082102:57@s.whatsapp.net","msgId":"3EB0A6F48B82EDEE61B9A9","status":3,"statusText":"READ","kind":"image","fileName":"5.png","msg":"Estado mensaje saliente"}
{"level":30,"time":1771711629305,"pid":13508,"hostname":"DESKTOP-BV1E0F4","jid":"51941082102@s.whatsapp.net","msgId":"3EB0A6F48B82EDEE61B9A9","status":3,"statusText":"READ","kind":null,"fileName":null,"msg":"Estado mensaje saliente"}
{"level":30,"time":1771711850486,"pid":13508,"hostname":"DESKTOP-BV1E0F4","jid":"242859143860224@lid","msgId":"3EB0A6F48B82EDEE61B9A9","status":2,"statusText":"DELIVERY_ACK","kind":null,"fileName":null,"msg":"Estado mensaje saliente"}
{"level":30,"time":1771712200193,"pid":13508,"hostname":"DESKTOP-BV1E0F4","jid":"173430829789384:51@lid","msgId":"3EB0353C92D968B20B4E58","status":4,"statusText":"PLAYED","kind":null,"fileName":null,"msg":"Estado mensaje saliente"}
{"level":30,"time":1771712753561,"pid":13508,"hostname":"DESKTOP-BV1E0F4","jid":"137473464205313@lid","msgId":"3EB09E9EA8556FD34CF20E","status":3,"statusText":"READ","kind":null,"fileName":null,"msg":"Estado mensaje saliente"}
{"level":30,"time":1771712762963,"pid":13508,"hostname":"DESKTOP-BV1E0F4","jid":"137473464205313@lid","msgId":"3EB0FA572A4FAD794DD2F3","status":3,"statusText":"READ","kind":null,"fileName":null,"msg":"Estado mensaje saliente"}
{"level":30,"time":1771713619662,"pid":13508,"hostname":"DESKTOP-BV1E0F4","jid":"240419535331495@lid","msgId":"3EB0783BB101324CF41BCC","status":3,"statusText":"READ","kind":null,"fileName":null,"msg":"Estado mensaje saliente"}
{"level":30,"time":1771713631691,"pid":13508,"hostname":"DESKTOP-BV1E0F4","jid":"240419535331495@lid","msgId":"3EB0361A33B051FDB11D2C","status":3,"statusText":"READ","kind":null,"fileName":null,"msg":"Estado mensaje saliente"}
{"level":30,"time":1771713650576,"pid":13508,"hostname":"DESKTOP-BV1E0F4","jid":"240419535331495@lid","msgId":"3EB04FBA0AE53F87601500","status":3,"statusText":"READ","kind":null,"fileName":null,"msg":"Estado mensaje saliente"}
{"level":30,"time":1771713679003,"pid":13508,"hostname":"DESKTOP-BV1E0F4","jid":"137473464205313@lid","msgId":"3EB09FCF67621A5A320D3D","status":3,"statusText":"READ","kind":null,"fileName":null,"msg":"Estado mensaje saliente"}
{"level":30,"time":1771713684787,"pid":13508,"hostname":"DESKTOP-BV1E0F4","jid":"137473464205313@lid","msgId":"3EB09FCF67621A5A320D3D","status":4,"statusText":"PLAYED","kind":null,"fileName":null,"msg":"Estado mensaje saliente"}
{"level":30,"time":1771713693533,"pid":13508,"hostname":"DESKTOP-BV1E0F4","jid":"137473464205313@lid","msgId":"3EB0F44CEAF9F734925ACE","status":3,"statusText":"READ","kind":null,"fileName":null,"msg":"Estado mensaje saliente"}
{"level":30,"time":1771713693544,"pid":13508,"hostname":"DESKTOP-BV1E0F4","jid":"137473464205313@lid","msgId":"3EB0F44CEAF9F734925ACE","status":4,"statusText":"PLAYED","kind":null,"fileName":null,"msg":"Estado mensaje saliente"}
{"level":30,"time":1771713822114,"pid":13508,"hostname":"DESKTOP-BV1E0F4","jid":"137473464205313@lid","msgId":"3EB01778140650CABD95AD","status":3,"statusText":"READ","kind":null,"fileName":null,"msg":"Estado mensaje saliente"}

> kenia-call-bridge-skeleton@0.1.0 start:whatsapp
> npm --prefix whatsapp-backend run start


> kenia-whatsapp-backend@0.1.0 start
> node src/server.js

{"level":30,"time":1771713845959,"pid":18092,"hostname":"DESKTOP-BV1E0F4","msg":"WhatsApp backend escuchando en http://0.0.0.0:3010"}
⚠️ The printQRInTerminal option has been deprecated. You will no longer receive QR codes in the terminal automatically. Please listen to the connection.update event yourself and handle the QR your way. You can remove this message by removing this opttion. This message will be removed in a future version.
{"level":30,"time":1771713850427,"pid":18092,"hostname":"DESKTOP-BV1E0F4","jid":"137473464205313@lid","msgId":"3EB01778140650CABD95AD","status":4,"statusText":"PLAYED","kind":null,"fileName":null,"msg":"Estado mensaje saliente"}
{"level":30,"time":1771713850606,"pid":18092,"hostname":"DESKTOP-BV1E0F4","user":"51955328972:44@s.whatsapp.net","name":"via comunicativa","msg":"WhatsApp vinculado"}

> kenia-call-bridge-skeleton@0.1.0 start:whatsapp
> npm --prefix whatsapp-backend run start


> kenia-whatsapp-backend@0.1.0 start
> node src/server.js

{"level":30,"time":1771713964044,"pid":17272,"hostname":"DESKTOP-BV1E0F4","msg":"WhatsApp backend escuchando en http://0.0.0.0:3010"}
⚠️ The printQRInTerminal option has been deprecated. You will no longer receive QR codes in the terminal automatically. Please listen to the connection.update event yourself and handle the QR your way. You can remove this message by removing this opttion. This message will be removed in a future version.
{"level":30,"time":1771713966246,"pid":17272,"hostname":"DESKTOP-BV1E0F4","user":"51955328972:44@s.whatsapp.net","name":"via comunicativa","msg":"WhatsApp vinculado"}

> kenia-call-bridge-skeleton@0.1.0 start:whatsapp
> npm --prefix whatsapp-backend run start


> kenia-whatsapp-backend@0.1.0 start
> node src/server.js

{"level":30,"time":1771714008317,"pid":18048,"hostname":"DESKTOP-BV1E0F4","msg":"WhatsApp backend escuchando en http://0.0.0.0:3010"}
⚠️ The printQRInTerminal option has been deprecated. You will no longer receive QR codes in the terminal automatically. Please listen to the connection.update event yourself and handle the QR your way. You can remove this message by removing this opttion. This message will be removed in a future version.
{"level":30,"time":1771714011000,"pid":18048,"hostname":"DESKTOP-BV1E0F4","user":"51955328972:44@s.whatsapp.net","name":"via comunicativa","msg":"WhatsApp vinculado"}

> kenia-call-bridge-skeleton@0.1.0 start:whatsapp
> npm --prefix whatsapp-backend run start


> kenia-whatsapp-backend@0.1.0 start
> node src/server.js

{"level":30,"time":1771714086840,"pid":1608,"hostname":"DESKTOP-BV1E0F4","msg":"WhatsApp backend escuchando en http://0.0.0.0:3010"}
⚠️ The printQRInTerminal option has been deprecated. You will no longer receive QR codes in the terminal automatically. Please listen to the connection.update event yourself and handle the QR your way. You can remove this message by removing this opttion. This message will be removed in a future version.
{"level":30,"time":1771714087779,"pid":1608,"hostname":"DESKTOP-BV1E0F4","user":"51955328972:44@s.whatsapp.net","name":"via comunicativa","msg":"WhatsApp vinculado"}

> kenia-call-bridge-skeleton@0.1.0 start:whatsapp
> npm --prefix whatsapp-backend run start


> kenia-whatsapp-backend@0.1.0 start
> node src/server.js

{"level":30,"time":1771715014162,"pid":7824,"hostname":"DESKTOP-BV1E0F4","msg":"WhatsApp backend escuchando en http://0.0.0.0:3010"}
⚠️ The printQRInTerminal option has been deprecated. You will no longer receive QR codes in the terminal automatically. Please listen to the connection.update event yourself and handle the QR your way. You can remove this message by removing this opttion. This message will be removed in a future version.
{"level":30,"time":1771715016795,"pid":7824,"hostname":"DESKTOP-BV1E0F4","user":"51955328972:44@s.whatsapp.net","name":"via comunicativa","msg":"WhatsApp vinculado"}

> kenia-call-bridge-skeleton@0.1.0 start:whatsapp
> npm --prefix whatsapp-backend run start


> kenia-whatsapp-backend@0.1.0 start
> node src/server.js

{"level":30,"time":1771715105390,"pid":14088,"hostname":"DESKTOP-BV1E0F4","msg":"WhatsApp backend escuchando en http://0.0.0.0:3010"}
⚠️ The printQRInTerminal option has been deprecated. You will no longer receive QR codes in the terminal automatically. Please listen to the connection.update event yourself and handle the QR your way. You can remove this message by removing this opttion. This message will be removed in a future version.
{"level":30,"time":1771715107561,"pid":14088,"hostname":"DESKTOP-BV1E0F4","user":"51955328972:44@s.whatsapp.net","name":"via comunicativa","msg":"WhatsApp vinculado"}
{"level":30,"time":1771715652359,"pid":14088,"hostname":"DESKTOP-BV1E0F4","jid":"242068886654976:3@lid","msgId":"3EB098BA2CAC849B4F4C92","status":3,"statusText":"READ","kind":null,"fileName":null,"msg":"Estado mensaje saliente"}
{"level":30,"time":1771715652402,"pid":14088,"hostname":"DESKTOP-BV1E0F4","jid":"242068886654976:3@lid","msgId":"3EB0CC6129AD973CB40249","status":3,"statusText":"READ","kind":null,"fileName":null,"msg":"Estado mensaje saliente"}
{"level":30,"time":1771715652470,"pid":14088,"hostname":"DESKTOP-BV1E0F4","jid":"242068886654976:3@lid","msgId":"3EB087451155D7B81F52B5","status":3,"statusText":"READ","kind":null,"fileName":null,"msg":"Estado mensaje saliente"}
{"level":30,"time":1771715652548,"pid":14088,"hostname":"DESKTOP-BV1E0F4","jid":"242068886654976:3@lid","msgId":"3EB0476967A6181B621CB5","status":3,"statusText":"READ","kind":null,"fileName":null,"msg":"Estado mensaje saliente"}
{"level":30,"time":1771715652716,"pid":14088,"hostname":"DESKTOP-BV1E0F4","jid":"242068886654976:3@lid","msgId":"3EB0E89A1C04921425142E","status":3,"statusText":"READ","kind":null,"fileName":null,"msg":"Estado mensaje saliente"}

> kenia-call-bridge-skeleton@0.1.0 start:whatsapp
> npm --prefix whatsapp-backend run start


> kenia-whatsapp-backend@0.1.0 start
> node src/server.js

{"level":30,"time":1771715775438,"pid":1924,"hostname":"DESKTOP-BV1E0F4","msg":"WhatsApp backend escuchando en http://0.0.0.0:3010"}
⚠️ The printQRInTerminal option has been deprecated. You will no longer receive QR codes in the terminal automatically. Please listen to the connection.update event yourself and handle the QR your way. You can remove this message by removing this opttion. This message will be removed in a future version.
{"level":30,"time":1771715777104,"pid":1924,"hostname":"DESKTOP-BV1E0F4","user":"51955328972:44@s.whatsapp.net","name":"via comunicativa","msg":"WhatsApp vinculado"}
{"level":30,"time":1771715818680,"pid":1924,"hostname":"DESKTOP-BV1E0F4","jid":"221671902445762@lid","msgId":"3EB0E9CBA71EEEB501F7B6","status":3,"statusText":"READ","kind":null,"fileName":null,"msg":"Estado mensaje saliente"}

> kenia-call-bridge-skeleton@0.1.0 start:whatsapp
> npm --prefix whatsapp-backend run start


> kenia-whatsapp-backend@0.1.0 start
> node src/server.js

{"level":30,"time":1771715836847,"pid":12788,"hostname":"DESKTOP-BV1E0F4","msg":"WhatsApp backend escuchando en http://0.0.0.0:3010"}
⚠️ The printQRInTerminal option has been deprecated. You will no longer receive QR codes in the terminal automatically. Please listen to the connection.update event yourself and handle the QR your way. You can remove this message by removing this opttion. This message will be removed in a future version.
{"level":30,"time":1771715838007,"pid":12788,"hostname":"DESKTOP-BV1E0F4","user":"51955328972:44@s.whatsapp.net","name":"via comunicativa","msg":"WhatsApp vinculado"}

> kenia-call-bridge-skeleton@0.1.0 start:whatsapp
> npm --prefix whatsapp-backend run start


> kenia-whatsapp-backend@0.1.0 start
> node src/server.js

{"level":30,"time":1771715877707,"pid":4392,"hostname":"DESKTOP-BV1E0F4","msg":"WhatsApp backend escuchando en http://0.0.0.0:3010"}
⚠️ The printQRInTerminal option has been deprecated. You will no longer receive QR codes in the terminal automatically. Please listen to the connection.update event yourself and handle the QR your way. You can remove this message by removing this opttion. This message will be removed in a future version.
{"level":30,"time":1771715880471,"pid":4392,"hostname":"DESKTOP-BV1E0F4","user":"51955328972:44@s.whatsapp.net","name":"via comunicativa","msg":"WhatsApp vinculado"}

> kenia-call-bridge-skeleton@0.1.0 start:whatsapp
> npm --prefix whatsapp-backend run start


> kenia-whatsapp-backend@0.1.0 start
> node src/server.js

{"level":30,"time":1771716075751,"pid":13740,"hostname":"DESKTOP-BV1E0F4","msg":"WhatsApp backend escuchando en http://0.0.0.0:3010"}
⚠️ The printQRInTerminal option has been deprecated. You will no longer receive QR codes in the terminal automatically. Please listen to the connection.update event yourself and handle the QR your way. You can remove this message by removing this opttion. This message will be removed in a future version.
{"level":30,"time":1771716077954,"pid":13740,"hostname":"DESKTOP-BV1E0F4","user":"51955328972:44@s.whatsapp.net","name":"via comunicativa","msg":"WhatsApp vinculado"}

> kenia-call-bridge-skeleton@0.1.0 start:whatsapp
> npm --prefix whatsapp-backend run start


> kenia-whatsapp-backend@0.1.0 start
> node src/server.js

{"level":30,"time":1771716304975,"pid":4036,"hostname":"DESKTOP-BV1E0F4","msg":"WhatsApp backend escuchando en http://0.0.0.0:3010"}
⚠️ The printQRInTerminal option has been deprecated. You will no longer receive QR codes in the terminal automatically. Please listen to the connection.update event yourself and handle the QR your way. You can remove this message by removing this opttion. This message will be removed in a future version.
{"level":30,"time":1771716307428,"pid":4036,"hostname":"DESKTOP-BV1E0F4","user":"51955328972:44@s.whatsapp.net","name":"via comunicativa","msg":"WhatsApp vinculado"}
{"level":30,"time":1771717896971,"pid":4036,"hostname":"DESKTOP-BV1E0F4","jid":"214228858347670:27@lid","msgId":"3EB03DC6CD93320499BB44","status":3,"statusText":"READ","kind":null,"fileName":null,"msg":"Estado mensaje saliente"}
{"level":30,"time":1771717898370,"pid":4036,"hostname":"DESKTOP-BV1E0F4","jid":"214228858347670@lid","msgId":"3EB03DC6CD93320499BB44","status":3,"statusText":"READ","kind":null,"fileName":null,"msg":"Estado mensaje saliente"}
{"level":30,"time":1771717933832,"pid":4036,"hostname":"DESKTOP-BV1E0F4","jid":"207266850574412:54@lid","msgId":"3EB01AD03F094BB2BB9BA4","status":3,"statusText":"READ","kind":null,"fileName":null,"msg":"Estado mensaje saliente"}
{"level":30,"time":1771717933858,"pid":4036,"hostname":"DESKTOP-BV1E0F4","jid":"207266850574412:48@lid","msgId":"3EB01AD03F094BB2BB9BA4","status":3,"statusText":"READ","kind":null,"fileName":null,"msg":"Estado mensaje saliente"}
{"level":30,"time":1771717934080,"pid":4036,"hostname":"DESKTOP-BV1E0F4","jid":"207266850574412@lid","msgId":"3EB01AD03F094BB2BB9BA4","status":3,"statusText":"READ","kind":null,"fileName":null,"msg":"Estado mensaje saliente"}
{"level":30,"time":1771717952199,"pid":4036,"hostname":"DESKTOP-BV1E0F4","jid":"207266850574412:48@lid","msgId":"3EB02007649E150DFAA66C","status":3,"statusText":"READ","kind":null,"fileName":null,"msg":"Estado mensaje saliente"}
{"level":30,"time":1771717952199,"pid":4036,"hostname":"DESKTOP-BV1E0F4","jid":"207266850574412:54@lid","msgId":"3EB02007649E150DFAA66C","status":3,"statusText":"READ","kind":null,"fileName":null,"msg":"Estado mensaje saliente"}
{"level":30,"time":1771717955050,"pid":4036,"hostname":"DESKTOP-BV1E0F4","jid":"207266850574412@lid","msgId":"3EB02007649E150DFAA66C","status":3,"statusText":"READ","kind":null,"fileName":null,"msg":"Estado mensaje saliente"}
{"level":30,"time":1771717964951,"pid":4036,"hostname":"DESKTOP-BV1E0F4","jid":"207266850574412:48@lid","msgId":"3EB0689067771A2B9C9AAA","status":3,"statusText":"READ","kind":null,"fileName":null,"msg":"Estado mensaje saliente"}
{"level":30,"time":1771717964967,"pid":4036,"hostname":"DESKTOP-BV1E0F4","jid":"207266850574412:54@lid","msgId":"3EB0689067771A2B9C9AAA","status":3,"statusText":"READ","kind":null,"fileName":null,"msg":"Estado mensaje saliente"}
{"level":30,"time":1771717966272,"pid":4036,"hostname":"DESKTOP-BV1E0F4","jid":"207266850574412@lid","msgId":"3EB0689067771A2B9C9AAA","status":3,"statusText":"READ","kind":null,"fileName":null,"msg":"Estado mensaje saliente"}
{"level":30,"time":1771717980903,"pid":4036,"hostname":"DESKTOP-BV1E0F4","jid":"214228858347670:27@lid","msgId":"3EB03DC6CD93320499BB44","status":4,"statusText":"PLAYED","kind":null,"fileName":null,"msg":"Estado mensaje saliente"}
{"level":30,"time":1771717989680,"pid":4036,"hostname":"DESKTOP-BV1E0F4","jid":"207266850574412:48@lid","msgId":"3EB0689067771A2B9C9AAA","status":4,"statusText":"PLAYED","kind":null,"fileName":null,"msg":"Estado mensaje saliente"}
{"level":30,"time":1771717989680,"pid":4036,"hostname":"DESKTOP-BV1E0F4","jid":"207266850574412:48@lid","msgId":"3EB02007649E150DFAA66C","status":4,"statusText":"PLAYED","kind":null,"fileName":null,"msg":"Estado mensaje saliente"}
{"level":30,"time":1771717989680,"pid":4036,"hostname":"DESKTOP-BV1E0F4","jid":"207266850574412:48@lid","msgId":"3EB01AD03F094BB2BB9BA4","status":4,"statusText":"PLAYED","kind":null,"fileName":null,"msg":"Estado mensaje saliente"}
{"level":30,"time":1771718750807,"pid":4036,"hostname":"DESKTOP-BV1E0F4","jid":"69609105428507@lid","msgId":"3EB09E6633F607469472FC","status":3,"statusText":"READ","kind":null,"fileName":null,"msg":"Estado mensaje saliente"}
{"level":30,"time":1771718764842,"pid":4036,"hostname":"DESKTOP-BV1E0F4","jid":"2431085768704@lid","msgId":"3EB06B8D11DD096801C830","status":3,"statusText":"READ","kind":null,"fileName":null,"msg":"Estado mensaje saliente"}
{"level":30,"time":1771718804855,"pid":4036,"hostname":"DESKTOP-BV1E0F4","jid":"88154270883996@lid","msgId":"3EB0DC04875112332A6CB2","status":3,"statusText":"READ","kind":null,"fileName":null,"msg":"Estado mensaje saliente"}
{"level":30,"time":1771718906204,"pid":4036,"hostname":"DESKTOP-BV1E0F4","jid":"47605652422875@lid","msgId":"3EB0A293D20CAB3A6D6F1A","status":3,"statusText":"READ","kind":null,"fileName":null,"msg":"Estado mensaje saliente"}
{"level":30,"time":1771718936689,"pid":4036,"hostname":"DESKTOP-BV1E0F4","jid":"180131012333722@lid","msgId":"3EB06E9409E2E2241EE3CE","status":3,"statusText":"READ","kind":null,"fileName":null,"msg":"Estado mensaje saliente"}
{"level":30,"time":1771718950631,"pid":4036,"hostname":"DESKTOP-BV1E0F4","jid":"26543082496010@lid","msgId":"3EB0174B293AC5D46729AC","status":3,"statusText":"READ","kind":null,"fileName":null,"msg":"Estado mensaje saliente"}
{"level":30,"time":1771718970231,"pid":4036,"hostname":"DESKTOP-BV1E0F4","jid":"69604424572973@lid","msgId":"3EB0E487A64372F1D5E987","status":3,"statusText":"READ","kind":null,"fileName":null,"msg":"Estado mensaje saliente"}
{"level":30,"time":1771719022938,"pid":4036,"hostname":"DESKTOP-BV1E0F4","jid":"143615636574331@lid","msgId":"3EB09B0CE37B1B9D54AB84","status":3,"statusText":"READ","kind":null,"fileName":null,"msg":"Estado mensaje saliente"}
{"level":30,"time":1771719057884,"pid":4036,"hostname":"DESKTOP-BV1E0F4","jid":"78477675987171@lid","msgId":"3EB0D82C2B7FC97B02E0ED","status":3,"statusText":"READ","kind":null,"fileName":null,"msg":"Estado mensaje saliente"}
{"level":30,"time":1771719072842,"pid":4036,"hostname":"DESKTOP-BV1E0F4","jid":"78477675987171@lid","msgId":"3EB059899DD8721B8DD5AD","status":3,"statusText":"READ","kind":null,"fileName":null,"msg":"Estado mensaje saliente"}
{"level":30,"time":1771719110971,"pid":4036,"hostname":"DESKTOP-BV1E0F4","jid":"97573201273010@lid","msgId":"3EB0E490EFB0DBF7CF0DF5","status":3,"statusText":"READ","kind":null,"fileName":null,"msg":"Estado mensaje saliente"}
{"level":30,"time":1771719142377,"pid":4036,"hostname":"DESKTOP-BV1E0F4","jid":"256259475390636@lid","msgId":"3EB0F1A13C9B28ED979391","status":3,"statusText":"READ","kind":null,"fileName":null,"msg":"Estado mensaje saliente"}
{"level":30,"time":1771719198354,"pid":4036,"hostname":"DESKTOP-BV1E0F4","jid":"246449786851480@lid","msgId":"3EB0892A16AB80B6A1AD13","status":3,"statusText":"READ","kind":null,"fileName":null,"msg":"Estado mensaje saliente"}
{"level":30,"time":1771719216920,"pid":4036,"hostname":"DESKTOP-BV1E0F4","jid":"253914272276544@lid","msgId":"3EB032172BAFCBE46BFB6A","status":3,"statusText":"READ","kind":null,"fileName":null,"msg":"Estado mensaje saliente"}
{"level":30,"time":1771719217951,"pid":4036,"hostname":"DESKTOP-BV1E0F4","jid":"253914272276544:95@lid","msgId":"3EB032172BAFCBE46BFB6A","status":3,"statusText":"READ","kind":null,"fileName":null,"msg":"Estado mensaje saliente"}
{"level":30,"time":1771719218063,"pid":4036,"hostname":"DESKTOP-BV1E0F4","jid":"253914272276544:94@lid","msgId":"3EB032172BAFCBE46BFB6A","status":3,"statusText":"READ","kind":null,"fileName":null,"msg":"Estado mensaje saliente"}
{"level":30,"time":1771719218267,"pid":4036,"hostname":"DESKTOP-BV1E0F4","jid":"253914272276544:98@lid","msgId":"3EB032172BAFCBE46BFB6A","status":3,"statusText":"READ","kind":null,"fileName":null,"msg":"Estado mensaje saliente"}
{"level":30,"time":1771719263617,"pid":4036,"hostname":"DESKTOP-BV1E0F4","jid":"3114002309187@lid","msgId":"3EB07CB5947CAFB82FE1A3","status":3,"statusText":"READ","kind":null,"fileName":null,"msg":"Estado mensaje saliente"}
{"level":30,"time":1771719280596,"pid":4036,"hostname":"DESKTOP-BV1E0F4","jid":"3114002309187@lid","msgId":"3EB0DCA08CFDF138DE8BEC","status":3,"statusText":"READ","kind":null,"fileName":null,"msg":"Estado mensaje saliente"}
{"level":30,"time":1771719294190,"pid":4036,"hostname":"DESKTOP-BV1E0F4","jid":"169105764171866@lid","msgId":"3EB0482CD0278678487BDC","status":3,"statusText":"READ","kind":null,"fileName":null,"msg":"Estado mensaje saliente"}
{"level":30,"time":1771719304892,"pid":4036,"hostname":"DESKTOP-BV1E0F4","jid":"3114002309187@lid","msgId":"3EB0DCA08CFDF138DE8BEC","status":4,"statusText":"PLAYED","kind":null,"fileName":null,"msg":"Estado mensaje saliente"}
{"level":30,"time":1771719304892,"pid":4036,"hostname":"DESKTOP-BV1E0F4","jid":"3114002309187@lid","msgId":"3EB07CB5947CAFB82FE1A3","status":4,"statusText":"PLAYED","kind":null,"fileName":null,"msg":"Estado mensaje saliente"}
{"level":30,"time":1771719326151,"pid":4036,"hostname":"DESKTOP-BV1E0F4","jid":"3114002309187@lid","msgId":"3EB0F1E85F974C0DDAC300","status":4,"statusText":"PLAYED","kind":null,"fileName":null,"msg":"Estado mensaje saliente"}
{"level":30,"time":1771719451997,"pid":4036,"hostname":"DESKTOP-BV1E0F4","jid":"3114002309187@lid","msgId":"3EB0418615041C63AC534E","status":3,"statusText":"READ","kind":null,"fileName":null,"msg":"Estado mensaje saliente"}
{"level":30,"time":1771719468621,"pid":4036,"hostname":"DESKTOP-BV1E0F4","jid":"3114002309187@lid","msgId":"3EB0418615041C63AC534E","status":4,"statusText":"PLAYED","kind":null,"fileName":null,"msg":"Estado mensaje saliente"}
{"level":30,"time":1771720055167,"pid":4036,"hostname":"DESKTOP-BV1E0F4","jid":"88154270883996@lid","msgId":"3EB07F0AC961E62B9D1AFE","status":3,"statusText":"READ","kind":null,"fileName":null,"msg":"Estado mensaje saliente"}
{"level":30,"time":1771720551604,"pid":4036,"hostname":"DESKTOP-BV1E0F4","jid":"10076278538307@lid","msgId":"3EB0DD11E504887AE4C178","status":3,"statusText":"READ","kind":null,"fileName":null,"msg":"Estado mensaje saliente"}
{"level":30,"time":1771720635182,"pid":4036,"hostname":"DESKTOP-BV1E0F4","jid":"10076278538307@lid","msgId":"3EB0DD11E504887AE4C178","status":3,"statusText":"READ","kind":null,"fileName":null,"msg":"Estado mensaje saliente"}
{"level":30,"time":1771720635428,"pid":4036,"hostname":"DESKTOP-BV1E0F4","jid":"10076278538307@lid","msgId":"3EB02253375E01D29B786D","status":3,"statusText":"READ","kind":null,"fileName":null,"msg":"Estado mensaje saliente"}
{"level":30,"time":1771720791633,"pid":4036,"hostname":"DESKTOP-BV1E0F4","jid":"173430829789384@lid","msgId":"3EB0444B4EDAD9C669DC83","status":3,"statusText":"READ","kind":null,"fileName":null,"msg":"Estado mensaje saliente"}
{"level":30,"time":1771720922702,"pid":4036,"hostname":"DESKTOP-BV1E0F4","jid":"54052264116439@lid","msgId":"3EB0DBCE4E0E7778E08BE2","status":3,"statusText":"READ","kind":null,"fileName":null,"msg":"Estado mensaje saliente"}
{"level":30,"time":1771721004780,"pid":4036,"hostname":"DESKTOP-BV1E0F4","jid":"54052264116439@lid","msgId":"3EB06D054670DA9B447E7D","status":3,"statusText":"READ","kind":null,"fileName":null,"msg":"Estado mensaje saliente"}
{"level":30,"time":1771721207967,"pid":4036,"hostname":"DESKTOP-BV1E0F4","jid":"69604424572973@lid","msgId":"3EB0E487A64372F1D5E987","status":4,"statusText":"PLAYED","kind":null,"fileName":null,"msg":"Estado mensaje saliente"}
{"level":30,"time":1771721416202,"pid":4036,"hostname":"DESKTOP-BV1E0F4","jid":"109556545896576:64@lid","msgId":"3EB04624C3EBFACC68CB21","status":3,"statusText":"READ","kind":null,"fileName":null,"msg":"Estado mensaje saliente"}
{"level":30,"time":1771721416481,"pid":4036,"hostname":"DESKTOP-BV1E0F4","jid":"109556545896576@lid","msgId":"3EB04624C3EBFACC68CB21","status":3,"statusText":"READ","kind":null,"fileName":null,"msg":"Estado mensaje saliente"}
{"level":30,"time":1771721444944,"pid":4036,"hostname":"DESKTOP-BV1E0F4","jid":"155048487182560:93@lid","msgId":"3EB062015A7D00935D3324","status":3,"statusText":"READ","kind":null,"fileName":null,"msg":"Estado mensaje saliente"}
{"level":30,"time":1771721924053,"pid":4036,"hostname":"DESKTOP-BV1E0F4","jid":"221671902445762@lid","msgId":"3EB053E035D69E4350FD25","status":3,"statusText":"READ","kind":null,"fileName":null,"msg":"Estado mensaje saliente"}
Closing open session in favor of incoming prekey bundle
Closing session: SessionEntry {
  _chains: {
    'BTpi++yJMJN0K6lq7Ttw3tR8vpFAn/cgX8JmV3G0A9YP': { chainKey: [Object], chainType: 1, messageKeys: {} }
  },
  registrationId: 1659391306,
  currentRatchet: {
    ephemeralKeyPair: {
      pubKey: <Buffer 05 3a 62 fb ec 89 30 93 74 2b a9 6a ed 3b 70 de d4 7c be 91 40 9f f7 20 5f c2 66 57 71 b4 03 d6 0f>,
      privKey: <Buffer 48 f9 3a 0e 89 de 18 8b ff c0 47 f5 db 82 3d 21 2e 00 a7 ae 41 58 d3 10 1c 8d 88 63 07 c5 47 4e>
    },
    lastRemoteEphemeralKey: <Buffer 05 7d a5 84 79 48 28 a2 bb 4b 71 81 7c b0 12 71 02 37 6d b8 ce d8 c2 32 80 81 73 49 ab 50 4a 6a 57>,
    previousCounter: 0,
    rootKey: <Buffer d9 43 94 d9 39 07 bb a2 64 85 19 74 d8 41 0b 2f f8 19 be f8 d3 36 9e da bd 59 a4 da bf 10 b0 3d>
  },
  indexInfo: {
    baseKey: <Buffer 05 2d 61 2b 59 d0 aa 73 ea ad 97 43 32 28 0b 8d 7d 34 a7 d3 04 a2 55 70 8a 83 e7 9f 82 a1 35 3d 6b>,
    baseKeyType: 1,
    closed: -1,
    used: 1771722215575,
    created: 1771722215575,
    remoteIdentityKey: <Buffer 05 85 42 bc c8 7c 3a a8 37 f8 67 39 f6 cc d2 7f 23 8a 60 67 cb ab 98 a7 ca 75 d2 50 f5 be a4 82 76>
  },
  pendingPreKey: {
    signedKeyId: 12928890,
    baseKey: <Buffer 05 2d 61 2b 59 d0 aa 73 ea ad 97 43 32 28 0b 8d 7d 34 a7 d3 04 a2 55 70 8a 83 e7 9f 82 a1 35 3d 6b>,
    preKeyId: 7958618
  }
}
{"level":30,"time":1771722272637,"pid":4036,"hostname":"DESKTOP-BV1E0F4","jid":"51955328972@s.whatsapp.net","msgId":"3EB09819EE62C2835FA486","status":0,"statusText":"PENDING","kind":null,"fileName":null,"msg":"Estado mensaje saliente"}
{"level":30,"time":1771722273081,"pid":4036,"hostname":"DESKTOP-BV1E0F4","jid":"51955328972@s.whatsapp.net","msgId":"3EB07C57976B021F3EF66B","status":0,"statusText":"PENDING","kind":null,"fileName":null,"msg":"Estado mensaje saliente"}
{"level":30,"time":1771722274658,"pid":4036,"hostname":"DESKTOP-BV1E0F4","jid":"51955328972@s.whatsapp.net","msgId":"3EB0F0D02FE48FBC40724F","status":0,"statusText":"PENDING","kind":null,"fileName":null,"msg":"Estado mensaje saliente"}

> kenia-call-bridge-skeleton@0.1.0 start:whatsapp
> npm --prefix whatsapp-backend run start


> kenia-whatsapp-backend@0.1.0 start
> node src/server.js

{"level":30,"time":1771852782605,"pid":5292,"hostname":"DESKTOP-BV1E0F4","msg":"WhatsApp backend escuchando en http://0.0.0.0:3010"}
⚠️ The printQRInTerminal option has been deprecated. You will no longer receive QR codes in the terminal automatically. Please listen to the connection.update event yourself and handle the QR your way. You can remove this message by removing this opttion. This message will be removed in a future version.
{"level":30,"time":1771852783799,"pid":5292,"hostname":"DESKTOP-BV1E0F4","user":"51955328972:44@s.whatsapp.net","name":"via comunicativa","msg":"WhatsApp vinculado"}
{"level":30,"time":1771852788994,"pid":5292,"hostname":"DESKTOP-BV1E0F4","jid":"130511255126269@lid","msgId":"3EB04EDDDC6425A8A831AD","status":4,"statusText":"PLAYED","kind":null,"fileName":null,"msg":"Estado mensaje saliente"}
{"level":30,"time":1771852788994,"pid":5292,"hostname":"DESKTOP-BV1E0F4","jid":"246449786851480@lid","msgId":"3EB0892A16AB80B6A1AD13","status":4,"statusText":"PLAYED","kind":null,"fileName":null,"msg":"Estado mensaje saliente"}
{"level":30,"time":1771852788994,"pid":5292,"hostname":"DESKTOP-BV1E0F4","jid":"161237484712084@lid","msgId":"3EB0810FD831F75905E6F5","status":3,"statusText":"READ","kind":null,"fileName":null,"msg":"Estado mensaje saliente"}
{"level":30,"time":1771852788994,"pid":5292,"hostname":"DESKTOP-BV1E0F4","jid":"69604424572973:85@lid","msgId":"3EB0E487A64372F1D5E987","status":3,"statusText":"READ","kind":null,"fileName":null,"msg":"Estado mensaje saliente"}
{"level":30,"time":1771852788994,"pid":5292,"hostname":"DESKTOP-BV1E0F4","jid":"173430829789384@lid","msgId":"3EB0444B4EDAD9C669DC83","status":4,"statusText":"PLAYED","kind":null,"fileName":null,"msg":"Estado mensaje saliente"}
{"level":30,"time":1771852788994,"pid":5292,"hostname":"DESKTOP-BV1E0F4","jid":"234174602567730:17@lid","msgId":"3EB061A5F58946687478E5","status":3,"statusText":"READ","kind":null,"fileName":null,"msg":"Estado mensaje saliente"}
{"level":30,"time":1771852788994,"pid":5292,"hostname":"DESKTOP-BV1E0F4","jid":"234174602567730:17@lid","msgId":"3EB0556C131BF5B12C7CFC","status":3,"statusText":"READ","kind":null,"fileName":null,"msg":"Estado mensaje saliente"}
{"level":30,"time":1771852788994,"pid":5292,"hostname":"DESKTOP-BV1E0F4","jid":"221671902445762@lid","msgId":"3EB053E035D69E4350FD25","status":4,"statusText":"PLAYED","kind":null,"fileName":null,"msg":"Estado mensaje saliente"}
{"level":30,"time":1771852788994,"pid":5292,"hostname":"DESKTOP-BV1E0F4","jid":"221671902445762@lid","msgId":"3EB0AA69D6715BFD4F3861","status":4,"statusText":"PLAYED","kind":null,"fileName":null,"msg":"Estado mensaje saliente"}
{"level":30,"time":1771852788994,"pid":5292,"hostname":"DESKTOP-BV1E0F4","jid":"221671902445762@lid","msgId":"3EB0E9CBA71EEEB501F7B6","status":4,"statusText":"PLAYED","kind":null,"fileName":null,"msg":"Estado mensaje saliente"}
{"level":30,"time":1771852788994,"pid":5292,"hostname":"DESKTOP-BV1E0F4","jid":"14431123669120:13@lid","msgId":"3EB00B9828283A64DD390B","status":3,"statusText":"READ","kind":null,"fileName":null,"msg":"Estado mensaje saliente"}
{"level":30,"time":1771852788994,"pid":5292,"hostname":"DESKTOP-BV1E0F4","jid":"14431123669120:13@lid","msgId":"3EB077DFCFA2FBF95D6723","status":3,"statusText":"READ","kind":null,"fileName":null,"msg":"Estado mensaje saliente"}
{"level":30,"time":1771852788994,"pid":5292,"hostname":"DESKTOP-BV1E0F4","jid":"173430829789384:52@lid","msgId":"3EB04297C72E4C30529751","status":3,"statusText":"READ","kind":null,"fileName":null,"msg":"Estado mensaje saliente"}
{"level":30,"time":1771852788995,"pid":5292,"hostname":"DESKTOP-BV1E0F4","jid":"173430829789384:52@lid","msgId":"3EB06DB7D5F5D2EA1FCB03","status":3,"statusText":"READ","kind":null,"fileName":null,"msg":"Estado mensaje saliente"}
{"level":30,"time":1771852788995,"pid":5292,"hostname":"DESKTOP-BV1E0F4","jid":"173430829789384:52@lid","msgId":"3EB0353C92D968B20B4E58","status":3,"statusText":"READ","kind":null,"fileName":null,"msg":"Estado mensaje saliente"}
{"level":30,"time":1771852788995,"pid":5292,"hostname":"DESKTOP-BV1E0F4","jid":"173430829789384:52@lid","msgId":"3EB0444B4EDAD9C669DC83","status":3,"statusText":"READ","kind":null,"fileName":null,"msg":"Estado mensaje saliente"}
{"level":30,"time":1771852788995,"pid":5292,"hostname":"DESKTOP-BV1E0F4","jid":"30275358736421:12@lid","msgId":"3EB01E05F3DBF12C8E4CA2","status":3,"statusText":"READ","kind":null,"fileName":null,"msg":"Estado mensaje saliente"}
{"level":30,"time":1771852788995,"pid":5292,"hostname":"DESKTOP-BV1E0F4","jid":"256259475390636:28@lid","msgId":"3EB0F1A13C9B28ED979391","status":3,"statusText":"READ","kind":null,"fileName":null,"msg":"Estado mensaje saliente"}
{"level":30,"time":1771852788995,"pid":5292,"hostname":"DESKTOP-BV1E0F4","jid":"169105764171866:33@lid","msgId":"3EB0482CD0278678487BDC","status":3,"statusText":"READ","kind":null,"fileName":null,"msg":"Estado mensaje saliente"}
{"level":30,"time":1771852788995,"pid":5292,"hostname":"DESKTOP-BV1E0F4","jid":"173430829789384:53@lid","msgId":"3EB04297C72E4C30529751","status":3,"statusText":"READ","kind":null,"fileName":null,"msg":"Estado mensaje saliente"}
{"level":30,"time":1771852788995,"pid":5292,"hostname":"DESKTOP-BV1E0F4","jid":"173430829789384:53@lid","msgId":"3EB06DB7D5F5D2EA1FCB03","status":3,"statusText":"READ","kind":null,"fileName":null,"msg":"Estado mensaje saliente"}
{"level":30,"time":1771852788995,"pid":5292,"hostname":"DESKTOP-BV1E0F4","jid":"173430829789384:53@lid","msgId":"3EB0353C92D968B20B4E58","status":3,"statusText":"READ","kind":null,"fileName":null,"msg":"Estado mensaje saliente"}
{"level":30,"time":1771852788995,"pid":5292,"hostname":"DESKTOP-BV1E0F4","jid":"173430829789384:53@lid","msgId":"3EB0444B4EDAD9C669DC83","status":3,"statusText":"READ","kind":null,"fileName":null,"msg":"Estado mensaje saliente"}
{"level":30,"time":1771852788995,"pid":5292,"hostname":"DESKTOP-BV1E0F4","jid":"256259475390636:25@lid","msgId":"3EB0F1A13C9B28ED979391","status":3,"statusText":"READ","kind":null,"fileName":null,"msg":"Estado mensaje saliente"}
{"level":30,"time":1771852788995,"pid":5292,"hostname":"DESKTOP-BV1E0F4","jid":"169105764171866:34@lid","msgId":"3EB0482CD0278678487BDC","status":3,"statusText":"READ","kind":null,"fileName":null,"msg":"Estado mensaje saliente"}
{"level":30,"time":1771852788995,"pid":5292,"hostname":"DESKTOP-BV1E0F4","jid":"207266850574412:48@lid","msgId":"A5EEAF1327A359BD00D5F420B255B1BE","status":4,"statusText":"PLAYED","kind":null,"fileName":null,"msg":"Estado mensaje saliente"}
{"level":30,"time":1771852788995,"pid":5292,"hostname":"DESKTOP-BV1E0F4","jid":"207266850574412:48@lid","msgId":"A5E334E353D96511BF8243B09ED9D337","status":4,"statusText":"PLAYED","kind":null,"fileName":null,"msg":"Estado mensaje saliente"}
{"level":30,"time":1771852788995,"pid":5292,"hostname":"DESKTOP-BV1E0F4","jid":"207266850574412:48@lid","msgId":"A5D5D6485A6344D78D20D038DEF391ED","status":4,"statusText":"PLAYED","kind":null,"fileName":null,"msg":"Estado mensaje saliente"}
{"level":30,"time":1771852788995,"pid":5292,"hostname":"DESKTOP-BV1E0F4","jid":"207266850574412:48@lid","msgId":"A5DF2C5269F4A9C2775D1C92827527D1","status":4,"statusText":"PLAYED","kind":null,"fileName":null,"msg":"Estado mensaje saliente"}
{"level":30,"time":1771852788995,"pid":5292,"hostname":"DESKTOP-BV1E0F4","jid":"207266850574412:48@lid","msgId":"A5E2EA48C847F701CC1840454F7056B6","status":4,"statusText":"PLAYED","kind":null,"fileName":null,"msg":"Estado mensaje saliente"}
{"level":30,"time":1771852788995,"pid":5292,"hostname":"DESKTOP-BV1E0F4","jid":"207266850574412:48@lid","msgId":"A5DC805CE352C2A16FF2B0BE80C7C05A","status":4,"statusText":"PLAYED","kind":null,"fileName":null,"msg":"Estado mensaje saliente"}
{"level":30,"time":1771852788995,"pid":5292,"hostname":"DESKTOP-BV1E0F4","jid":"207266850574412:48@lid","msgId":"A5DA42B6459080D5C93A1A8B39B96C5D","status":4,"statusText":"PLAYED","kind":null,"fileName":null,"msg":"Estado mensaje saliente"}
{"level":30,"time":1771852788995,"pid":5292,"hostname":"DESKTOP-BV1E0F4","jid":"63767463329806:80@lid","msgId":"3EB04A6D6DEC149B2C50ED","status":3,"statusText":"READ","kind":null,"fileName":null,"msg":"Estado mensaje saliente"}
{"level":30,"time":1771852788995,"pid":5292,"hostname":"DESKTOP-BV1E0F4","jid":"97573201273010:16@lid","msgId":"3EB0E490EFB0DBF7CF0DF5","status":3,"statusText":"READ","kind":null,"fileName":null,"msg":"Estado mensaje saliente"}
{"level":30,"time":1771852788995,"pid":5292,"hostname":"DESKTOP-BV1E0F4","jid":"97573201273010:16@lid","msgId":"A5C9E88843005E21242142F8C966FC2B","status":3,"statusText":"READ","kind":null,"fileName":null,"msg":"Estado mensaje saliente"}
{"level":30,"time":1771852788995,"pid":5292,"hostname":"DESKTOP-BV1E0F4","jid":"97573201273010:16@lid","msgId":"A557542ECD9F1A578ED4A80A7C9EC75E","status":3,"statusText":"READ","kind":null,"fileName":null,"msg":"Estado mensaje saliente"}
{"level":30,"time":1771852788995,"pid":5292,"hostname":"DESKTOP-BV1E0F4","jid":"97573201273010:16@lid","msgId":"A5E32AA6FA4307BB740011315AF096E5","status":3,"statusText":"READ","kind":null,"fileName":null,"msg":"Estado mensaje saliente"}
{"level":30,"time":1771852788995,"pid":5292,"hostname":"DESKTOP-BV1E0F4","jid":"105691209576568:2@lid","msgId":"3EB0ABB87FE8FE9C005E77","status":3,"statusText":"READ","kind":null,"fileName":null,"msg":"Estado mensaje saliente"}

> kenia-call-bridge-skeleton@0.1.0 start:whatsapp
> npm --prefix whatsapp-backend run start


> kenia-whatsapp-backend@0.1.0 start
> node src/server.js

{"level":30,"time":1771853528080,"pid":5868,"hostname":"DESKTOP-BV1E0F4","msg":"WhatsApp backend escuchando en http://0.0.0.0:3010"}
⚠️ The printQRInTerminal option has been deprecated. You will no longer receive QR codes in the terminal automatically. Please listen to the connection.update event yourself and handle the QR your way. You can remove this message by removing this opttion. This message will be removed in a future version.
{"level":30,"time":1771853529260,"pid":5868,"hostname":"DESKTOP-BV1E0F4","user":"51955328972:44@s.whatsapp.net","name":"via comunicativa","msg":"WhatsApp vinculado"}
{"level":30,"time":1771854234331,"pid":5868,"hostname":"DESKTOP-BV1E0F4","jid":"128934951829683@lid","msgId":"3EB0E0982121ABA1FDF46D","status":3,"statusText":"READ","kind":null,"fileName":null,"msg":"Estado mensaje saliente"}

> kenia-call-bridge-skeleton@0.1.0 start:whatsapp
> npm --prefix whatsapp-backend run start


> kenia-whatsapp-backend@0.1.0 start
> node src/server.js

{"level":30,"time":1771854243690,"pid":2692,"hostname":"DESKTOP-BV1E0F4","msg":"WhatsApp backend escuchando en http://0.0.0.0:3010"}
⚠️ The printQRInTerminal option has been deprecated. You will no longer receive QR codes in the terminal automatically. Please listen to the connection.update event yourself and handle the QR your way. You can remove this message by removing this opttion. This message will be removed in a future version.
{"level":30,"time":1771854244938,"pid":2692,"hostname":"DESKTOP-BV1E0F4","user":"51955328972:44@s.whatsapp.net","name":"via comunicativa","msg":"WhatsApp vinculado"}

> kenia-call-bridge-skeleton@0.1.0 start:whatsapp
> npm --prefix whatsapp-backend run start


> kenia-whatsapp-backend@0.1.0 start
> node src/server.js

{"level":30,"time":1771854426979,"pid":9404,"hostname":"DESKTOP-BV1E0F4","msg":"WhatsApp backend escuchando en http://0.0.0.0:3010"}
⚠️ The printQRInTerminal option has been deprecated. You will no longer receive QR codes in the terminal automatically. Please listen to the connection.update event yourself and handle the QR your way. You can remove this message by removing this opttion. This message will be removed in a future version.
{"level":30,"time":1771854427992,"pid":9404,"hostname":"DESKTOP-BV1E0F4","user":"51955328972:44@s.whatsapp.net","name":"via comunicativa","msg":"WhatsApp vinculado"}
{"level":30,"time":1771854435247,"pid":9404,"hostname":"DESKTOP-BV1E0F4","jid":"276608913039571@lid","msgId":"3EB053FA34EDE982B09C1F","status":3,"statusText":"READ","kind":null,"fileName":null,"msg":"Estado mensaje saliente"}
{"level":30,"time":1771854576538,"pid":9404,"hostname":"DESKTOP-BV1E0F4","jid":"128934951829683@lid","msgId":"3EB08D64E1B07314428D0A","status":3,"statusText":"READ","kind":null,"fileName":null,"msg":"Estado mensaje saliente"}

> kenia-call-bridge-skeleton@0.1.0 start:whatsapp
> npm --prefix whatsapp-backend run start


> kenia-whatsapp-backend@0.1.0 start
> node src/server.js

{"level":30,"time":1771854675792,"pid":12324,"hostname":"DESKTOP-BV1E0F4","msg":"WhatsApp backend escuchando en http://0.0.0.0:3010"}
⚠️ The printQRInTerminal option has been deprecated. You will no longer receive QR codes in the terminal automatically. Please listen to the connection.update event yourself and handle the QR your way. You can remove this message by removing this opttion. This message will be removed in a future version.
{"level":30,"time":1771854676864,"pid":12324,"hostname":"DESKTOP-BV1E0F4","user":"51955328972:44@s.whatsapp.net","name":"via comunicativa","msg":"WhatsApp vinculado"}

> kenia-call-bridge-skeleton@0.1.0 start:whatsapp
> npm --prefix whatsapp-backend run start


> kenia-whatsapp-backend@0.1.0 start
> node src/server.js

{"level":30,"time":1771854987068,"pid":4612,"hostname":"DESKTOP-BV1E0F4","msg":"WhatsApp backend escuchando en http://0.0.0.0:3010"}
⚠️ The printQRInTerminal option has been deprecated. You will no longer receive QR codes in the terminal automatically. Please listen to the connection.update event yourself and handle the QR your way. You can remove this message by removing this opttion. This message will be removed in a future version.
{"level":30,"time":1771854988827,"pid":4612,"hostname":"DESKTOP-BV1E0F4","user":"51955328972:44@s.whatsapp.net","name":"via comunicativa","msg":"WhatsApp vinculado"}

> kenia-call-bridge-skeleton@0.1.0 start:whatsapp
> npm --prefix whatsapp-backend run start


> kenia-whatsapp-backend@0.1.0 start
> node src/server.js

{"level":30,"time":1771855649835,"pid":8280,"hostname":"DESKTOP-BV1E0F4","msg":"WhatsApp backend escuchando en http://0.0.0.0:3010"}
⚠️ The printQRInTerminal option has been deprecated. You will no longer receive QR codes in the terminal automatically. Please listen to the connection.update event yourself and handle the QR your way. You can remove this message by removing this opttion. This message will be removed in a future version.
{"level":30,"time":1771855652904,"pid":8280,"hostname":"DESKTOP-BV1E0F4","user":"51955328972:44@s.whatsapp.net","name":"via comunicativa","msg":"WhatsApp vinculado"}
{"level":30,"time":1771855653536,"pid":8280,"hostname":"DESKTOP-BV1E0F4","jid":"88154270883996@lid","msgId":"3EB07F0AC961E62B9D1AFE","status":4,"statusText":"PLAYED","kind":null,"fileName":null,"msg":"Estado mensaje saliente"}
{"level":30,"time":1771855653536,"pid":8280,"hostname":"DESKTOP-BV1E0F4","jid":"88154270883996@lid","msgId":"3EB0DC04875112332A6CB2","status":4,"statusText":"PLAYED","kind":null,"fileName":null,"msg":"Estado mensaje saliente"}
{"level":30,"time":1771855653928,"pid":8280,"hostname":"DESKTOP-BV1E0F4","jid":"173430829789384:51@lid","msgId":"3EB0444B4EDAD9C669DC83","status":3,"statusText":"READ","kind":null,"fileName":null,"msg":"Estado mensaje saliente"}
{"level":30,"time":1771855653929,"pid":8280,"hostname":"DESKTOP-BV1E0F4","jid":"10076278538307:29@lid","msgId":"3EB0DD11E504887AE4C178","status":3,"statusText":"READ","kind":null,"fileName":null,"msg":"Estado mensaje saliente"}
{"level":30,"time":1771855653929,"pid":8280,"hostname":"DESKTOP-BV1E0F4","jid":"10076278538307:29@lid","msgId":"3EB02253375E01D29B786D","status":3,"statusText":"READ","kind":null,"fileName":null,"msg":"Estado mensaje saliente"}

> kenia-call-bridge-skeleton@0.1.0 start:whatsapp
> npm --prefix whatsapp-backend run start


> kenia-whatsapp-backend@0.1.0 start
> node src/server.js

{"level":30,"time":1771856026091,"pid":14632,"hostname":"DESKTOP-BV1E0F4","msg":"WhatsApp backend escuchando en http://0.0.0.0:3010"}
⚠️ The printQRInTerminal option has been deprecated. You will no longer receive QR codes in the terminal automatically. Please listen to the connection.update event yourself and handle the QR your way. You can remove this message by removing this opttion. This message will be removed in a future version.
{"level":30,"time":1771856028315,"pid":14632,"hostname":"DESKTOP-BV1E0F4","user":"51955328972:44@s.whatsapp.net","name":"via comunicativa","msg":"WhatsApp vinculado"}
{"level":30,"time":1771856142918,"pid":14632,"hostname":"DESKTOP-BV1E0F4","jid":"24151121240118@lid","msgId":"A59349759E1D78AEA44F987F5F5EF1F8","status":3,"statusText":"READ","kind":null,"fileName":null,"msg":"Estado mensaje saliente"}
{"level":30,"time":1771856145567,"pid":14632,"hostname":"DESKTOP-BV1E0F4","jid":"24151121240118@lid","msgId":"A59349759E1D78AEA44F987F5F5EF1F8","status":4,"statusText":"PLAYED","kind":null,"fileName":null,"msg":"Estado mensaje saliente"}
{"level":30,"time":1771856199139,"pid":14632,"hostname":"DESKTOP-BV1E0F4","jid":"88154270883996@lid","msgId":"A57B1ED6B34E28A1FA0D92831061F714","status":4,"statusText":"PLAYED","kind":null,"fileName":null,"msg":"Estado mensaje saliente"}
{"level":30,"time":1771856405910,"pid":14632,"hostname":"DESKTOP-BV1E0F4","jid":"72000982786203:96@lid","msgId":"3EB07445D8903C26B601FA","status":3,"statusText":"READ","kind":null,"fileName":null,"msg":"Estado mensaje saliente"}
{"level":30,"time":1771856405910,"pid":14632,"hostname":"DESKTOP-BV1E0F4","jid":"72000982786203:96@lid","msgId":"3EB0C8E9933A9287A57362","status":3,"statusText":"READ","kind":null,"fileName":null,"msg":"Estado mensaje saliente"}
{"level":30,"time":1771856405910,"pid":14632,"hostname":"DESKTOP-BV1E0F4","jid":"72000982786203:96@lid","msgId":"3EB00A63B2D6BCA8E27C0B","status":3,"statusText":"READ","kind":null,"fileName":null,"msg":"Estado mensaje saliente"}
{"level":30,"time":1771856448654,"pid":14632,"hostname":"DESKTOP-BV1E0F4","jid":"184971725676664:10@lid","msgId":"3EB02085FC2EE95483DAAC","status":3,"statusText":"READ","kind":null,"fileName":null,"msg":"Estado mensaje saliente"}
{"level":30,"time":1771856583801,"pid":14632,"hostname":"DESKTOP-BV1E0F4","jid":"280427155734739:32@lid","msgId":"A5ECC387999DAA69895E443C2A60908E","status":3,"statusText":"READ","kind":null,"fileName":null,"msg":"Estado mensaje saliente"}
{"level":30,"time":1771856583801,"pid":14632,"hostname":"DESKTOP-BV1E0F4","jid":"280427155734739:32@lid","msgId":"A515383684DBE9C573FCB8A59E53FF27","status":3,"statusText":"READ","kind":null,"fileName":null,"msg":"Estado mensaje saliente"}
{"level":30,"time":1771856583801,"pid":14632,"hostname":"DESKTOP-BV1E0F4","jid":"280427155734739:32@lid","msgId":"A59A660B3C755E2E8AE1AD48E4424E14","status":3,"statusText":"READ","kind":null,"fileName":null,"msg":"Estado mensaje saliente"}
{"level":30,"time":1771856687854,"pid":14632,"hostname":"DESKTOP-BV1E0F4","jid":"280427155734739:32@lid","msgId":"3EB0893883EC0CF2365BC7","status":3,"statusText":"READ","kind":null,"fileName":null,"msg":"Estado mensaje saliente"}
{"level":30,"time":1771856687854,"pid":14632,"hostname":"DESKTOP-BV1E0F4","jid":"280427155734739:32@lid","msgId":"3EB049733F3D58A79108C5","status":3,"statusText":"READ","kind":null,"fileName":null,"msg":"Estado mensaje saliente"}
{"level":30,"time":1771857279131,"pid":14632,"hostname":"DESKTOP-BV1E0F4","method":"POST","url":"/send-message","msg":"Incoming WhatsApp send-message request"}
{"level":30,"time":1771857293798,"pid":14632,"hostname":"DESKTOP-BV1E0F4","jid":"51982046988@s.whatsapp.net","text":"Tus clientes necesitan encontrarte de manera digital efectiva. Si no estás presente con una imagen profesional y estratégica, estás perdiendo oportunidades.  Una PÁGINA WEB bien diseñada no solo informa sobre tus servicios: convierte visitantes en CLIENTES, atrae más personas interesadas y reduce los gastos en publicidad tradicional al trabajar para ti 24/7.  Además, si tienes comercio electrónico, el Libro de Reclamaciones Virtual es obligatorio en Perú según Indecopi. Implementarlo en tu web transmite transparencia, genera confianza y te protege legalmente. Integrarlo demuestra profesionalismo y un compromiso real con tus clientes.  En Via Comunicativa REESTRUCTURAMOS, REDISEÑAMOS Y ACTUALIZAMOS tu web, e INSTALAMOS tu Libro de Reclamaciones Virtual para que cumplas la normativa y potencies tu presencia digital.  📞 CONTACTO: 936 613 758 🌐 www.viacomunicativa.com","hasFile":true,"fileName":"5.png","msg":"Intentando enviar mensaje"}
{"level":30,"time":1771857293798,"pid":14632,"hostname":"DESKTOP-BV1E0F4","jid":"51982046988@s.whatsapp.net","fileName":"5.png","fileMime":"image/png","rawMime":"image/png","size":2412482,"msg":"Enviando archivo"}
Closing session: SessionEntry {
  _chains: {
    'BSxP21+gvTrAd+VopzzBuO12Az4eCtUwF4rQ2GK+ENwh': { chainKey: [Object], chainType: 2, messageKeys: {} },
    'BWtv78OCTRhO9O1VXGPcv7xKN9E/IOQRRR+hlQqGydJS': { chainKey: [Object], chainType: 1, messageKeys: {} }
  },
  registrationId: 2024554646,
  currentRatchet: {
    ephemeralKeyPair: {
      pubKey: <Buffer 05 6b 6f ef c3 82 4d 18 4e f4 ed 55 5c 63 dc bf bc 4a 37 d1 3f 20 e4 11 45 1f a1 95 0a 86 c9 d2 52>,
      privKey: <Buffer e8 04 cf 73 70 2f c0 e7 fe aa cf b9 e8 2e 4b 8f a3 64 c8 a3 38 71 f3 64 fa 05 de 57 1d 7a d8 7f>
    },
    lastRemoteEphemeralKey: <Buffer 05 2c 4f db 5f a0 bd 3a c0 77 e5 68 a7 3c c1 b8 ed 76 03 3e 1e 0a d5 30 17 8a d0 d8 62 be 10 dc 21>,
    previousCounter: 0,
    rootKey: <Buffer 25 8a cd 97 10 a0 b7 c7 b2 90 1d 77 c6 33 cd 14 24 a7 92 6f c8 44 4b 7d 4c b8 26 69 61 85 7a 4e>
  },
  indexInfo: {
    baseKey: <Buffer 05 34 e4 32 cc b0 8c 3e fc f3 1b 1d c2 48 6c 0a 29 da bc 59 ad 05 f4 36 2e ed 46 f5 76 14 98 2f 76>,
    baseKeyType: 1,
    closed: -1,
    used: 1771856141917,
    created: 1771711627781,
    remoteIdentityKey: <Buffer 05 e7 b1 0c f2 97 78 d5 52 da 30 51 d8 8f 12 38 5d 67 60 aa 52 55 2e 78 c4 fc bf a3 90 31 07 aa 00>
  }
}
{"level":30,"time":1771857299237,"pid":14632,"hostname":"DESKTOP-BV1E0F4","jid":"51982046988@s.whatsapp.net","msgId":"3EB0C748460B800DBF1576","status":3,"statusText":"READ","kind":"image","fileName":"5.png","msg":"Estado mensaje saliente"}
{"level":30,"time":1771857299237,"pid":14632,"hostname":"DESKTOP-BV1E0F4","jid":"51982046988@s.whatsapp.net","msgId":"3EB0C748460B800DBF1576","msg":"Imagen enviada y entregada"}
{"level":30,"time":1771857320568,"pid":14632,"hostname":"DESKTOP-BV1E0F4","jid":"51955328972@s.whatsapp.net","msgId":"3EB0C748460B800DBF1576","status":2,"statusText":"DELIVERY_ACK","kind":null,"fileName":null,"msg":"Estado mensaje saliente"}
{"level":30,"time":1771857322968,"pid":14632,"hostname":"DESKTOP-BV1E0F4","jid":"137688195829904@lid","msgId":"3EB0C748460B800DBF1576","status":2,"statusText":"DELIVERY_ACK","kind":null,"fileName":null,"msg":"Estado mensaje saliente"}
{"level":30,"time":1771857322972,"pid":14632,"hostname":"DESKTOP-BV1E0F4","jid":"","msgId":"3EB0D58C4E28897F5C5D","status":3,"statusText":"READ","kind":null,"fileName":null,"msg":"Estado mensaje saliente"}
{"level":30,"time":1771857341614,"pid":14632,"hostname":"DESKTOP-BV1E0F4","method":"POST","url":"/send-message","msg":"Incoming WhatsApp send-message request"}
{"level":30,"time":1771857345535,"pid":14632,"hostname":"DESKTOP-BV1E0F4","jid":"51982046988@s.whatsapp.net","text":"Tus clientes necesitan encontrarte de manera digital efectiva. Si no estás presente con una imagen profesional y estratégica, estás perdiendo oportunidades.  Una PÁGINA WEB bien diseñada no solo informa sobre tus servicios: convierte visitantes en CLIENTES, atrae más personas interesadas y reduce los gastos en publicidad tradicional al trabajar para ti 24/7.  Además, si tienes comercio electrónico, el Libro de Reclamaciones Virtual es obligatorio en Perú según Indecopi. Implementarlo en tu web transmite transparencia, genera confianza y te protege legalmente. Integrarlo demuestra profesionalismo y un compromiso real con tus clientes.  En Via Comunicativa REESTRUCTURAMOS, REDISEÑAMOS Y ACTUALIZAMOS tu web, e INSTALAMOS tu Libro de Reclamaciones Virtual para que cumplas la normativa y potencies tu presencia digital.  📞 CONTACTO: 936 613 758 🌐 www.viacomunicativa.com","hasFile":true,"fileName":"5.png","msg":"Intentando enviar mensaje"}
{"level":30,"time":1771857345535,"pid":14632,"hostname":"DESKTOP-BV1E0F4","jid":"51982046988@s.whatsapp.net","fileName":"5.png","fileMime":"image/png","rawMime":"image/png","size":2412482,"msg":"Enviando archivo"}
Closing session: SessionEntry {
  _chains: {
    BXnLc9TZrqW140yekOoLu0l7iknJiliPLWBGhhsBU9AD: { chainKey: [Object], chainType: 1, messageKeys: {} }
  },
  registrationId: 8881,
  currentRatchet: {
    ephemeralKeyPair: {
      pubKey: <Buffer 05 79 cb 73 d4 d9 ae a5 b5 e3 4c 9e 90 ea 0b bb 49 7b 8a 49 c9 8a 58 8f 2d 60 46 86 1b 01 53 d0 03>,
      privKey: <Buffer c8 75 3e 49 97 b1 98 e3 80 8b 96 b2 be 2e ba be c1 9f 2d 21 66 cd ed ac 92 3e e4 62 22 69 7c 64>
    },
    lastRemoteEphemeralKey: <Buffer 05 83 e1 2c 4f b6 e4 a3 b5 be f1 ee e3 25 ef da 31 39 60 6e 01 68 b7 f3 77 23 ad fb c3 ce 1a 6e 0b>,
    previousCounter: 0,
    rootKey: <Buffer 0d 26 bf cc b2 3d e7 a2 31 2c 96 6e 89 58 fe 80 be bd 14 da fb 85 89 77 59 7b 97 53 74 11 ea a1>
  },
  indexInfo: {
    baseKey: <Buffer 05 de 49 fd 26 0b 14 b2 1e a2 36 7b 95 52 f1 da b5 87 6c 3a 6c f0 7f e9 da 51 38 fd e5 24 60 37 6f>,
    baseKeyType: 1,
    closed: -1,
    used: 1771857296742,
    created: 1771857296742,
    remoteIdentityKey: <Buffer 05 a7 a1 ee e1 a2 3a f1 27 ef 42 e5 c9 e6 17 82 37 6a c3 de e6 f0 68 85 4a f7 cd af bd 60 46 31 28>
  },
  pendingPreKey: {
    signedKeyId: 1,
    baseKey: <Buffer 05 de 49 fd 26 0b 14 b2 1e a2 36 7b 95 52 f1 da b5 87 6c 3a 6c f0 7f e9 da 51 38 fd e5 24 60 37 6f>,
    preKeyId: 2741
  }
}
{"level":30,"time":1771857347237,"pid":14632,"hostname":"DESKTOP-BV1E0F4","jid":"51982046988@s.whatsapp.net","msgId":"3EB0A88151E9C32327ED41","status":2,"statusText":"DELIVERY_ACK","kind":"image","fileName":"5.png","msg":"Estado mensaje saliente"}
{"level":30,"time":1771857347238,"pid":14632,"hostname":"DESKTOP-BV1E0F4","jid":"51982046988@s.whatsapp.net","msgId":"3EB0A88151E9C32327ED41","msg":"Imagen enviada y entregada"}
{"level":30,"time":1771857348132,"pid":14632,"hostname":"DESKTOP-BV1E0F4","jid":"51982046988@s.whatsapp.net","msgId":"3EB0A88151E9C32327ED41","status":3,"statusText":"READ","kind":"image","fileName":"5.png","msg":"Estado mensaje saliente"}
{"level":30,"time":1771857353399,"pid":14632,"hostname":"DESKTOP-BV1E0F4","jid":"137688195829904@lid","msgId":"3EB0A88151E9C32327ED41","status":2,"statusText":"DELIVERY_ACK","kind":null,"fileName":null,"msg":"Estado mensaje saliente"}
{"level":30,"time":1771857372753,"pid":14632,"hostname":"DESKTOP-BV1E0F4","jid":"51982046988@s.whatsapp.net","msgId":"3EB0A88151E9C32327ED41","status":3,"statusText":"READ","kind":null,"fileName":null,"msg":"Estado mensaje saliente"}
{"level":30,"time":1771857401222,"pid":14632,"hostname":"DESKTOP-BV1E0F4","jid":"51982046988:44@s.whatsapp.net","msgId":"3EB0C748460B800DBF1576","status":3,"statusText":"READ","kind":null,"fileName":null,"msg":"Estado mensaje saliente"}
{"level":30,"time":1771857401222,"pid":14632,"hostname":"DESKTOP-BV1E0F4","jid":"51982046988:44@s.whatsapp.net","msgId":"3EB0A88151E9C32327ED41","status":3,"statusText":"READ","kind":null,"fileName":null,"msg":"Estado mensaje saliente"}
{"level":40,"time":1771857787931,"pid":14632,"hostname":"DESKTOP-BV1E0F4","statusCode":408,"shouldReconnect":true,"msg":"Conexion WhatsApp cerrada"}
⚠️ The printQRInTerminal option has been deprecated. You will no longer receive QR codes in the terminal automatically. Please listen to the connection.update event yourself and handle the QR your way. You can remove this message by removing this opttion. This message will be removed in a future version.
{"level":40,"time":1771857789447,"pid":14632,"hostname":"DESKTOP-BV1E0F4","statusCode":408,"shouldReconnect":true,"msg":"Conexion WhatsApp cerrada"}
⚠️ The printQRInTerminal option has been deprecated. You will no longer receive QR codes in the terminal automatically. Please listen to the connection.update event yourself and handle the QR your way. You can remove this message by removing this opttion. This message will be removed in a future version.
{"level":30,"time":1771857793888,"pid":14632,"hostname":"DESKTOP-BV1E0F4","user":"51955328972:44@s.whatsapp.net","name":"via comunicativa","msg":"WhatsApp vinculado"}
{"level":30,"time":1771857831788,"pid":14632,"hostname":"DESKTOP-BV1E0F4","jid":"24151121240118@lid","msgId":"A563912D52BAE1E7E2935625D042E9A0","status":3,"statusText":"READ","kind":null,"fileName":null,"msg":"Estado mensaje saliente"}
{"level":30,"time":1771857834718,"pid":14632,"hostname":"DESKTOP-BV1E0F4","jid":"24151121240118@lid","msgId":"A563912D52BAE1E7E2935625D042E9A0","status":4,"statusText":"PLAYED","kind":null,"fileName":null,"msg":"Estado mensaje saliente"}
{"level":30,"time":1771857836988,"pid":14632,"hostname":"DESKTOP-BV1E0F4","jid":"24151121240118@lid","msgId":"A563912D52BAE1E7E2935625D042E9A0","status":5,"statusText":"UNKNOWN_5","kind":null,"fileName":null,"msg":"Estado mensaje saliente"}
{"level":30,"time":1771857840258,"pid":14632,"hostname":"DESKTOP-BV1E0F4","jid":"24151121240118@lid","msgId":"A5973F7A6D43D546F0B5E98D76B33B94","status":3,"statusText":"READ","kind":null,"fileName":null,"msg":"Estado mensaje saliente"}
{"level":30,"time":1771857841528,"pid":14632,"hostname":"DESKTOP-BV1E0F4","jid":"24151121240118@lid","msgId":"A5DFA1984086CF641A851527B1AFF731","status":3,"statusText":"READ","kind":null,"fileName":null,"msg":"Estado mensaje saliente"}
{"level":30,"time":1771857843217,"pid":14632,"hostname":"DESKTOP-BV1E0F4","jid":"24151121240118@lid","msgId":"A5DFA1984086CF641A851527B1AFF731","status":4,"statusText":"PLAYED","kind":null,"fileName":null,"msg":"Estado mensaje saliente"}
{"level":30,"time":1771857843217,"pid":14632,"hostname":"DESKTOP-BV1E0F4","jid":"24151121240118@lid","msgId":"A5973F7A6D43D546F0B5E98D76B33B94","status":4,"statusText":"PLAYED","kind":null,"fileName":null,"msg":"Estado mensaje saliente"}
{"level":30,"time":1771857849149,"pid":14632,"hostname":"DESKTOP-BV1E0F4","jid":"24151121240118@lid","msgId":"A512B45DDA1CA3AF6B798C9AF1B9572E","status":3,"statusText":"READ","kind":null,"fileName":null,"msg":"Estado mensaje saliente"}
{"level":30,"time":1771857851991,"pid":14632,"hostname":"DESKTOP-BV1E0F4","jid":"24151121240118@lid","msgId":"A512B45DDA1CA3AF6B798C9AF1B9572E","status":4,"statusText":"PLAYED","kind":null,"fileName":null,"msg":"Estado mensaje saliente"}
{"level":30,"time":1771857896481,"pid":14632,"hostname":"DESKTOP-BV1E0F4","jid":"24151121240118@lid","msgId":"3EB09B2F4F52951E6F46EF","status":3,"statusText":"READ","kind":null,"fileName":null,"msg":"Estado mensaje saliente"}
{"level":30,"time":1771857902802,"pid":14632,"hostname":"DESKTOP-BV1E0F4","jid":"24151121240118@lid","msgId":"3EB09B2F4F52951E6F46EF","status":4,"statusText":"PLAYED","kind":null,"fileName":null,"msg":"Estado mensaje saliente"}
{"level":40,"time":1771859392783,"pid":14632,"hostname":"DESKTOP-BV1E0F4","statusCode":408,"shouldReconnect":true,"msg":"Conexion WhatsApp cerrada"}
⚠️ The printQRInTerminal option has been deprecated. You will no longer receive QR codes in the terminal automatically. Please listen to the connection.update event yourself and handle the QR your way. You can remove this message by removing this opttion. This message will be removed in a future version.
{"level":40,"time":1771859394296,"pid":14632,"hostname":"DESKTOP-BV1E0F4","statusCode":408,"shouldReconnect":true,"msg":"Conexion WhatsApp cerrada"}
⚠️ The printQRInTerminal option has been deprecated. You will no longer receive QR codes in the terminal automatically. Please listen to the connection.update event yourself and handle the QR your way. You can remove this message by removing this opttion. This message will be removed in a future version.
{"level":30,"time":1771859400970,"pid":14632,"hostname":"DESKTOP-BV1E0F4","user":"51955328972:44@s.whatsapp.net","name":"via comunicativa","msg":"WhatsApp vinculado"}
{"level":40,"time":1771860969778,"pid":14632,"hostname":"DESKTOP-BV1E0F4","statusCode":408,"shouldReconnect":true,"msg":"Conexion WhatsApp cerrada"}
⚠️ The printQRInTerminal option has been deprecated. You will no longer receive QR codes in the terminal automatically. Please listen to the connection.update event yourself and handle the QR your way. You can remove this message by removing this opttion. This message will be removed in a future version.
{"level":40,"time":1771860971290,"pid":14632,"hostname":"DESKTOP-BV1E0F4","statusCode":408,"shouldReconnect":true,"msg":"Conexion WhatsApp cerrada"}
⚠️ The printQRInTerminal option has been deprecated. You will no longer receive QR codes in the terminal automatically. Please listen to the connection.update event yourself and handle the QR your way. You can remove this message by removing this opttion. This message will be removed in a future version.
{"level":30,"time":1771860975326,"pid":14632,"hostname":"DESKTOP-BV1E0F4","user":"51955328972:44@s.whatsapp.net","name":"via comunicativa","msg":"WhatsApp vinculado"}
{"level":30,"time":1771861326816,"pid":14632,"hostname":"DESKTOP-BV1E0F4","jid":"180131012333722:82@lid","msgId":"3EB06E9409E2E2241EE3CE","status":3,"statusText":"READ","kind":null,"fileName":null,"msg":"Estado mensaje saliente"}
{"level":30,"time":1771861635962,"pid":14632,"hostname":"DESKTOP-BV1E0F4","jid":"82901509115921@lid","msgId":"3EB0C919F9A2DEE94F808E","status":3,"statusText":"READ","kind":null,"fileName":null,"msg":"Estado mensaje saliente"}
{"level":30,"time":1771861674157,"pid":14632,"hostname":"DESKTOP-BV1E0F4","jid":"82901509115921@lid","msgId":"3EB04FCE010EC7D913107A","status":3,"statusText":"READ","kind":null,"fileName":null,"msg":"Estado mensaje saliente"}
{"level":30,"time":1771861687798,"pid":14632,"hostname":"DESKTOP-BV1E0F4","jid":"82901509115921@lid","msgId":"3EB037668EA0F2F34E0446","status":3,"statusText":"READ","kind":null,"fileName":null,"msg":"Estado mensaje saliente"}
{"level":30,"time":1771861738073,"pid":14632,"hostname":"DESKTOP-BV1E0F4","jid":"180131012333722:82@lid","msgId":"3EB06E9409E2E2241EE3CE","status":3,"statusText":"READ","kind":null,"fileName":null,"msg":"Estado mensaje saliente"}
{"level":30,"time":1771861755024,"pid":14632,"hostname":"DESKTOP-BV1E0F4","jid":"82901509115921@lid","msgId":"3EB01858F33456B1EFBBA5","status":3,"statusText":"READ","kind":null,"fileName":null,"msg":"Estado mensaje saliente"}
{"level":30,"time":1771861758309,"pid":14632,"hostname":"DESKTOP-BV1E0F4","jid":"180131012333722:82@lid","msgId":"3EB06E9409E2E2241EE3CE","status":3,"statusText":"READ","kind":null,"fileName":null,"msg":"Estado mensaje saliente"}
{"level":30,"time":1771861776957,"pid":14632,"hostname":"DESKTOP-BV1E0F4","jid":"82901509115921@lid","msgId":"3EB0E6CBC3BC79D2EEF108","status":3,"statusText":"READ","kind":null,"fileName":null,"msg":"Estado mensaje saliente"}
{"level":40,"time":1771861953730,"pid":14632,"hostname":"DESKTOP-BV1E0F4","statusCode":428,"shouldReconnect":true,"msg":"Conexion WhatsApp cerrada"}
⚠️ The printQRInTerminal option has been deprecated. You will no longer receive QR codes in the terminal automatically. Please listen to the connection.update event yourself and handle the QR your way. You can remove this message by removing this opttion. This message will be removed in a future version.
{"level":40,"time":1771861955252,"pid":14632,"hostname":"DESKTOP-BV1E0F4","statusCode":408,"shouldReconnect":true,"msg":"Conexion WhatsApp cerrada"}
⚠️ The printQRInTerminal option has been deprecated. You will no longer receive QR codes in the terminal automatically. Please listen to the connection.update event yourself and handle the QR your way. You can remove this message by removing this opttion. This message will be removed in a future version.
{"level":40,"time":1771861956780,"pid":14632,"hostname":"DESKTOP-BV1E0F4","statusCode":408,"shouldReconnect":true,"msg":"Conexion WhatsApp cerrada"}
⚠️ The printQRInTerminal option has been deprecated. You will no longer receive QR codes in the terminal automatically. Please listen to the connection.update event yourself and handle the QR your way. You can remove this message by removing this opttion. This message will be removed in a future version.
{"level":40,"time":1771861958311,"pid":14632,"hostname":"DESKTOP-BV1E0F4","statusCode":408,"shouldReconnect":true,"msg":"Conexion WhatsApp cerrada"}
⚠️ The printQRInTerminal option has been deprecated. You will no longer receive QR codes in the terminal automatically. Please listen to the connection.update event yourself and handle the QR your way. You can remove this message by removing this opttion. This message will be removed in a future version.
{"level":40,"time":1771861959821,"pid":14632,"hostname":"DESKTOP-BV1E0F4","statusCode":408,"shouldReconnect":true,"msg":"Conexion WhatsApp cerrada"}
⚠️ The printQRInTerminal option has been deprecated. You will no longer receive QR codes in the terminal automatically. Please listen to the connection.update event yourself and handle the QR your way. You can remove this message by removing this opttion. This message will be removed in a future version.
{"level":40,"time":1771861961351,"pid":14632,"hostname":"DESKTOP-BV1E0F4","statusCode":408,"shouldReconnect":true,"msg":"Conexion WhatsApp cerrada"}
⚠️ The printQRInTerminal option has been deprecated. You will no longer receive QR codes in the terminal automatically. Please listen to the connection.update event yourself and handle the QR your way. You can remove this message by removing this opttion. This message will be removed in a future version.
{"level":40,"time":1771861962867,"pid":14632,"hostname":"DESKTOP-BV1E0F4","statusCode":408,"shouldReconnect":true,"msg":"Conexion WhatsApp cerrada"}
⚠️ The printQRInTerminal option has been deprecated. You will no longer receive QR codes in the terminal automatically. Please listen to the connection.update event yourself and handle the QR your way. You can remove this message by removing this opttion. This message will be removed in a future version.
{"level":40,"time":1771861964392,"pid":14632,"hostname":"DESKTOP-BV1E0F4","statusCode":408,"shouldReconnect":true,"msg":"Conexion WhatsApp cerrada"}
⚠️ The printQRInTerminal option has been deprecated. You will no longer receive QR codes in the terminal automatically. Please listen to the connection.update event yourself and handle the QR your way. You can remove this message by removing this opttion. This message will be removed in a future version.
{"level":40,"time":1771861965916,"pid":14632,"hostname":"DESKTOP-BV1E0F4","statusCode":408,"shouldReconnect":true,"msg":"Conexion WhatsApp cerrada"}
⚠️ The printQRInTerminal option has been deprecated. You will no longer receive QR codes in the terminal automatically. Please listen to the connection.update event yourself and handle the QR your way. You can remove this message by removing this opttion. This message will be removed in a future version.
{"level":40,"time":1771861967438,"pid":14632,"hostname":"DESKTOP-BV1E0F4","statusCode":408,"shouldReconnect":true,"msg":"Conexion WhatsApp cerrada"}
⚠️ The printQRInTerminal option has been deprecated. You will no longer receive QR codes in the terminal automatically. Please listen to the connection.update event yourself and handle the QR your way. You can remove this message by removing this opttion. This message will be removed in a future version.
{"level":40,"time":1771861968960,"pid":14632,"hostname":"DESKTOP-BV1E0F4","statusCode":408,"shouldReconnect":true,"msg":"Conexion WhatsApp cerrada"}
⚠️ The printQRInTerminal option has been deprecated. You will no longer receive QR codes in the terminal automatically. Please listen to the connection.update event yourself and handle the QR your way. You can remove this message by removing this opttion. This message will be removed in a future version.
{"level":40,"time":1771861970485,"pid":14632,"hostname":"DESKTOP-BV1E0F4","statusCode":408,"shouldReconnect":true,"msg":"Conexion WhatsApp cerrada"}
⚠️ The printQRInTerminal option has been deprecated. You will no longer receive QR codes in the terminal automatically. Please listen to the connection.update event yourself and handle the QR your way. You can remove this message by removing this opttion. This message will be removed in a future version.
{"level":40,"time":1771861972013,"pid":14632,"hostname":"DESKTOP-BV1E0F4","statusCode":408,"shouldReconnect":true,"msg":"Conexion WhatsApp cerrada"}
⚠️ The printQRInTerminal option has been deprecated. You will no longer receive QR codes in the terminal automatically. Please listen to the connection.update event yourself and handle the QR your way. You can remove this message by removing this opttion. This message will be removed in a future version.
{"level":40,"time":1771861973543,"pid":14632,"hostname":"DESKTOP-BV1E0F4","statusCode":408,"shouldReconnect":true,"msg":"Conexion WhatsApp cerrada"}
⚠️ The printQRInTerminal option has been deprecated. You will no longer receive QR codes in the terminal automatically. Please listen to the connection.update event yourself and handle the QR your way. You can remove this message by removing this opttion. This message will be removed in a future version.
{"level":40,"time":1771861975056,"pid":14632,"hostname":"DESKTOP-BV1E0F4","statusCode":408,"shouldReconnect":true,"msg":"Conexion WhatsApp cerrada"}
⚠️ The printQRInTerminal option has been deprecated. You will no longer receive QR codes in the terminal automatically. Please listen to the connection.update event yourself and handle the QR your way. You can remove this message by removing this opttion. This message will be removed in a future version.
{"level":40,"time":1771861976584,"pid":14632,"hostname":"DESKTOP-BV1E0F4","statusCode":408,"shouldReconnect":true,"msg":"Conexion WhatsApp cerrada"}
⚠️ The printQRInTerminal option has been deprecated. You will no longer receive QR codes in the terminal automatically. Please listen to the connection.update event yourself and handle the QR your way. You can remove this message by removing this opttion. This message will be removed in a future version.
{"level":40,"time":1771861978110,"pid":14632,"hostname":"DESKTOP-BV1E0F4","statusCode":408,"shouldReconnect":true,"msg":"Conexion WhatsApp cerrada"}
⚠️ The printQRInTerminal option has been deprecated. You will no longer receive QR codes in the terminal automatically. Please listen to the connection.update event yourself and handle the QR your way. You can remove this message by removing this opttion. This message will be removed in a future version.
{"level":40,"time":1771861979626,"pid":14632,"hostname":"DESKTOP-BV1E0F4","statusCode":408,"shouldReconnect":true,"msg":"Conexion WhatsApp cerrada"}
⚠️ The printQRInTerminal option has been deprecated. You will no longer receive QR codes in the terminal automatically. Please listen to the connection.update event yourself and handle the QR your way. You can remove this message by removing this opttion. This message will be removed in a future version.
{"level":40,"time":1771861981147,"pid":14632,"hostname":"DESKTOP-BV1E0F4","statusCode":408,"shouldReconnect":true,"msg":"Conexion WhatsApp cerrada"}
⚠️ The printQRInTerminal option has been deprecated. You will no longer receive QR codes in the terminal automatically. Please listen to the connection.update event yourself and handle the QR your way. You can remove this message by removing this opttion. This message will be removed in a future version.
{"level":40,"time":1771861982695,"pid":14632,"hostname":"DESKTOP-BV1E0F4","statusCode":408,"shouldReconnect":true,"msg":"Conexion WhatsApp cerrada"}
⚠️ The printQRInTerminal option has been deprecated. You will no longer receive QR codes in the terminal automatically. Please listen to the connection.update event yourself and handle the QR your way. You can remove this message by removing this opttion. This message will be removed in a future version.
{"level":30,"time":1771861995996,"pid":14632,"hostname":"DESKTOP-BV1E0F4","user":"51955328972:44@s.whatsapp.net","name":"via comunicativa","msg":"WhatsApp vinculado"}
{"level":30,"time":1771862878208,"pid":14632,"hostname":"DESKTOP-BV1E0F4","jid":"207266850574412:56@lid","msgId":"3EB075560403B5A58A4CE7","status":3,"statusText":"READ","kind":null,"fileName":null,"msg":"Estado mensaje saliente"}
{"level":30,"time":1771862878269,"pid":14632,"hostname":"DESKTOP-BV1E0F4","jid":"207266850574412:57@lid","msgId":"3EB075560403B5A58A4CE7","status":3,"statusText":"READ","kind":null,"fileName":null,"msg":"Estado mensaje saliente"}
{"level":30,"time":1771862878278,"pid":14632,"hostname":"DESKTOP-BV1E0F4","jid":"207266850574412:58@lid","msgId":"3EB075560403B5A58A4CE7","status":3,"statusText":"READ","kind":null,"fileName":null,"msg":"Estado mensaje saliente"}
{"level":30,"time":1771862878577,"pid":14632,"hostname":"DESKTOP-BV1E0F4","jid":"207266850574412@lid","msgId":"3EB075560403B5A58A4CE7","status":3,"statusText":"READ","kind":null,"fileName":null,"msg":"Estado mensaje saliente"}
{"level":30,"time":1771862926507,"pid":14632,"hostname":"DESKTOP-BV1E0F4","jid":"82901509115921@lid","msgId":"3EB0C69619EADB09ADEF92","status":3,"statusText":"READ","kind":null,"fileName":null,"msg":"Estado mensaje saliente"}
{"level":30,"time":1771862933209,"pid":14632,"hostname":"DESKTOP-BV1E0F4","jid":"207266850574412:56@lid","msgId":"3EB075560403B5A58A4CE7","status":4,"statusText":"PLAYED","kind":null,"fileName":null,"msg":"Estado mensaje saliente"}
{"level":30,"time":1771863146736,"pid":14632,"hostname":"DESKTOP-BV1E0F4","method":"POST","url":"/send-message","msg":"Incoming WhatsApp send-message request"}
{"level":30,"time":1771863148274,"pid":14632,"hostname":"DESKTOP-BV1E0F4","jid":"51984718033@s.whatsapp.net","text":"Tus clientes necesitan encontrarte de manera digital efectiva. Si no estás presente con una imagen profesional y estratégica, estás perdiendo oportunidades.  Una PÁGINA WEB bien diseñada no solo informa sobre tus servicios: convierte visitantes en CLIENTES, atrae más personas interesadas y reduce los gastos en publicidad tradicional al trabajar para ti 24/7.  Además, si tienes comercio electrónico, el Libro de Reclamaciones Virtual es obligatorio en Perú según Indecopi. Implementarlo en tu web transmite transparencia, genera confianza y te protege legalmente. Integrarlo demuestra profesionalismo y un compromiso real con tus clientes.  En Via Comunicativa REESTRUCTURAMOS, REDISEÑAMOS Y ACTUALIZAMOS tu web, e INSTALAMOS tu Libro de Reclamaciones Virtual para que cumplas la normativa y potencies tu presencia digital.  📞 CONTACTO: 936 613 758 🌐 www.viacomunicativa.com","hasFile":true,"fileName":"5.png","msg":"Intentando enviar mensaje"}
{"level":30,"time":1771863148274,"pid":14632,"hostname":"DESKTOP-BV1E0F4","jid":"51984718033@s.whatsapp.net","fileName":"5.png","fileMime":"image/png","rawMime":"image/png","size":2412482,"msg":"Enviando archivo"}
Closing session: SessionEntry {
  _chains: {
    'BZmD/n1YLy6z1swJQ0u0ZxNliYTYpeCARq7wOoXeaMFf': { chainKey: [Object], chainType: 2, messageKeys: [Object] },
    'BYpdYApSlENr37Z0NbwmTplj7HDYbevl+w1V4+Ik6R5U': { chainKey: [Object], chainType: 1, messageKeys: {} }
  },
  registrationId: 2024554646,
  currentRatchet: {
    ephemeralKeyPair: {
      pubKey: <Buffer 05 8a 5d 60 0a 52 94 43 6b df b6 74 35 bc 26 4e 99 63 ec 70 d8 6d eb e5 fb 0d 55 e3 e2 24 e9 1e 54>,
      privKey: <Buffer 90 70 05 89 92 30 e6 44 13 44 07 b8 e7 2d 24 2f 4f bb b9 67 db d2 68 fa 54 a3 58 af 41 b4 4f 7a>
    },
    lastRemoteEphemeralKey: <Buffer 05 99 83 fe 7d 58 2f 2e b3 d6 cc 09 43 4b b4 67 13 65 89 84 d8 a5 e0 80 46 ae f0 3a 85 de 68 c1 5f>,
    previousCounter: 1,
    rootKey: <Buffer 6f 55 77 32 ad 75 e4 3d ef 7b d4 0e 66 8a 24 fd ff 06 41 24 39 f9 e7 cf 20 07 e6 47 98 d7 6c b1>
  },
  indexInfo: {
    baseKey: <Buffer 05 0e 8f 14 73 58 ba 2e c8 c8 9a 9f 2b 73 f7 2c f6 96 77 7d ba 57 aa d8 76 8e 7a 45 e4 6b 1d 2f 64>,
    baseKeyType: 1,
    closed: -1,
    used: 1771857848875,
    created: 1771857296490,
    remoteIdentityKey: <Buffer 05 e7 b1 0c f2 97 78 d5 52 da 30 51 d8 8f 12 38 5d 67 60 aa 52 55 2e 78 c4 fc bf a3 90 31 07 aa 00>
  }
}
{"level":30,"time":1771863151047,"pid":14632,"hostname":"DESKTOP-BV1E0F4","jid":"51984718033@s.whatsapp.net","msgId":"3EB0F957E0217A51F36EA5","status":2,"statusText":"DELIVERY_ACK","kind":"image","fileName":"5.png","msg":"Estado mensaje saliente"}
{"level":30,"time":1771863151047,"pid":14632,"hostname":"DESKTOP-BV1E0F4","jid":"51984718033@s.whatsapp.net","msgId":"3EB0F957E0217A51F36EA5","msg":"Imagen enviada y entregada"}
{"level":30,"time":1771863317425,"pid":14632,"hostname":"DESKTOP-BV1E0F4","jid":"213734903541768@lid","msgId":"3EB0F957E0217A51F36EA5","status":2,"statusText":"DELIVERY_ACK","kind":"image","fileName":"5.png","msg":"Estado mensaje saliente"}
{"level":30,"time":1771863336251,"pid":14632,"hostname":"DESKTOP-BV1E0F4","jid":"82901509115921@lid","msgId":"3EB06876F9506E52F60309","status":3,"statusText":"READ","kind":null,"fileName":null,"msg":"Estado mensaje saliente"}
{"level":30,"time":1771863561777,"pid":14632,"hostname":"DESKTOP-BV1E0F4","jid":"213734903541768@lid","msgId":"3EB0F957E0217A51F36EA5","status":3,"statusText":"READ","kind":"image","fileName":"5.png","msg":"Estado mensaje saliente"}
{"level":30,"time":1771863561780,"pid":14632,"hostname":"DESKTOP-BV1E0F4","jid":"213734903541768@lid","msgId":"3EB0065A0ED40028BECAEE","status":3,"statusText":"READ","kind":null,"fileName":null,"msg":"Estado mensaje saliente"}
{"level":30,"time":1771863561781,"pid":14632,"hostname":"DESKTOP-BV1E0F4","jid":"213734903541768@lid","msgId":"3EB01DDF1D6189FB4D9B86","status":3,"statusText":"READ","kind":null,"fileName":null,"msg":"Estado mensaje saliente"}
{"level":30,"time":1771863561783,"pid":14632,"hostname":"DESKTOP-BV1E0F4","jid":"213734903541768@lid","msgId":"3EB01C2FE7DA0EC2DB5901","status":3,"statusText":"READ","kind":null,"fileName":null,"msg":"Estado mensaje saliente"}
{"level":30,"time":1771863561785,"pid":14632,"hostname":"DESKTOP-BV1E0F4","jid":"213734903541768@lid","msgId":"3EB0E0D83E67C18695E914","status":3,"statusText":"READ","kind":null,"fileName":null,"msg":"Estado mensaje saliente"}
{"level":30,"time":1771863989050,"pid":14632,"hostname":"DESKTOP-BV1E0F4","jid":"276608913039571:81@lid","msgId":"3EB053FA34EDE982B09C1F","status":3,"statusText":"READ","kind":null,"fileName":null,"msg":"Estado mensaje saliente"}
{"level":40,"time":1771864274923,"pid":14632,"hostname":"DESKTOP-BV1E0F4","statusCode":408,"shouldReconnect":true,"msg":"Conexion WhatsApp cerrada"}
⚠️ The printQRInTerminal option has been deprecated. You will no longer receive QR codes in the terminal automatically. Please listen to the connection.update event yourself and handle the QR your way. You can remove this message by removing this opttion. This message will be removed in a future version.
{"level":40,"time":1771864276286,"pid":14632,"hostname":"DESKTOP-BV1E0F4","statusCode":408,"shouldReconnect":true,"msg":"Conexion WhatsApp cerrada"}
⚠️ The printQRInTerminal option has been deprecated. You will no longer receive QR codes in the terminal automatically. Please listen to the connection.update event yourself and handle the QR your way. You can remove this message by removing this opttion. This message will be removed in a future version.
{"level":30,"time":1771864286005,"pid":14632,"hostname":"DESKTOP-BV1E0F4","user":"51955328972:44@s.whatsapp.net","name":"via comunicativa","msg":"WhatsApp vinculado"}
{"level":30,"time":1771864329051,"pid":14632,"hostname":"DESKTOP-BV1E0F4","jid":"83047571525863@lid","msgId":"3EB0FE932BEF903A681386","status":3,"statusText":"READ","kind":null,"fileName":null,"msg":"Estado mensaje saliente"}
{"level":30,"time":1771864821732,"pid":14632,"hostname":"DESKTOP-BV1E0F4","method":"POST","url":"/send-message","msg":"Incoming WhatsApp send-message request"}
{"level":30,"time":1771864823996,"pid":14632,"hostname":"DESKTOP-BV1E0F4","jid":"51971548086@s.whatsapp.net","text":"Tus clientes necesitan encontrarte de manera digital efectiva. Si no estás presente con una imagen profesional y estratégica, estás perdiendo oportunidades.  Una PÁGINA WEB bien diseñada no solo informa sobre tus servicios: convierte visitantes en CLIENTES, atrae más personas interesadas y reduce los gastos en publicidad tradicional al trabajar para ti 24/7.  Además, si tienes comercio electrónico, el Libro de Reclamaciones Virtual es obligatorio en Perú según Indecopi. Implementarlo en tu web transmite transparencia, genera confianza y te protege legalmente. Integrarlo demuestra profesionalismo y un compromiso real con tus clientes.  En Via Comunicativa REESTRUCTURAMOS, REDISEÑAMOS Y ACTUALIZAMOS tu web, e INSTALAMOS tu Libro de Reclamaciones Virtual para que cumplas la normativa y potencies tu presencia digital.  📞 CONTACTO: 936 613 758 🌐 www.viacomunicativa.com","hasFile":true,"fileName":"5.png","msg":"Intentando enviar mensaje"}
{"level":30,"time":1771864823996,"pid":14632,"hostname":"DESKTOP-BV1E0F4","jid":"51971548086@s.whatsapp.net","fileName":"5.png","fileMime":"image/png","rawMime":"image/png","size":2412482,"msg":"Enviando archivo"}
Closing session: SessionEntry {
  _chains: {
    'BYtIE9ogQZZIyxJ+leEUsmvBix87nInZy1RSffso0hRr': { chainKey: [Object], chainType: 1, messageKeys: {} }
  },
  registrationId: 2024554646,
  currentRatchet: {
    ephemeralKeyPair: {
      pubKey: <Buffer 05 8b 48 13 da 20 41 96 48 cb 12 7e 95 e1 14 b2 6b c1 8b 1f 3b 9c 89 d9 cb 54 52 7d fb 28 d2 14 6b>,
      privKey: <Buffer 48 a8 1b ff dd 31 d7 41 07 27 0d 52 04 58 14 54 35 52 5f ab 26 ae 28 dc 60 20 2f 9f 3f c2 05 71>
    },
    lastRemoteEphemeralKey: <Buffer 05 db b5 c3 bc 26 86 3a c0 ac 25 37 8c e3 93 f1 1f af ff 3c ea 2c 8f c8 57 be 3c cb 4c 3c e9 ba 4b>,
    previousCounter: 0,
    rootKey: <Buffer 7a 0a 8a fc e4 49 0b 7a 2f 96 01 8e 98 11 f8 44 b6 24 4c 0d bb 71 69 11 56 31 3a 0c e7 1a e8 98>
  },
  indexInfo: {
    baseKey: <Buffer 05 13 71 bc 79 55 88 4d f4 1b 44 66 13 f4 84 db bc d2 b5 cf c5 e4 69 5f b2 44 99 14 e1 e7 95 d5 0b>,
    baseKeyType: 1,
    closed: -1,
    used: 1771863150458,
    created: 1771863150458,
    remoteIdentityKey: <Buffer 05 e7 b1 0c f2 97 78 d5 52 da 30 51 d8 8f 12 38 5d 67 60 aa 52 55 2e 78 c4 fc bf a3 90 31 07 aa 00>
  },
  pendingPreKey: {
    signedKeyId: 6004137,
    baseKey: <Buffer 05 13 71 bc 79 55 88 4d f4 1b 44 66 13 f4 84 db bc d2 b5 cf c5 e4 69 5f b2 44 99 14 e1 e7 95 d5 0b>,
    preKeyId: 9145928
  }
}
{"level":30,"time":1771864829893,"pid":14632,"hostname":"DESKTOP-BV1E0F4","jid":"51971548086@s.whatsapp.net","msgId":"3EB04495BDFC671C15A468","status":2,"statusText":"DELIVERY_ACK","kind":"image","fileName":"5.png","msg":"Estado mensaje saliente"}
{"level":30,"time":1771864829893,"pid":14632,"hostname":"DESKTOP-BV1E0F4","jid":"51971548086@s.whatsapp.net","msgId":"3EB04495BDFC671C15A468","msg":"Imagen enviada y entregada"}
{"level":30,"time":1771864831225,"pid":14632,"hostname":"DESKTOP-BV1E0F4","jid":"51971548086@s.whatsapp.net","msgId":"3EB04495BDFC671C15A468","status":3,"statusText":"READ","kind":"image","fileName":"5.png","msg":"Estado mensaje saliente"}
{"level":30,"time":1771864859344,"pid":14632,"hostname":"DESKTOP-BV1E0F4","jid":"105853814313019@lid","msgId":"3EB044F293F5757F253B1C","status":3,"statusText":"READ","kind":null,"fileName":null,"msg":"Estado mensaje saliente"}
{"level":30,"time":1771864863832,"pid":14632,"hostname":"DESKTOP-BV1E0F4","jid":"105853814313019@lid","msgId":"3EB0019DEE36BCFFC62E8A","status":3,"statusText":"READ","kind":null,"fileName":null,"msg":"Estado mensaje saliente"}
{"level":30,"time":1771864894757,"pid":14632,"hostname":"DESKTOP-BV1E0F4","jid":"105853814313019@lid","msgId":"3EB04495BDFC671C15A468","status":2,"statusText":"DELIVERY_ACK","kind":null,"fileName":null,"msg":"Estado mensaje saliente"}
{"level":30,"time":1771864910851,"pid":14632,"hostname":"DESKTOP-BV1E0F4","jid":"105853814313019@lid","msgId":"3EB06970C97B6110606F38","status":3,"statusText":"READ","kind":null,"fileName":null,"msg":"Estado mensaje saliente"}
{"level":30,"time":1771864942112,"pid":14632,"hostname":"DESKTOP-BV1E0F4","jid":"105853814313019@lid","msgId":"3EB063C0D6C4C35D5DA4F1","status":3,"statusText":"READ","kind":null,"fileName":null,"msg":"Estado mensaje saliente"}
{"level":30,"time":1771864942605,"pid":14632,"hostname":"DESKTOP-BV1E0F4","jid":"105853814313019@lid","msgId":"3EB063C0D6C4C35D5DA4F1","status":4,"statusText":"PLAYED","kind":null,"fileName":null,"msg":"Estado mensaje saliente"}
{"level":30,"time":1771864942606,"pid":14632,"hostname":"DESKTOP-BV1E0F4","jid":"105853814313019@lid","msgId":"3EB06970C97B6110606F38","status":4,"statusText":"PLAYED","kind":null,"fileName":null,"msg":"Estado mensaje saliente"}
{"level":30,"time":1771864942606,"pid":14632,"hostname":"DESKTOP-BV1E0F4","jid":"105853814313019@lid","msgId":"3EB0019DEE36BCFFC62E8A","status":4,"statusText":"PLAYED","kind":null,"fileName":null,"msg":"Estado mensaje saliente"}
{"level":30,"time":1771864942606,"pid":14632,"hostname":"DESKTOP-BV1E0F4","jid":"105853814313019@lid","msgId":"3EB044F293F5757F253B1C","status":4,"statusText":"PLAYED","kind":null,"fileName":null,"msg":"Estado mensaje saliente"}
{"level":30,"time":1771864942606,"pid":14632,"hostname":"DESKTOP-BV1E0F4","jid":"105853814313019@lid","msgId":"3EB04495BDFC671C15A468","status":4,"statusText":"PLAYED","kind":null,"fileName":null,"msg":"Estado mensaje saliente"}
{"level":30,"time":1771864963809,"pid":14632,"hostname":"DESKTOP-BV1E0F4","jid":"105853814313019@lid","msgId":"3EB09A6C439CBD75562892","status":3,"statusText":"READ","kind":null,"fileName":null,"msg":"Estado mensaje saliente"}
{"level":30,"time":1771865207785,"pid":14632,"hostname":"DESKTOP-BV1E0F4","jid":"10076278538307@lid","msgId":"3EB007B9511843592664BF","status":3,"statusText":"READ","kind":null,"fileName":null,"msg":"Estado mensaje saliente"}
{"level":30,"time":1771865499715,"pid":14632,"hostname":"DESKTOP-BV1E0F4","jid":"10076278538307:29@lid","msgId":"3EB0DD11E504887AE4C178","status":3,"statusText":"READ","kind":null,"fileName":null,"msg":"Estado mensaje saliente"}
{"level":30,"time":1771865499715,"pid":14632,"hostname":"DESKTOP-BV1E0F4","jid":"10076278538307:29@lid","msgId":"3EB02253375E01D29B786D","status":3,"statusText":"READ","kind":null,"fileName":null,"msg":"Estado mensaje saliente"}
{"level":30,"time":1771865503001,"pid":14632,"hostname":"DESKTOP-BV1E0F4","jid":"10076278538307:29@lid","msgId":"3EB007B9511843592664BF","status":3,"statusText":"READ","kind":null,"fileName":null,"msg":"Estado mensaje saliente"}
{"level":40,"time":1771865888751,"pid":14632,"hostname":"DESKTOP-BV1E0F4","statusCode":408,"shouldReconnect":true,"msg":"Conexion WhatsApp cerrada"}
⚠️ The printQRInTerminal option has been deprecated. You will no longer receive QR codes in the terminal automatically. Please listen to the connection.update event yourself and handle the QR your way. You can remove this message by removing this opttion. This message will be removed in a future version.
{"level":40,"time":1771865890264,"pid":14632,"hostname":"DESKTOP-BV1E0F4","statusCode":408,"shouldReconnect":true,"msg":"Conexion WhatsApp cerrada"}
⚠️ The printQRInTerminal option has been deprecated. You will no longer receive QR codes in the terminal automatically. Please listen to the connection.update event yourself and handle the QR your way. You can remove this message by removing this opttion. This message will be removed in a future version.
{"level":30,"time":1771865897472,"pid":14632,"hostname":"DESKTOP-BV1E0F4","user":"51955328972:44@s.whatsapp.net","name":"via comunicativa","msg":"WhatsApp vinculado"}

> kenia-call-bridge-skeleton@0.1.0 start:whatsapp
> npm --prefix whatsapp-backend run start


> kenia-whatsapp-backend@0.1.0 start
> node src/server.js

{"level":30,"time":1771875441077,"pid":16272,"hostname":"DESKTOP-BV1E0F4","msg":"WhatsApp backend escuchando en http://0.0.0.0:3010"}
⚠️ The printQRInTerminal option has been deprecated. You will no longer receive QR codes in the terminal automatically. Please listen to the connection.update event yourself and handle the QR your way. You can remove this message by removing this opttion. This message will be removed in a future version.
{"level":30,"time":1771875442263,"pid":16272,"hostname":"DESKTOP-BV1E0F4","user":"51955328972:44@s.whatsapp.net","name":"via comunicativa","msg":"WhatsApp vinculado"}
{"level":30,"time":1771875442299,"pid":16272,"hostname":"DESKTOP-BV1E0F4","jid":"213734903541768@lid","msgId":"3EB0F957E0217A51F36EA5","status":3,"statusText":"READ","kind":null,"fileName":null,"msg":"Estado mensaje saliente"}
{"level":30,"time":1771875442299,"pid":16272,"hostname":"DESKTOP-BV1E0F4","jid":"213734903541768@lid","msgId":"3EB0065A0ED40028BECAEE","status":3,"statusText":"READ","kind":null,"fileName":null,"msg":"Estado mensaje saliente"}
{"level":30,"time":1771875442299,"pid":16272,"hostname":"DESKTOP-BV1E0F4","jid":"213734903541768@lid","msgId":"3EB01DDF1D6189FB4D9B86","status":3,"statusText":"READ","kind":null,"fileName":null,"msg":"Estado mensaje saliente"}
{"level":30,"time":1771875442299,"pid":16272,"hostname":"DESKTOP-BV1E0F4","jid":"213734903541768@lid","msgId":"3EB01C2FE7DA0EC2DB5901","status":3,"statusText":"READ","kind":null,"fileName":null,"msg":"Estado mensaje saliente"}
{"level":30,"time":1771875442299,"pid":16272,"hostname":"DESKTOP-BV1E0F4","jid":"213734903541768@lid","msgId":"3EB0E0D83E67C18695E914","status":3,"statusText":"READ","kind":null,"fileName":null,"msg":"Estado mensaje saliente"}
{"level":30,"time":1771875462309,"pid":16272,"hostname":"DESKTOP-BV1E0F4","jid":"51971548086:47@s.whatsapp.net","msgId":"3EB04495BDFC671C15A468","status":3,"statusText":"READ","kind":null,"fileName":null,"msg":"Estado mensaje saliente"}
{"level":30,"time":1771875462309,"pid":16272,"hostname":"DESKTOP-BV1E0F4","jid":"105853814313019:47@lid","msgId":"3EB044F293F5757F253B1C","status":3,"statusText":"READ","kind":null,"fileName":null,"msg":"Estado mensaje saliente"}
{"level":30,"time":1771875462309,"pid":16272,"hostname":"DESKTOP-BV1E0F4","jid":"105853814313019:47@lid","msgId":"3EB0019DEE36BCFFC62E8A","status":3,"statusText":"READ","kind":null,"fileName":null,"msg":"Estado mensaje saliente"}
{"level":30,"time":1771875462309,"pid":16272,"hostname":"DESKTOP-BV1E0F4","jid":"105853814313019:47@lid","msgId":"3EB06970C97B6110606F38","status":3,"statusText":"READ","kind":null,"fileName":null,"msg":"Estado mensaje saliente"}
{"level":30,"time":1771875462309,"pid":16272,"hostname":"DESKTOP-BV1E0F4","jid":"105853814313019:47@lid","msgId":"3EB063C0D6C4C35D5DA4F1","status":3,"statusText":"READ","kind":null,"fileName":null,"msg":"Estado mensaje saliente"}
{"level":30,"time":1771875462309,"pid":16272,"hostname":"DESKTOP-BV1E0F4","jid":"105853814313019:47@lid","msgId":"3EB09A6C439CBD75562892","status":3,"statusText":"READ","kind":null,"fileName":null,"msg":"Estado mensaje saliente"}
{"level":30,"time":1771875462309,"pid":16272,"hostname":"DESKTOP-BV1E0F4","jid":"26740634202141@lid","msgId":"3EB054E2376FFC94306423","status":4,"statusText":"PLAYED","kind":null,"fileName":null,"msg":"Estado mensaje saliente"}
{"level":30,"time":1771876596876,"pid":16272,"hostname":"DESKTOP-BV1E0F4","method":"POST","url":"/send-message","msg":"Incoming WhatsApp send-message request"}
{"level":30,"time":1771876614538,"pid":16272,"hostname":"DESKTOP-BV1E0F4","method":"POST","url":"/send","headers":{"host":"127.0.0.1:3010","connection":"keep-alive","content-type":"multipart/form-data; boundary=----WebKitFormBoundaryXo5YjME7WFDaPxk2","ngrok-skip-browser-warning":"1","accept":"*/*","accept-language":"*","sec-fetch-mode":"cors","user-agent":"node","accept-encoding":"gzip, deflate","transfer-encoding":"chunked"},"msg":"Incoming WhatsApp send request"}
{"level":30,"time":1771876617259,"pid":16272,"hostname":"DESKTOP-BV1E0F4","to":"+51950799416","messageLength":878,"hasFile":true,"msg":"Processing WhatsApp send request"}
{"level":30,"time":1771876617262,"pid":16272,"hostname":"DESKTOP-BV1E0F4","jid":"51950799416@s.whatsapp.net","text":"Tus clientes necesitan encontrarte de manera digital efectiva. Si no estás presente con una imagen profesional y estratégica, estás perdiendo oportunidades.  Una PÁGINA WEB bien diseñada no solo informa sobre tus servicios: convierte visitantes en CLIENTES, atrae más personas interesadas y reduce los gastos en publicidad tradicional al trabajar para ti 24/7.  Además, si tienes comercio electrónico, el Libro de Reclamaciones Virtual es obligatorio en Perú según Indecopi. Implementarlo en tu web transmite transparencia, genera confianza y te protege legalmente. Integrarlo demuestra profesionalismo y un compromiso real con tus clientes.  En Via Comunicativa REESTRUCTURAMOS, REDISEÑAMOS Y ACTUALIZAMOS tu web, e INSTALAMOS tu Libro de Reclamaciones Virtual para que cumplas la normativa y potencies tu presencia digital.  📞 CONTACTO: 936 613 758 🌐 www.viacomunicativa.com","hasFile":true,"fileName":"5.png","msg":"Intentando enviar mensaje"}
{"level":30,"time":1771876617263,"pid":16272,"hostname":"DESKTOP-BV1E0F4","jid":"51950799416@s.whatsapp.net","fileName":"5.png","fileMime":"image/png","rawMime":"image/png","size":2412482,"msg":"Enviando archivo"}
Closing session: SessionEntry {
  _chains: {
    'BRHouvEWgqUMKKChljz+EWATWkE6+zB4/cOaT0ITJwYF': { chainKey: [Object], chainType: 1, messageKeys: {} }
  },
  registrationId: 2024554646,
  currentRatchet: {
    ephemeralKeyPair: {
      pubKey: <Buffer 05 11 e8 ba f1 16 82 a5 0c 28 a0 a1 96 3c fe 11 60 13 5a 41 3a fb 30 78 fd c3 9a 4f 42 13 27 06 05>,
      privKey: <Buffer 88 7b 07 e3 2c f6 0c 5d 07 01 aa 4c 0d eb 18 f9 41 87 00 c4 cf 73 60 75 1c 2e d1 e4 67 cb c1 61>
    },
    lastRemoteEphemeralKey: <Buffer 05 db b5 c3 bc 26 86 3a c0 ac 25 37 8c e3 93 f1 1f af ff 3c ea 2c 8f c8 57 be 3c cb 4c 3c e9 ba 4b>,
    previousCounter: 0,
    rootKey: <Buffer 2d ea 44 fd dc 48 eb 60 00 55 b0 a4 c0 93 7e fc 75 98 bd 0d b7 2a 64 33 90 a3 7a 1c ff 70 aa aa>
  },
  indexInfo: {
    baseKey: <Buffer 05 dd b2 0d c4 7a 09 43 0d 48 24 62 ca fd 35 8d 78 57 03 77 94 4b 10 ff e4 0b a4 39 b8 3e 86 2b 0b>,
    baseKeyType: 1,
    closed: -1,
    used: 1771864827966,
    created: 1771864827966,
    remoteIdentityKey: <Buffer 05 e7 b1 0c f2 97 78 d5 52 da 30 51 d8 8f 12 38 5d 67 60 aa 52 55 2e 78 c4 fc bf a3 90 31 07 aa 00>
  },
  pendingPreKey: {
    signedKeyId: 6004137,
    baseKey: <Buffer 05 dd b2 0d c4 7a 09 43 0d 48 24 62 ca fd 35 8d 78 57 03 77 94 4b 10 ff e4 0b a4 39 b8 3e 86 2b 0b>,
    preKeyId: 9145969
  }
}
{"level":30,"time":1771876620366,"pid":16272,"hostname":"DESKTOP-BV1E0F4","jid":"51950799416@s.whatsapp.net","msgId":"3EB08FB4DE138E29913640","status":2,"statusText":"DELIVERY_ACK","kind":"image","fileName":"5.png","msg":"Estado mensaje saliente"}
{"level":30,"time":1771876620367,"pid":16272,"hostname":"DESKTOP-BV1E0F4","jid":"51950799416@s.whatsapp.net","msgId":"3EB08FB4DE138E29913640","msg":"Imagen enviada y entregada"}
{"level":30,"time":1771876621565,"pid":16272,"hostname":"DESKTOP-BV1E0F4","jid":"51950799416@s.whatsapp.net","msgId":"3EB08FB4DE138E29913640","status":3,"statusText":"READ","kind":"image","fileName":"5.png","msg":"Estado mensaje saliente"}
{"level":30,"time":1771877036732,"pid":16272,"hostname":"DESKTOP-BV1E0F4","jid":"89709082611771@lid","msgId":"3EB08FB4DE138E29913640","status":2,"statusText":"DELIVERY_ACK","kind":null,"fileName":null,"msg":"Estado mensaje saliente"}
{"level":30,"time":1771877918687,"pid":16272,"hostname":"DESKTOP-BV1E0F4","method":"POST","url":"/send-message","msg":"Incoming WhatsApp send-message request"}
{"level":30,"time":1771877921275,"pid":16272,"hostname":"DESKTOP-BV1E0F4","jid":"51929361150@s.whatsapp.net","text":"Tus clientes necesitan encontrarte de manera digital efectiva. Si no estás presente con una imagen profesional y estratégica, estás perdiendo oportunidades.  Una PÁGINA WEB bien diseñada no solo informa sobre tus servicios: convierte visitantes en CLIENTES, atrae más personas interesadas y reduce los gastos en publicidad tradicional al trabajar para ti 24/7.  Además, si tienes comercio electrónico, el Libro de Reclamaciones Virtual es obligatorio en Perú según Indecopi. Implementarlo en tu web transmite transparencia, genera confianza y te protege legalmente. Integrarlo demuestra profesionalismo y un compromiso real con tus clientes.  En Via Comunicativa REESTRUCTURAMOS, REDISEÑAMOS Y ACTUALIZAMOS tu web, e INSTALAMOS tu Libro de Reclamaciones Virtual para que cumplas la normativa y potencies tu presencia digital.  📞 CONTACTO: 936 613 758 🌐 www.viacomunicativa.com","hasFile":true,"fileName":"5.png","msg":"Intentando enviar mensaje"}
{"level":30,"time":1771877921279,"pid":16272,"hostname":"DESKTOP-BV1E0F4","jid":"51929361150@s.whatsapp.net","fileName":"5.png","fileMime":"image/png","rawMime":"image/png","size":2412482,"msg":"Enviando archivo"}
Closing session: SessionEntry {
  _chains: {
    'BVYcgvWw9KWaaOQHScZRfePwJs9UiOGp7JXlUU8+Jygj': { chainKey: [Object], chainType: 1, messageKeys: {} }
  },
  registrationId: 2024554646,
  currentRatchet: {
    ephemeralKeyPair: {
      pubKey: <Buffer 05 56 1c 82 f5 b0 f4 a5 9a 68 e4 07 49 c6 51 7d e3 f0 26 cf 54 88 e1 a9 ec 95 e5 51 4f 3e 27 28 23>,
      privKey: <Buffer e0 0d 4d fa c8 a0 b9 1b 8a 56 1b 25 11 82 81 88 8d 8b 2d 87 ca 86 97 cc 4e 81 94 72 60 80 64 73>
    },
    lastRemoteEphemeralKey: <Buffer 05 db b5 c3 bc 26 86 3a c0 ac 25 37 8c e3 93 f1 1f af ff 3c ea 2c 8f c8 57 be 3c cb 4c 3c e9 ba 4b>,
    previousCounter: 0,
    rootKey: <Buffer 2c df e0 8d d5 44 6b 56 39 c2 4a 66 2c 9e 18 61 f0 9c 37 e6 a1 d6 83 af 0b e5 87 41 d4 c2 9f 49>
  },
  indexInfo: {
    baseKey: <Buffer 05 56 b8 8a 43 8c d0 98 28 44 0f b1 14 c2 87 43 73 98 8a 49 c1 54 b7 e9 2e f3 cd fa 47 e1 30 e9 05>,
    baseKeyType: 1,
    closed: -1,
    used: 1771876619900,
    created: 1771876619900,
    remoteIdentityKey: <Buffer 05 e7 b1 0c f2 97 78 d5 52 da 30 51 d8 8f 12 38 5d 67 60 aa 52 55 2e 78 c4 fc bf a3 90 31 07 aa 00>
  },
  pendingPreKey: {
    signedKeyId: 6004137,
    baseKey: <Buffer 05 56 b8 8a 43 8c d0 98 28 44 0f b1 14 c2 87 43 73 98 8a 49 c1 54 b7 e9 2e f3 cd fa 47 e1 30 e9 05>,
    preKeyId: 9145827
  }
}
{"level":40,"time":1771877949575,"pid":16272,"hostname":"DESKTOP-BV1E0F4","jid":"51929361150@s.whatsapp.net","fileName":"5.png","err":"Tiempo agotado esperando estado DELIVERY_ACK para msgId 3EB0BC1B8CEBD2E35D3217","msg":"No se confirmo entrega de imagen. Reintento como documento"}
{"level":50,"time":1771877976128,"pid":16272,"hostname":"DESKTOP-BV1E0F4","err":{"type":"Error","message":"Tiempo agotado esperando estado DELIVERY_ACK para msgId 3EB0B9E17A3A9D1E117059","stack":"Error: Tiempo agotado esperando estado DELIVERY_ACK para msgId 3EB0B9E17A3A9D1E117059\n    at Timeout._onTimeout (file:///C:/Users/via/Downloads/KENIA/whatsapp-backend/src/server.js:179:19)\n    at listOnTimeout (node:internal/timers:605:17)\n    at process.processTimers (node:internal/timers:541:7)","code":"DELIVERY_TIMEOUT"},"jid":"51929361150@s.whatsapp.net","msg":"Error critico al enviar via Baileys"}
{"level":50,"time":1771877976130,"pid":16272,"hostname":"DESKTOP-BV1E0F4","err":{"type":"Error","message":"Tiempo agotado esperando estado DELIVERY_ACK para msgId 3EB0B9E17A3A9D1E117059","stack":"Error: Tiempo agotado esperando estado DELIVERY_ACK para msgId 3EB0B9E17A3A9D1E117059\n    at Timeout._onTimeout (file:///C:/Users/via/Downloads/KENIA/whatsapp-backend/src/server.js:179:19)\n    at listOnTimeout (node:internal/timers:605:17)\n    at process.processTimers (node:internal/timers:541:7)","code":"DELIVERY_TIMEOUT"},"msg":"Error in WhatsApp send-message route"}
{"level":30,"time":1771877976581,"pid":16272,"hostname":"DESKTOP-BV1E0F4","method":"POST","url":"/send","headers":{"host":"127.0.0.1:3010","connection":"keep-alive","content-type":"multipart/form-data; boundary=----WebKitFormBoundaryOp0ANZHmL98hiUev","ngrok-skip-browser-warning":"1","accept":"*/*","accept-language":"*","sec-fetch-mode":"cors","user-agent":"node","accept-encoding":"gzip, deflate","transfer-encoding":"chunked"},"msg":"Incoming WhatsApp send request"}
{"level":30,"time":1771877978144,"pid":16272,"hostname":"DESKTOP-BV1E0F4","to":"+51929361150","messageLength":878,"hasFile":true,"msg":"Processing WhatsApp send request"}
{"level":30,"time":1771877978145,"pid":16272,"hostname":"DESKTOP-BV1E0F4","jid":"51929361150@s.whatsapp.net","text":"Tus clientes necesitan encontrarte de manera digital efectiva. Si no estás presente con una imagen profesional y estratégica, estás perdiendo oportunidades.  Una PÁGINA WEB bien diseñada no solo informa sobre tus servicios: convierte visitantes en CLIENTES, atrae más personas interesadas y reduce los gastos en publicidad tradicional al trabajar para ti 24/7.  Además, si tienes comercio electrónico, el Libro de Reclamaciones Virtual es obligatorio en Perú según Indecopi. Implementarlo en tu web transmite transparencia, genera confianza y te protege legalmente. Integrarlo demuestra profesionalismo y un compromiso real con tus clientes.  En Via Comunicativa REESTRUCTURAMOS, REDISEÑAMOS Y ACTUALIZAMOS tu web, e INSTALAMOS tu Libro de Reclamaciones Virtual para que cumplas la normativa y potencies tu presencia digital.  📞 CONTACTO: 936 613 758 🌐 www.viacomunicativa.com","hasFile":true,"fileName":"5.png","msg":"Intentando enviar mensaje"}
{"level":30,"time":1771877978145,"pid":16272,"hostname":"DESKTOP-BV1E0F4","jid":"51929361150@s.whatsapp.net","fileName":"5.png","fileMime":"image/png","rawMime":"image/png","size":2412482,"msg":"Enviando archivo"}
{"level":40,"time":1771878004607,"pid":16272,"hostname":"DESKTOP-BV1E0F4","jid":"51929361150@s.whatsapp.net","fileName":"5.png","err":"Tiempo agotado esperando estado DELIVERY_ACK para msgId 3EB0F89E20DEBFA04DDDF6","msg":"No se confirmo entrega de imagen. Reintento como documento"}
{"level":50,"time":1771878030410,"pid":16272,"hostname":"DESKTOP-BV1E0F4","err":{"type":"Error","message":"Tiempo agotado esperando estado DELIVERY_ACK para msgId 3EB0F039839465FB666008","stack":"Error: Tiempo agotado esperando estado DELIVERY_ACK para msgId 3EB0F039839465FB666008\n    at Timeout._onTimeout (file:///C:/Users/via/Downloads/KENIA/whatsapp-backend/src/server.js:179:19)\n    at listOnTimeout (node:internal/timers:605:17)\n    at process.processTimers (node:internal/timers:541:7)","code":"DELIVERY_TIMEOUT"},"jid":"51929361150@s.whatsapp.net","msg":"Error critico al enviar via Baileys"}
{"level":50,"time":1771878030410,"pid":16272,"hostname":"DESKTOP-BV1E0F4","err":{"type":"Error","message":"Tiempo agotado esperando estado DELIVERY_ACK para msgId 3EB0F039839465FB666008","stack":"Error: Tiempo agotado esperando estado DELIVERY_ACK para msgId 3EB0F039839465FB666008\n    at Timeout._onTimeout (file:///C:/Users/via/Downloads/KENIA/whatsapp-backend/src/server.js:179:19)\n    at listOnTimeout (node:internal/timers:605:17)\n    at process.processTimers (node:internal/timers:541:7)","code":"DELIVERY_TIMEOUT"},"msg":"Error in WhatsApp send route"}
{"level":30,"time":1771878110722,"pid":16272,"hostname":"DESKTOP-BV1E0F4","jid":"82901509115921:93@lid","msgId":"3EB0C919F9A2DEE94F808E","status":3,"statusText":"READ","kind":null,"fileName":null,"msg":"Estado mensaje saliente"}
{"level":30,"time":1771878110722,"pid":16272,"hostname":"DESKTOP-BV1E0F4","jid":"82901509115921:93@lid","msgId":"3EB04FCE010EC7D913107A","status":3,"statusText":"READ","kind":null,"fileName":null,"msg":"Estado mensaje saliente"}
{"level":30,"time":1771878110722,"pid":16272,"hostname":"DESKTOP-BV1E0F4","jid":"82901509115921:93@lid","msgId":"3EB037668EA0F2F34E0446","status":3,"statusText":"READ","kind":null,"fileName":null,"msg":"Estado mensaje saliente"}
{"level":30,"time":1771878110722,"pid":16272,"hostname":"DESKTOP-BV1E0F4","jid":"82901509115921:93@lid","msgId":"3EB01858F33456B1EFBBA5","status":3,"statusText":"READ","kind":null,"fileName":null,"msg":"Estado mensaje saliente"}
{"level":30,"time":1771878110722,"pid":16272,"hostname":"DESKTOP-BV1E0F4","jid":"82901509115921:93@lid","msgId":"3EB0E6CBC3BC79D2EEF108","status":3,"statusText":"READ","kind":null,"fileName":null,"msg":"Estado mensaje saliente"}
{"level":30,"time":1771878110722,"pid":16272,"hostname":"DESKTOP-BV1E0F4","jid":"82901509115921:93@lid","msgId":"3EB0C69619EADB09ADEF92","status":3,"statusText":"READ","kind":null,"fileName":null,"msg":"Estado mensaje saliente"}
{"level":30,"time":1771878110722,"pid":16272,"hostname":"DESKTOP-BV1E0F4","jid":"82901509115921:93@lid","msgId":"3EB06876F9506E52F60309","status":3,"statusText":"READ","kind":null,"fileName":null,"msg":"Estado mensaje saliente"}
{"level":30,"time":1771878300198,"pid":16272,"hostname":"DESKTOP-BV1E0F4","method":"POST","url":"/send-message","msg":"Incoming WhatsApp send-message request"}
{"level":30,"time":1771878302537,"pid":16272,"hostname":"DESKTOP-BV1E0F4","jid":"51929361150@s.whatsapp.net","text":"Tus clientes necesitan encontrarte de manera digital efectiva. Si no estás presente con una imagen profesional y estratégica, estás perdiendo oportunidades.  Una PÁGINA WEB bien diseñada no solo informa sobre tus servicios: convierte visitantes en CLIENTES, atrae más personas interesadas y reduce los gastos en publicidad tradicional al trabajar para ti 24/7.  Además, si tienes comercio electrónico, el Libro de Reclamaciones Virtual es obligatorio en Perú según Indecopi. Implementarlo en tu web transmite transparencia, genera confianza y te protege legalmente. Integrarlo demuestra profesionalismo y un compromiso real con tus clientes.  En Via Comunicativa REESTRUCTURAMOS, REDISEÑAMOS Y ACTUALIZAMOS tu web, e INSTALAMOS tu Libro de Reclamaciones Virtual para que cumplas la normativa y potencies tu presencia digital.  📞 CONTACTO: 936 613 758 🌐 www.viacomunicativa.com","hasFile":true,"fileName":"5.png","msg":"Intentando enviar mensaje"}
{"level":30,"time":1771878302546,"pid":16272,"hostname":"DESKTOP-BV1E0F4","jid":"51929361150@s.whatsapp.net","fileName":"5.png","fileMime":"image/png","rawMime":"image/png","size":2412482,"msg":"Enviando archivo"}
Closing session: SessionEntry {
  _chains: {
    BdNVcWucdnUymdiFD7foL6EO5oCAPK5CQSdUT8qC2Bdl: { chainKey: [Object], chainType: 1, messageKeys: {} }
  },
  registrationId: 2024554646,
  currentRatchet: {
    ephemeralKeyPair: {
      pubKey: <Buffer 05 d3 55 71 6b 9c 76 75 32 99 d8 85 0f b7 e8 2f a1 0e e6 80 80 3c ae 42 41 27 54 4f ca 82 d8 17 65>,
      privKey: <Buffer 88 96 76 d4 0a fc 80 30 20 a0 08 93 6e 9e 6a 13 4b 10 3a c2 85 f5 fc 2c e4 18 33 84 07 18 56 6e>
    },
    lastRemoteEphemeralKey: <Buffer 05 db b5 c3 bc 26 86 3a c0 ac 25 37 8c e3 93 f1 1f af ff 3c ea 2c 8f c8 57 be 3c cb 4c 3c e9 ba 4b>,
    previousCounter: 0,
    rootKey: <Buffer 48 a4 02 83 93 d8 d3 f4 4c 22 91 9d b1 f6 54 a6 22 da 84 59 ca c3 71 2c 0c 61 42 c9 d4 43 ea 96>
  },
  indexInfo: {
    baseKey: <Buffer 05 e9 e7 ba 38 d1 4b 8d a8 98 fc a9 f4 de be c4 44 54 97 8f c0 25 8c 3a f2 94 f2 fb 96 e1 b2 a2 20>,
    baseKeyType: 1,
    closed: -1,
    used: 1771877924522,
    created: 1771877924522,
    remoteIdentityKey: <Buffer 05 e7 b1 0c f2 97 78 d5 52 da 30 51 d8 8f 12 38 5d 67 60 aa 52 55 2e 78 c4 fc bf a3 90 31 07 aa 00>
  },
  pendingPreKey: {
    signedKeyId: 6004137,
    baseKey: <Buffer 05 e9 e7 ba 38 d1 4b 8d a8 98 fc a9 f4 de be c4 44 54 97 8f c0 25 8c 3a f2 94 f2 fb 96 e1 b2 a2 20>,
    preKeyId: 9146511
  }
}
{"level":40,"time":1771878329340,"pid":16272,"hostname":"DESKTOP-BV1E0F4","jid":"51929361150@s.whatsapp.net","fileName":"5.png","err":"Tiempo agotado esperando estado DELIVERY_ACK para msgId 3EB0BA64BA3AFB7A5C549B","msg":"No se confirmo entrega de imagen. Reintento como documento"}
{"level":50,"time":1771878354983,"pid":16272,"hostname":"DESKTOP-BV1E0F4","err":{"type":"Error","message":"Tiempo agotado esperando estado DELIVERY_ACK para msgId 3EB0A39C0C497A6BAF04D0","stack":"Error: Tiempo agotado esperando estado DELIVERY_ACK para msgId 3EB0A39C0C497A6BAF04D0\n    at Timeout._onTimeout (file:///C:/Users/via/Downloads/KENIA/whatsapp-backend/src/server.js:179:19)\n    at listOnTimeout (node:internal/timers:605:17)\n    at process.processTimers (node:internal/timers:541:7)","code":"DELIVERY_TIMEOUT"},"jid":"51929361150@s.whatsapp.net","msg":"Error critico al enviar via Baileys"}
{"level":50,"time":1771878354984,"pid":16272,"hostname":"DESKTOP-BV1E0F4","err":{"type":"Error","message":"Tiempo agotado esperando estado DELIVERY_ACK para msgId 3EB0A39C0C497A6BAF04D0","stack":"Error: Tiempo agotado esperando estado DELIVERY_ACK para msgId 3EB0A39C0C497A6BAF04D0\n    at Timeout._onTimeout (file:///C:/Users/via/Downloads/KENIA/whatsapp-backend/src/server.js:179:19)\n    at listOnTimeout (node:internal/timers:605:17)\n    at process.processTimers (node:internal/timers:541:7)","code":"DELIVERY_TIMEOUT"},"msg":"Error in WhatsApp send-message route"}
{"level":30,"time":1771878355438,"pid":16272,"hostname":"DESKTOP-BV1E0F4","method":"POST","url":"/send","headers":{"host":"127.0.0.1:3010","connection":"keep-alive","content-type":"multipart/form-data; boundary=----WebKitFormBoundarywZ7rp1gpAFdswLka","ngrok-skip-browser-warning":"1","accept":"*/*","accept-language":"*","sec-fetch-mode":"cors","user-agent":"node","accept-encoding":"gzip, deflate","transfer-encoding":"chunked"},"msg":"Incoming WhatsApp send request"}
{"level":30,"time":1771878357154,"pid":16272,"hostname":"DESKTOP-BV1E0F4","to":"+51929361150","messageLength":878,"hasFile":true,"msg":"Processing WhatsApp send request"}
{"level":30,"time":1771878357154,"pid":16272,"hostname":"DESKTOP-BV1E0F4","jid":"51929361150@s.whatsapp.net","text":"Tus clientes necesitan encontrarte de manera digital efectiva. Si no estás presente con una imagen profesional y estratégica, estás perdiendo oportunidades.  Una PÁGINA WEB bien diseñada no solo informa sobre tus servicios: convierte visitantes en CLIENTES, atrae más personas interesadas y reduce los gastos en publicidad tradicional al trabajar para ti 24/7.  Además, si tienes comercio electrónico, el Libro de Reclamaciones Virtual es obligatorio en Perú según Indecopi. Implementarlo en tu web transmite transparencia, genera confianza y te protege legalmente. Integrarlo demuestra profesionalismo y un compromiso real con tus clientes.  En Via Comunicativa REESTRUCTURAMOS, REDISEÑAMOS Y ACTUALIZAMOS tu web, e INSTALAMOS tu Libro de Reclamaciones Virtual para que cumplas la normativa y potencies tu presencia digital.  📞 CONTACTO: 936 613 758 🌐 www.viacomunicativa.com","hasFile":true,"fileName":"5.png","msg":"Intentando enviar mensaje"}
{"level":30,"time":1771878357154,"pid":16272,"hostname":"DESKTOP-BV1E0F4","jid":"51929361150@s.whatsapp.net","fileName":"5.png","fileMime":"image/png","rawMime":"image/png","size":2412482,"msg":"Enviando archivo"}
{"level":40,"time":1771878383197,"pid":16272,"hostname":"DESKTOP-BV1E0F4","jid":"51929361150@s.whatsapp.net","fileName":"5.png","err":"Tiempo agotado esperando estado DELIVERY_ACK para msgId 3EB093A649A8E91B95C24A","msg":"No se confirmo entrega de imagen. Reintento como documento"}
{"level":50,"time":1771878409110,"pid":16272,"hostname":"DESKTOP-BV1E0F4","err":{"type":"Error","message":"Tiempo agotado esperando estado DELIVERY_ACK para msgId 3EB0355394D72A599EEDAE","stack":"Error: Tiempo agotado esperando estado DELIVERY_ACK para msgId 3EB0355394D72A599EEDAE\n    at Timeout._onTimeout (file:///C:/Users/via/Downloads/KENIA/whatsapp-backend/src/server.js:179:19)\n    at listOnTimeout (node:internal/timers:605:17)\n    at process.processTimers (node:internal/timers:541:7)","code":"DELIVERY_TIMEOUT"},"jid":"51929361150@s.whatsapp.net","msg":"Error critico al enviar via Baileys"}
{"level":50,"time":1771878409110,"pid":16272,"hostname":"DESKTOP-BV1E0F4","err":{"type":"Error","message":"Tiempo agotado esperando estado DELIVERY_ACK para msgId 3EB0355394D72A599EEDAE","stack":"Error: Tiempo agotado esperando estado DELIVERY_ACK para msgId 3EB0355394D72A599EEDAE\n    at Timeout._onTimeout (file:///C:/Users/via/Downloads/KENIA/whatsapp-backend/src/server.js:179:19)\n    at listOnTimeout (node:internal/timers:605:17)\n    at process.processTimers (node:internal/timers:541:7)","code":"DELIVERY_TIMEOUT"},"msg":"Error in WhatsApp send route"}
{"level":30,"time":1771878439450,"pid":16272,"hostname":"DESKTOP-BV1E0F4","method":"POST","url":"/send-message","msg":"Incoming WhatsApp send-message request"}
{"level":30,"time":1771878441061,"pid":16272,"hostname":"DESKTOP-BV1E0F4","jid":"51929361150@s.whatsapp.net","text":"Tus clientes necesitan encontrarte de manera digital efectiva. Si no estás presente con una imagen profesional y estratégica, estás perdiendo oportunidades.  Una PÁGINA WEB bien diseñada no solo informa sobre tus servicios: convierte visitantes en CLIENTES, atrae más personas interesadas y reduce los gastos en publicidad tradicional al trabajar para ti 24/7.  Además, si tienes comercio electrónico, el Libro de Reclamaciones Virtual es obligatorio en Perú según Indecopi. Implementarlo en tu web transmite transparencia, genera confianza y te protege legalmente. Integrarlo demuestra profesionalismo y un compromiso real con tus clientes.  En Via Comunicativa REESTRUCTURAMOS, REDISEÑAMOS Y ACTUALIZAMOS tu web, e INSTALAMOS tu Libro de Reclamaciones Virtual para que cumplas la normativa y potencies tu presencia digital.  📞 CONTACTO: 936 613 758 🌐 www.viacomunicativa.com","hasFile":true,"fileName":"5.png","msg":"Intentando enviar mensaje"}
{"level":30,"time":1771878441061,"pid":16272,"hostname":"DESKTOP-BV1E0F4","jid":"51929361150@s.whatsapp.net","fileName":"5.png","fileMime":"image/png","rawMime":"image/png","size":2412482,"msg":"Enviando archivo"}
{"level":40,"time":1771878467409,"pid":16272,"hostname":"DESKTOP-BV1E0F4","jid":"51929361150@s.whatsapp.net","fileName":"5.png","err":"Tiempo agotado esperando estado DELIVERY_ACK para msgId 3EB0509525B1C8090F96E7","msg":"No se confirmo entrega de imagen. Reintento como documento"}
{"level":50,"time":1771878493550,"pid":16272,"hostname":"DESKTOP-BV1E0F4","err":{"type":"Error","message":"Tiempo agotado esperando estado DELIVERY_ACK para msgId 3EB044F4DBFACF3E35C7F9","stack":"Error: Tiempo agotado esperando estado DELIVERY_ACK para msgId 3EB044F4DBFACF3E35C7F9\n    at Timeout._onTimeout (file:///C:/Users/via/Downloads/KENIA/whatsapp-backend/src/server.js:179:19)\n    at listOnTimeout (node:internal/timers:605:17)\n    at process.processTimers (node:internal/timers:541:7)","code":"DELIVERY_TIMEOUT"},"jid":"51929361150@s.whatsapp.net","msg":"Error critico al enviar via Baileys"}
{"level":50,"time":1771878493551,"pid":16272,"hostname":"DESKTOP-BV1E0F4","err":{"type":"Error","message":"Tiempo agotado esperando estado DELIVERY_ACK para msgId 3EB044F4DBFACF3E35C7F9","stack":"Error: Tiempo agotado esperando estado DELIVERY_ACK para msgId 3EB044F4DBFACF3E35C7F9\n    at Timeout._onTimeout (file:///C:/Users/via/Downloads/KENIA/whatsapp-backend/src/server.js:179:19)\n    at listOnTimeout (node:internal/timers:605:17)\n    at process.processTimers (node:internal/timers:541:7)","code":"DELIVERY_TIMEOUT"},"msg":"Error in WhatsApp send-message route"}
{"level":30,"time":1771880290435,"pid":16272,"hostname":"DESKTOP-BV1E0F4","jid":"271325985792175@lid","msgId":"3EB04DF6D4500A749B6356","status":3,"statusText":"READ","kind":null,"fileName":null,"msg":"Estado mensaje saliente"}
{"level":30,"time":1771880309364,"pid":16272,"hostname":"DESKTOP-BV1E0F4","jid":"271325985792175@lid","msgId":"3EB04DF6D4500A749B6356","status":3,"statusText":"READ","kind":null,"fileName":null,"msg":"Estado mensaje saliente"}
{"level":30,"time":1771880309584,"pid":16272,"hostname":"DESKTOP-BV1E0F4","jid":"271325985792175@lid","msgId":"3EB002D52B5433294F12FE","status":3,"statusText":"READ","kind":null,"fileName":null,"msg":"Estado mensaje saliente"}
{"level":30,"time":1771880318257,"pid":16272,"hostname":"DESKTOP-BV1E0F4","jid":"24151121240118:20@lid","msgId":"A59349759E1D78AEA44F987F5F5EF1F8","status":3,"statusText":"READ","kind":null,"fileName":null,"msg":"Estado mensaje saliente"}
{"level":30,"time":1771880318257,"pid":16272,"hostname":"DESKTOP-BV1E0F4","jid":"24151121240118:20@lid","msgId":"3EB0C3FAD05B6FCED00196","status":3,"statusText":"READ","kind":null,"fileName":null,"msg":"Estado mensaje saliente"}
{"level":30,"time":1771880318257,"pid":16272,"hostname":"DESKTOP-BV1E0F4","jid":"24151121240118:20@lid","msgId":"3EB0CF64CA7E1C30571D57","status":3,"statusText":"READ","kind":null,"fileName":null,"msg":"Estado mensaje saliente"}
{"level":30,"time":1771880318257,"pid":16272,"hostname":"DESKTOP-BV1E0F4","jid":"24151121240118:20@lid","msgId":"3EB0FA0F3DE047B76B129B","status":3,"statusText":"READ","kind":null,"fileName":null,"msg":"Estado mensaje saliente"}
{"level":30,"time":1771880318257,"pid":16272,"hostname":"DESKTOP-BV1E0F4","jid":"24151121240118:20@lid","msgId":"3EB024DADDFBFB4FB196E9","status":3,"statusText":"READ","kind":null,"fileName":null,"msg":"Estado mensaje saliente"}
{"level":30,"time":1771880318257,"pid":16272,"hostname":"DESKTOP-BV1E0F4","jid":"24151121240118:20@lid","msgId":"3EB01DD8BB591E72A92224","status":3,"statusText":"READ","kind":null,"fileName":null,"msg":"Estado mensaje saliente"}
{"level":30,"time":1771880324905,"pid":16272,"hostname":"DESKTOP-BV1E0F4","jid":"24151121240118:20@lid","msgId":"3EB062B5D7C748C979FA79","status":3,"statusText":"READ","kind":null,"fileName":null,"msg":"Estado mensaje saliente"}
{"level":30,"time":1771880324905,"pid":16272,"hostname":"DESKTOP-BV1E0F4","jid":"24151121240118:20@lid","msgId":"3EB09B2F4F52951E6F46EF","status":3,"statusText":"READ","kind":null,"fileName":null,"msg":"Estado mensaje saliente"}
{"level":30,"time":1771880324905,"pid":16272,"hostname":"DESKTOP-BV1E0F4","jid":"24151121240118:20@lid","msgId":"A5973F7A6D43D546F0B5E98D76B33B94","status":3,"statusText":"READ","kind":null,"fileName":null,"msg":"Estado mensaje saliente"}
{"level":30,"time":1771880324905,"pid":16272,"hostname":"DESKTOP-BV1E0F4","jid":"24151121240118:20@lid","msgId":"A5DFA1984086CF641A851527B1AFF731","status":3,"statusText":"READ","kind":null,"fileName":null,"msg":"Estado mensaje saliente"}
{"level":30,"time":1771880324905,"pid":16272,"hostname":"DESKTOP-BV1E0F4","jid":"24151121240118:20@lid","msgId":"A512B45DDA1CA3AF6B798C9AF1B9572E","status":3,"statusText":"READ","kind":null,"fileName":null,"msg":"Estado mensaje saliente"}
{"level":30,"time":1771880736368,"pid":16272,"hostname":"DESKTOP-BV1E0F4","method":"POST","url":"/send-message","msg":"Incoming WhatsApp send-message request"}
{"level":30,"time":1771880737794,"pid":16272,"hostname":"DESKTOP-BV1E0F4","jid":"51966505349@s.whatsapp.net","text":"Tus clientes necesitan encontrarte de manera digital efectiva. Si no estás presente con una imagen profesional y estratégica, estás perdiendo oportunidades.  Una PÁGINA WEB bien diseñada no solo informa sobre tus servicios: convierte visitantes en CLIENTES, atrae más personas interesadas y reduce los gastos en publicidad tradicional al trabajar para ti 24/7.  Además, si tienes comercio electrónico, el Libro de Reclamaciones Virtual es obligatorio en Perú según Indecopi. Implementarlo en tu web transmite transparencia, genera confianza y te protege legalmente. Integrarlo demuestra profesionalismo y un compromiso real con tus clientes.  En Via Comunicativa REESTRUCTURAMOS, REDISEÑAMOS Y ACTUALIZAMOS tu web, e INSTALAMOS tu Libro de Reclamaciones Virtual para que cumplas la normativa y potencies tu presencia digital.  📞 CONTACTO: 936 613 758 🌐 www.viacomunicativa.com","hasFile":true,"fileName":"5.png","msg":"Intentando enviar mensaje"}
{"level":30,"time":1771880737795,"pid":16272,"hostname":"DESKTOP-BV1E0F4","jid":"51966505349@s.whatsapp.net","fileName":"5.png","fileMime":"image/png","rawMime":"image/png","size":2412482,"msg":"Enviando archivo"}
Closing session: SessionEntry {
  _chains: {
    BXZ2pfnNvtzGpSBh6Aekn33ILh8FZnxpEXyaSq8ChfYu: { chainKey: [Object], chainType: 1, messageKeys: {} }
  },
  registrationId: 2024554646,
  currentRatchet: {
    ephemeralKeyPair: {
      pubKey: <Buffer 05 76 76 a5 f9 cd be dc c6 a5 20 61 e8 07 a4 9f 7d c8 2e 1f 05 66 7c 69 11 7c 9a 4a af 02 85 f6 2e>,
      privKey: <Buffer 30 4b 8f 75 31 84 b9 2f 21 03 49 f0 07 94 10 9d 7c ed 8b 42 59 42 33 c7 9c 01 4e d2 4b 02 fd 57>
    },
    lastRemoteEphemeralKey: <Buffer 05 db b5 c3 bc 26 86 3a c0 ac 25 37 8c e3 93 f1 1f af ff 3c ea 2c 8f c8 57 be 3c cb 4c 3c e9 ba 4b>,
    previousCounter: 0,
    rootKey: <Buffer 73 91 02 87 19 3a e3 48 bb 50 ac 80 91 3a 31 12 bf 6b c0 38 7e a8 3e 7f 6e 88 67 a3 a6 b4 7b 36>
  },
  indexInfo: {
    baseKey: <Buffer 05 25 a7 5e b3 c8 a4 69 b3 78 57 7b 85 a1 a5 18 5c 04 25 79 55 c9 82 c0 82 fe 23 d1 fe d4 d4 2a 7a>,
    baseKeyType: 1,
    closed: -1,
    used: 1771878304314,
    created: 1771878304314,
    remoteIdentityKey: <Buffer 05 e7 b1 0c f2 97 78 d5 52 da 30 51 d8 8f 12 38 5d 67 60 aa 52 55 2e 78 c4 fc bf a3 90 31 07 aa 00>
  },
  pendingPreKey: {
    signedKeyId: 6004137,
    baseKey: <Buffer 05 25 a7 5e b3 c8 a4 69 b3 78 57 7b 85 a1 a5 18 5c 04 25 79 55 c9 82 c0 82 fe 23 d1 fe d4 d4 2a 7a>,
    preKeyId: 9145840
  }
}
{"level":30,"time":1771880740621,"pid":16272,"hostname":"DESKTOP-BV1E0F4","jid":"51966505349@s.whatsapp.net","msgId":"3EB095BA9EC95773059653","status":2,"statusText":"DELIVERY_ACK","kind":"image","fileName":"5.png","msg":"Estado mensaje saliente"}
{"level":30,"time":1771880740621,"pid":16272,"hostname":"DESKTOP-BV1E0F4","jid":"51966505349@s.whatsapp.net","msgId":"3EB095BA9EC95773059653","msg":"Imagen enviada y entregada"}
{"level":30,"time":1771880740667,"pid":16272,"hostname":"DESKTOP-BV1E0F4","jid":"93922445516820@lid","msgId":"3EB095BA9EC95773059653","status":2,"statusText":"DELIVERY_ACK","kind":"image","fileName":"5.png","msg":"Estado mensaje saliente"}
{"level":30,"time":1771880741460,"pid":16272,"hostname":"DESKTOP-BV1E0F4","jid":"51966505349:90@s.whatsapp.net","msgId":"3EB095BA9EC95773059653","status":3,"statusText":"READ","kind":"image","fileName":"5.png","msg":"Estado mensaje saliente"}
{"level":30,"time":1771880741726,"pid":16272,"hostname":"DESKTOP-BV1E0F4","jid":"51966505349@s.whatsapp.net","msgId":"3EB095BA9EC95773059653","status":3,"statusText":"READ","kind":null,"fileName":null,"msg":"Estado mensaje saliente"}
{"level":30,"time":1771880773917,"pid":16272,"hostname":"DESKTOP-BV1E0F4","jid":"271325985792175@lid","msgId":"3EB0D45F54769387F38A3B","status":3,"statusText":"READ","kind":null,"fileName":null,"msg":"Estado mensaje saliente"}
{"level":30,"time":1771880861198,"pid":16272,"hostname":"DESKTOP-BV1E0F4","jid":"93922445516820:90@lid","msgId":"3EB09DEE2174DF8DD8E1CF","status":3,"statusText":"READ","kind":null,"fileName":null,"msg":"Estado mensaje saliente"}
{"level":30,"time":1771880861513,"pid":16272,"hostname":"DESKTOP-BV1E0F4","jid":"93922445516820@lid","msgId":"3EB09DEE2174DF8DD8E1CF","status":3,"statusText":"READ","kind":null,"fileName":null,"msg":"Estado mensaje saliente"}
{"level":30,"time":1771880867367,"pid":16272,"hostname":"DESKTOP-BV1E0F4","jid":"93922445516820:90@lid","msgId":"3EB0AAA109FA31B1DE739A","status":3,"statusText":"READ","kind":null,"fileName":null,"msg":"Estado mensaje saliente"}
{"level":30,"time":1771880867684,"pid":16272,"hostname":"DESKTOP-BV1E0F4","jid":"93922445516820@lid","msgId":"3EB0AAA109FA31B1DE739A","status":3,"statusText":"READ","kind":null,"fileName":null,"msg":"Estado mensaje saliente"}
{"level":30,"time":1771881406969,"pid":16272,"hostname":"DESKTOP-BV1E0F4","jid":"271325985792175@lid","msgId":"3EB0D45F54769387F38A3B","status":3,"statusText":"READ","kind":null,"fileName":null,"msg":"Estado mensaje saliente"}
{"level":30,"time":1771881410912,"pid":16272,"hostname":"DESKTOP-BV1E0F4","jid":"271325985792175@lid","msgId":"3EB0D45F54769387F38A3B","status":4,"statusText":"PLAYED","kind":null,"fileName":null,"msg":"Estado mensaje saliente"}
{"level":30,"time":1771881524989,"pid":16272,"hostname":"DESKTOP-BV1E0F4","jid":"183760444219553:99@hosted.lid","msgId":"3EB04BAF71295B55AE00CD","status":3,"statusText":"READ","kind":null,"fileName":null,"msg":"Estado mensaje saliente"}
{"level":30,"time":1771881525366,"pid":16272,"hostname":"DESKTOP-BV1E0F4","jid":"183760444219553:18@lid","msgId":"3EB04BAF71295B55AE00CD","status":3,"statusText":"READ","kind":null,"fileName":null,"msg":"Estado mensaje saliente"}
{"level":30,"time":1771881525393,"pid":16272,"hostname":"DESKTOP-BV1E0F4","jid":"183760444219553@lid","msgId":"3EB04BAF71295B55AE00CD","status":3,"statusText":"READ","kind":null,"fileName":null,"msg":"Estado mensaje saliente"}
{"level":30,"time":1771881525493,"pid":16272,"hostname":"DESKTOP-BV1E0F4","jid":"183760444219553:1@lid","msgId":"3EB04BAF71295B55AE00CD","status":3,"statusText":"READ","kind":null,"fileName":null,"msg":"Estado mensaje saliente"}
{"level":30,"time":1771881535569,"pid":16272,"hostname":"DESKTOP-BV1E0F4","jid":"183760444219553:1@lid","msgId":"3EB04BAF71295B55AE00CD","status":4,"statusText":"PLAYED","kind":null,"fileName":null,"msg":"Estado mensaje saliente"}
{"level":30,"time":1771881535569,"pid":16272,"hostname":"DESKTOP-BV1E0F4","jid":"183760444219553:1@lid","msgId":"3EB09AB689E01D5662A536","status":4,"statusText":"PLAYED","kind":null,"fileName":null,"msg":"Estado mensaje saliente"}
{"level":30,"time":1771881535569,"pid":16272,"hostname":"DESKTOP-BV1E0F4","jid":"183760444219553:1@lid","msgId":"3EB0DAFD64479F5A8FBF44","status":4,"statusText":"PLAYED","kind":null,"fileName":null,"msg":"Estado mensaje saliente"}
{"level":30,"time":1771881589050,"pid":16272,"hostname":"DESKTOP-BV1E0F4","jid":"240144607113354@lid","msgId":"3EB06B0889AF2249821663","status":3,"statusText":"READ","kind":null,"fileName":null,"msg":"Estado mensaje saliente"}
{"level":30,"time":1771881662559,"pid":16272,"hostname":"DESKTOP-BV1E0F4","jid":"183760444219553:18@lid","msgId":"3EB09766AB7C91226DA9C5","status":3,"statusText":"READ","kind":null,"fileName":null,"msg":"Estado mensaje saliente"}
{"level":30,"time":1771881662561,"pid":16272,"hostname":"DESKTOP-BV1E0F4","jid":"183760444219553@lid","msgId":"3EB09766AB7C91226DA9C5","status":3,"statusText":"READ","kind":null,"fileName":null,"msg":"Estado mensaje saliente"}
{"level":30,"time":1771881662612,"pid":16272,"hostname":"DESKTOP-BV1E0F4","jid":"183760444219553:1@lid","msgId":"3EB09766AB7C91226DA9C5","status":3,"statusText":"READ","kind":null,"fileName":null,"msg":"Estado mensaje saliente"}
{"level":30,"time":1771881662818,"pid":16272,"hostname":"DESKTOP-BV1E0F4","jid":"183760444219553:99@hosted.lid","msgId":"3EB09766AB7C91226DA9C5","status":3,"statusText":"READ","kind":null,"fileName":null,"msg":"Estado mensaje saliente"}
{"level":30,"time":1771881676000,"pid":16272,"hostname":"DESKTOP-BV1E0F4","jid":"183760444219553:1@lid","msgId":"3EB09766AB7C91226DA9C5","status":4,"statusText":"PLAYED","kind":null,"fileName":null,"msg":"Estado mensaje saliente"}
{"level":30,"time":1771881700916,"pid":16272,"hostname":"DESKTOP-BV1E0F4","jid":"198479129407522:90@lid","msgId":"3EB022D706ED4F8721DE6C","status":3,"statusText":"READ","kind":null,"fileName":null,"msg":"Estado mensaje saliente"}
{"level":30,"time":1771881700934,"pid":16272,"hostname":"DESKTOP-BV1E0F4","jid":"198479129407522@lid","msgId":"3EB022D706ED4F8721DE6C","status":3,"statusText":"READ","kind":null,"fileName":null,"msg":"Estado mensaje saliente"}
{"level":30,"time":1771881701007,"pid":16272,"hostname":"DESKTOP-BV1E0F4","jid":"198479129407522:89@lid","msgId":"3EB022D706ED4F8721DE6C","status":3,"statusText":"READ","kind":null,"fileName":null,"msg":"Estado mensaje saliente"}
{"level":30,"time":1771881741175,"pid":16272,"hostname":"DESKTOP-BV1E0F4","jid":"72000982786203@lid","msgId":"3EB064850FB1C75AEC8192","status":3,"statusText":"READ","kind":null,"fileName":null,"msg":"Estado mensaje saliente"}
{"level":30,"time":1771881776310,"pid":16272,"hostname":"DESKTOP-BV1E0F4","jid":"243176854053115@lid","msgId":"3EB0C8923530CE7178D919","status":3,"statusText":"READ","kind":null,"fileName":null,"msg":"Estado mensaje saliente"}
{"level":30,"time":1771881776956,"pid":16272,"hostname":"DESKTOP-BV1E0F4","jid":"243176854053115:88@lid","msgId":"3EB0C8923530CE7178D919","status":3,"statusText":"READ","kind":null,"fileName":null,"msg":"Estado mensaje saliente"}
{"level":30,"time":1771881850475,"pid":16272,"hostname":"DESKTOP-BV1E0F4","jid":"142657456189462@lid","msgId":"3EB0776E0F892623BB355B","status":3,"statusText":"READ","kind":null,"fileName":null,"msg":"Estado mensaje saliente"}
{"level":30,"time":1771881858922,"pid":16272,"hostname":"DESKTOP-BV1E0F4","jid":"142657456189462@lid","msgId":"3EB0CCFF97E3AF1B22B5CC","status":3,"statusText":"READ","kind":null,"fileName":null,"msg":"Estado mensaje saliente"}
{"level":30,"time":1771882074191,"pid":16272,"hostname":"DESKTOP-BV1E0F4","jid":"179194860458215:99@hosted.lid","msgId":"3EB02FAA4207B830558782","status":3,"statusText":"READ","kind":null,"fileName":null,"msg":"Estado mensaje saliente"}
{"level":30,"time":1771882075092,"pid":16272,"hostname":"DESKTOP-BV1E0F4","jid":"179194860458215@lid","msgId":"3EB02FAA4207B830558782","status":3,"statusText":"READ","kind":null,"fileName":null,"msg":"Estado mensaje saliente"}
{"level":30,"time":1771882075193,"pid":16272,"hostname":"DESKTOP-BV1E0F4","jid":"179194860458215:2@lid","msgId":"3EB02FAA4207B830558782","status":3,"statusText":"READ","kind":null,"fileName":null,"msg":"Estado mensaje saliente"}
{"level":30,"time":1771882080235,"pid":16272,"hostname":"DESKTOP-BV1E0F4","jid":"179194860458215:2@lid","msgId":"3EB0DBBD6007352FABF868","status":3,"statusText":"READ","kind":null,"fileName":null,"msg":"Estado mensaje saliente"}
{"level":30,"time":1771882080281,"pid":16272,"hostname":"DESKTOP-BV1E0F4","jid":"179194860458215@lid","msgId":"3EB0DBBD6007352FABF868","status":3,"statusText":"READ","kind":null,"fileName":null,"msg":"Estado mensaje saliente"}
{"level":30,"time":1771882080401,"pid":16272,"hostname":"DESKTOP-BV1E0F4","jid":"179194860458215:99@hosted.lid","msgId":"3EB0DBBD6007352FABF868","status":3,"statusText":"READ","kind":null,"fileName":null,"msg":"Estado mensaje saliente"}
{"level":30,"time":1771882101400,"pid":16272,"hostname":"DESKTOP-BV1E0F4","jid":"179194860458215:2@lid","msgId":"3EB0DBBD6007352FABF868","status":4,"statusText":"PLAYED","kind":null,"fileName":null,"msg":"Estado mensaje saliente"}
{"level":30,"time":1771882101400,"pid":16272,"hostname":"DESKTOP-BV1E0F4","jid":"179194860458215:2@lid","msgId":"3EB02FAA4207B830558782","status":4,"statusText":"PLAYED","kind":null,"fileName":null,"msg":"Estado mensaje saliente"}
{"level":30,"time":1771882152227,"pid":16272,"hostname":"DESKTOP-BV1E0F4","jid":"107537441509423@lid","msgId":"3EB07B7F6367F406F6C203","status":3,"statusText":"READ","kind":null,"fileName":null,"msg":"Estado mensaje saliente"}
{"level":30,"time":1771882160963,"pid":16272,"hostname":"DESKTOP-BV1E0F4","jid":"107537441509423@lid","msgId":"3EB058A9AC00ADBB16F865","status":3,"statusText":"READ","kind":null,"fileName":null,"msg":"Estado mensaje saliente"}
{"level":30,"time":1771882196773,"pid":16272,"hostname":"DESKTOP-BV1E0F4","jid":"107537441509423@lid","msgId":"3EB0DEC5BFD94A535DD5E5","status":3,"statusText":"READ","kind":null,"fileName":null,"msg":"Estado mensaje saliente"}
{"level":30,"time":1771882232354,"pid":16272,"hostname":"DESKTOP-BV1E0F4","jid":"121496353669373:88@lid","msgId":"3EB014E47B8BE55EA66B1C","status":3,"statusText":"READ","kind":null,"fileName":null,"msg":"Estado mensaje saliente"}
{"level":30,"time":1771882232738,"pid":16272,"hostname":"DESKTOP-BV1E0F4","jid":"121496353669373@lid","msgId":"3EB014E47B8BE55EA66B1C","status":3,"statusText":"READ","kind":null,"fileName":null,"msg":"Estado mensaje saliente"}
{"level":30,"time":1771882247914,"pid":16272,"hostname":"DESKTOP-BV1E0F4","jid":"121496353669373:88@lid","msgId":"3EB028D007AEEAFD32B07F","status":3,"statusText":"READ","kind":null,"fileName":null,"msg":"Estado mensaje saliente"}
{"level":30,"time":1771882248100,"pid":16272,"hostname":"DESKTOP-BV1E0F4","jid":"121496353669373@lid","msgId":"3EB028D007AEEAFD32B07F","status":3,"statusText":"READ","kind":null,"fileName":null,"msg":"Estado mensaje saliente"}
{"level":30,"time":1771882301734,"pid":16272,"hostname":"DESKTOP-BV1E0F4","jid":"187509698994317:91@lid","msgId":"3EB02A64D1CF64417F5B6D","status":3,"statusText":"READ","kind":null,"fileName":null,"msg":"Estado mensaje saliente"}
{"level":30,"time":1771882301857,"pid":16272,"hostname":"DESKTOP-BV1E0F4","jid":"187509698994317@lid","msgId":"3EB02A64D1CF64417F5B6D","status":3,"statusText":"READ","kind":null,"fileName":null,"msg":"Estado mensaje saliente"}
{"level":30,"time":1771882305894,"pid":16272,"hostname":"DESKTOP-BV1E0F4","jid":"187509698994317:91@lid","msgId":"3EB0372B2C4A8AD8FD4C7C","status":3,"statusText":"READ","kind":null,"fileName":null,"msg":"Estado mensaje saliente"}
{"level":30,"time":1771882305968,"pid":16272,"hostname":"DESKTOP-BV1E0F4","jid":"187509698994317@lid","msgId":"3EB0372B2C4A8AD8FD4C7C","status":3,"statusText":"READ","kind":null,"fileName":null,"msg":"Estado mensaje saliente"}
{"level":30,"time":1771882348909,"pid":16272,"hostname":"DESKTOP-BV1E0F4","jid":"29523957563422@lid","msgId":"3EB0205986618DA0212E53","status":3,"statusText":"READ","kind":null,"fileName":null,"msg":"Estado mensaje saliente"}
{"level":30,"time":1771882354852,"pid":16272,"hostname":"DESKTOP-BV1E0F4","jid":"29523957563422@lid","msgId":"3EB0C4B34696BDF60E3149","status":3,"statusText":"READ","kind":null,"fileName":null,"msg":"Estado mensaje saliente"}
{"level":30,"time":1771882429127,"pid":16272,"hostname":"DESKTOP-BV1E0F4","jid":"99179720356068@lid","msgId":"3EB073FC0DDF3C2F5F4E44","status":3,"statusText":"READ","kind":null,"fileName":null,"msg":"Estado mensaje saliente"}
{"level":30,"time":1771882448658,"pid":16272,"hostname":"DESKTOP-BV1E0F4","jid":"99179720356068@lid","msgId":"3EB07D938D5627E99ABE19","status":3,"statusText":"READ","kind":null,"fileName":null,"msg":"Estado mensaje saliente"}
{"level":30,"time":1771882506505,"pid":16272,"hostname":"DESKTOP-BV1E0F4","jid":"109401474080779@lid","msgId":"3EB011C91053009F07162B","status":3,"statusText":"READ","kind":null,"fileName":null,"msg":"Estado mensaje saliente"}
{"level":30,"time":1771882511195,"pid":16272,"hostname":"DESKTOP-BV1E0F4","jid":"109401474080779@lid","msgId":"3EB0E45B03461D5FCBF227","status":3,"statusText":"READ","kind":null,"fileName":null,"msg":"Estado mensaje saliente"}
{"level":30,"time":1771882550453,"pid":16272,"hostname":"DESKTOP-BV1E0F4","jid":"217660486897743:49@lid","msgId":"3EB0AC186EFE466F384BF4","status":3,"statusText":"READ","kind":null,"fileName":null,"msg":"Estado mensaje saliente"}
{"level":30,"time":1771882550531,"pid":16272,"hostname":"DESKTOP-BV1E0F4","jid":"217660486897743@lid","msgId":"3EB0AC186EFE466F384BF4","status":3,"statusText":"READ","kind":null,"fileName":null,"msg":"Estado mensaje saliente"}
{"level":30,"time":1771882560080,"pid":16272,"hostname":"DESKTOP-BV1E0F4","jid":"217660486897743@lid","msgId":"3EB03E287AFDFF1274D836","status":3,"statusText":"READ","kind":null,"fileName":null,"msg":"Estado mensaje saliente"}
{"level":30,"time":1771882560102,"pid":16272,"hostname":"DESKTOP-BV1E0F4","jid":"217660486897743:49@lid","msgId":"3EB03E287AFDFF1274D836","status":3,"statusText":"READ","kind":null,"fileName":null,"msg":"Estado mensaje saliente"}
{"level":30,"time":1771882752872,"pid":16272,"hostname":"DESKTOP-BV1E0F4","jid":"217660486897743@lid","msgId":"3EB0AC186EFE466F384BF4","status":3,"statusText":"READ","kind":null,"fileName":null,"msg":"Estado mensaje saliente"}
{"level":30,"time":1771882752872,"pid":16272,"hostname":"DESKTOP-BV1E0F4","jid":"217660486897743@lid","msgId":"3EB03E287AFDFF1274D836","status":3,"statusText":"READ","kind":null,"fileName":null,"msg":"Estado mensaje saliente"}
{"level":30,"time":1771882766258,"pid":16272,"hostname":"DESKTOP-BV1E0F4","jid":"109401474080779@lid","msgId":"3EB0E45B03461D5FCBF227","status":4,"statusText":"PLAYED","kind":null,"fileName":null,"msg":"Estado mensaje saliente"}
{"level":30,"time":1771882766258,"pid":16272,"hostname":"DESKTOP-BV1E0F4","jid":"109401474080779@lid","msgId":"3EB011C91053009F07162B","status":4,"statusText":"PLAYED","kind":null,"fileName":null,"msg":"Estado mensaje saliente"}
{"level":30,"time":1771882833565,"pid":16272,"hostname":"DESKTOP-BV1E0F4","jid":"220959021785271@lid","msgId":"3EB06F510A5CB6B0ED9B6A","status":3,"statusText":"READ","kind":null,"fileName":null,"msg":"Estado mensaje saliente"}
{"level":30,"time":1771882837914,"pid":16272,"hostname":"DESKTOP-BV1E0F4","jid":"220959021785271@lid","msgId":"3EB0BA99329AE77E2B8503","status":3,"statusText":"READ","kind":null,"fileName":null,"msg":"Estado mensaje saliente"}
{"level":30,"time":1771882925841,"pid":16272,"hostname":"DESKTOP-BV1E0F4","jid":"257229903126770:62@lid","msgId":"3EB04F54810130E93AE81E","status":3,"statusText":"READ","kind":null,"fileName":null,"msg":"Estado mensaje saliente"}
{"level":30,"time":1771882926011,"pid":16272,"hostname":"DESKTOP-BV1E0F4","jid":"257229903126770:62@lid","msgId":"3EB023860B91DBB9FD5C26","status":3,"statusText":"READ","kind":null,"fileName":null,"msg":"Estado mensaje saliente"}
{"level":30,"time":1771882926241,"pid":16272,"hostname":"DESKTOP-BV1E0F4","jid":"257229903126770@lid","msgId":"3EB04F54810130E93AE81E","status":3,"statusText":"READ","kind":null,"fileName":null,"msg":"Estado mensaje saliente"}
{"level":30,"time":1771882926284,"pid":16272,"hostname":"DESKTOP-BV1E0F4","jid":"257229903126770:61@lid","msgId":"3EB04F54810130E93AE81E","status":3,"statusText":"READ","kind":null,"fileName":null,"msg":"Estado mensaje saliente"}
{"level":30,"time":1771882926321,"pid":16272,"hostname":"DESKTOP-BV1E0F4","jid":"257229903126770@lid","msgId":"3EB023860B91DBB9FD5C26","status":3,"statusText":"READ","kind":null,"fileName":null,"msg":"Estado mensaje saliente"}
{"level":30,"time":1771882926348,"pid":16272,"hostname":"DESKTOP-BV1E0F4","jid":"257229903126770:61@lid","msgId":"3EB023860B91DBB9FD5C26","status":3,"statusText":"READ","kind":null,"fileName":null,"msg":"Estado mensaje saliente"}
{"level":30,"time":1771882932793,"pid":16272,"hostname":"DESKTOP-BV1E0F4","jid":"257229903126770:61@lid","msgId":"3EB023860B91DBB9FD5C26","status":4,"statusText":"PLAYED","kind":null,"fileName":null,"msg":"Estado mensaje saliente"}
{"level":30,"time":1771882932793,"pid":16272,"hostname":"DESKTOP-BV1E0F4","jid":"257229903126770:61@lid","msgId":"3EB04F54810130E93AE81E","status":4,"statusText":"PLAYED","kind":null,"fileName":null,"msg":"Estado mensaje saliente"}
{"level":30,"time":1771883102731,"pid":16272,"hostname":"DESKTOP-BV1E0F4","jid":"147399066525874@lid","msgId":"3EB03DCE42843D683AA419","status":3,"statusText":"READ","kind":null,"fileName":null,"msg":"Estado mensaje saliente"}
{"level":30,"time":1771883102788,"pid":16272,"hostname":"DESKTOP-BV1E0F4","jid":"147399066525874@lid","msgId":"3EB0E968D0C09D9DFEDEED","status":3,"statusText":"READ","kind":null,"fileName":null,"msg":"Estado mensaje saliente"}
{"level":30,"time":1771883340677,"pid":16272,"hostname":"DESKTOP-BV1E0F4","jid":"173430829789384@lid","msgId":"3EB0984866BC88F032F843","status":3,"statusText":"READ","kind":null,"fileName":null,"msg":"Estado mensaje saliente"}
{"level":30,"time":1771883507068,"pid":16272,"hostname":"DESKTOP-BV1E0F4","jid":"240419535331495@lid","msgId":"3EB0B07B2B94D84EEE4062","status":3,"statusText":"READ","kind":null,"fileName":null,"msg":"Estado mensaje saliente"}
{"level":30,"time":1771883507093,"pid":16272,"hostname":"DESKTOP-BV1E0F4","jid":"240419535331495@lid","msgId":"3EB0FE1771BA3F5C96EEC4","status":3,"statusText":"READ","kind":null,"fileName":null,"msg":"Estado mensaje saliente"}
{"level":30,"time":1771884417661,"pid":16272,"hostname":"DESKTOP-BV1E0F4","jid":"64531967520985@lid","msgId":"3EB0A24A022CECF84DF536","status":3,"statusText":"READ","kind":null,"fileName":null,"msg":"Estado mensaje saliente"}
{"level":30,"time":1771885055416,"pid":16272,"hostname":"DESKTOP-BV1E0F4","jid":"137473464205313@lid","msgId":"3EB0FC0BCE823A49D8DA70","status":3,"statusText":"READ","kind":null,"fileName":null,"msg":"Estado mensaje saliente"}
{"level":30,"time":1771885067997,"pid":16272,"hostname":"DESKTOP-BV1E0F4","jid":"137473464205313@lid","msgId":"3EB00585BFF1A5517B5B16","status":3,"statusText":"READ","kind":null,"fileName":null,"msg":"Estado mensaje saliente"}
{"level":30,"time":1771885087108,"pid":16272,"hostname":"DESKTOP-BV1E0F4","jid":"137473464205313@lid","msgId":"3EB0EA778EB7BD8945B46D","status":3,"statusText":"READ","kind":null,"fileName":null,"msg":"Estado mensaje saliente"}
{"level":30,"time":1771885111706,"pid":16272,"hostname":"DESKTOP-BV1E0F4","jid":"137473464205313@lid","msgId":"3EB00585BFF1A5517B5B16","status":3,"statusText":"READ","kind":null,"fileName":null,"msg":"Estado mensaje saliente"}
{"level":30,"time":1771885111709,"pid":16272,"hostname":"DESKTOP-BV1E0F4","jid":"137473464205313@lid","msgId":"3EB0EA778EB7BD8945B46D","status":3,"statusText":"READ","kind":null,"fileName":null,"msg":"Estado mensaje saliente"}
{"level":30,"time":1771885828020,"pid":16272,"hostname":"DESKTOP-BV1E0F4","jid":"243176854053115@lid","msgId":"3EB0C8923530CE7178D919","status":4,"statusText":"PLAYED","kind":null,"fileName":null,"msg":"Estado mensaje saliente"}
{"level":30,"time":1771886285293,"pid":16272,"hostname":"DESKTOP-BV1E0F4","method":"POST","url":"/send-message","msg":"Incoming WhatsApp send-message request"}
{"level":30,"time":1771886286429,"pid":16272,"hostname":"DESKTOP-BV1E0F4","jid":"51946578294@s.whatsapp.net","text":"Tus clientes necesitan encontrarte de manera digital efectiva. Si no estás presente con una imagen profesional y estratégica, estás perdiendo oportunidades.  Una PÁGINA WEB bien diseñada no solo informa sobre tus servicios: convierte visitantes en CLIENTES, atrae más personas interesadas y reduce los gastos en publicidad tradicional al trabajar para ti 24/7.  Además, si tienes comercio electrónico, el Libro de Reclamaciones Virtual es obligatorio en Perú según Indecopi. Implementarlo en tu web transmite transparencia, genera confianza y te protege legalmente. Integrarlo demuestra profesionalismo y un compromiso real con tus clientes.  En Via Comunicativa REESTRUCTURAMOS, REDISEÑAMOS Y ACTUALIZAMOS tu web, e INSTALAMOS tu Libro de Reclamaciones Virtual para que cumplas la normativa y potencies tu presencia digital.  📞 CONTACTO: 936 613 758 🌐 www.viacomunicativa.com","hasFile":true,"fileName":"5.png","msg":"Intentando enviar mensaje"}
{"level":30,"time":1771886286430,"pid":16272,"hostname":"DESKTOP-BV1E0F4","jid":"51946578294@s.whatsapp.net","fileName":"5.png","fileMime":"image/png","rawMime":"image/png","size":2412482,"msg":"Enviando archivo"}
Closing session: SessionEntry {
  _chains: {
    'BWeqPmAcOamCvonc0pbFYlRBaktfIIS0u9jI+eZy9zRM': { chainKey: [Object], chainType: 1, messageKeys: {} }
  },
  registrationId: 2024554646,
  currentRatchet: {
    ephemeralKeyPair: {
      pubKey: <Buffer 05 67 aa 3e 60 1c 39 a9 82 be 89 dc d2 96 c5 62 54 41 6a 4b 5f 20 84 b4 bb d8 c8 f9 e6 72 f7 34 4c>,
      privKey: <Buffer 88 9f db b6 7d 20 dc b9 2d ff fe c0 14 70 15 b0 7c af 75 e7 9e 84 2e e5 7c 2a 87 ac 2c 2e 34 57>
    },
    lastRemoteEphemeralKey: <Buffer 05 db b5 c3 bc 26 86 3a c0 ac 25 37 8c e3 93 f1 1f af ff 3c ea 2c 8f c8 57 be 3c cb 4c 3c e9 ba 4b>,
    previousCounter: 0,
    rootKey: <Buffer 4b 56 a9 35 2a 45 28 5a 5a e2 93 73 13 a0 20 71 dd f8 ff 56 0d 7c 26 d2 3b d5 0f 12 f9 bb a9 40>
  },
  indexInfo: {
    baseKey: <Buffer 05 30 4a 26 f1 6b 63 44 59 58 60 a3 6c 06 93 db 16 cf d0 69 79 17 7b af 27 87 06 0f 1c 2f a4 c8 23>,
    baseKeyType: 1,
    closed: -1,
    used: 1771880739885,
    created: 1771880739885,
    remoteIdentityKey: <Buffer 05 e7 b1 0c f2 97 78 d5 52 da 30 51 d8 8f 12 38 5d 67 60 aa 52 55 2e 78 c4 fc bf a3 90 31 07 aa 00>
  },
  pendingPreKey: {
    signedKeyId: 6004137,
    baseKey: <Buffer 05 30 4a 26 f1 6b 63 44 59 58 60 a3 6c 06 93 db 16 cf d0 69 79 17 7b af 27 87 06 0f 1c 2f a4 c8 23>,
    preKeyId: 9146612
  }
}
{"level":30,"time":1771886290052,"pid":16272,"hostname":"DESKTOP-BV1E0F4","jid":"51946578294@s.whatsapp.net","msgId":"3EB0208A0A0EC0376D9D65","status":2,"statusText":"DELIVERY_ACK","kind":"image","fileName":"5.png","msg":"Estado mensaje saliente"}
{"level":30,"time":1771886290052,"pid":16272,"hostname":"DESKTOP-BV1E0F4","jid":"51946578294@s.whatsapp.net","msgId":"3EB0208A0A0EC0376D9D65","msg":"Imagen enviada y entregada"}
{"level":30,"time":1771886291090,"pid":16272,"hostname":"DESKTOP-BV1E0F4","jid":"51946578294:22@s.whatsapp.net","msgId":"3EB0208A0A0EC0376D9D65","status":3,"statusText":"READ","kind":"image","fileName":"5.png","msg":"Estado mensaje saliente"}
{"level":30,"time":1771886291378,"pid":16272,"hostname":"DESKTOP-BV1E0F4","jid":"51946578294@s.whatsapp.net","msgId":"3EB0208A0A0EC0376D9D65","status":3,"statusText":"READ","kind":null,"fileName":null,"msg":"Estado mensaje saliente"}
{"level":30,"time":1771886293742,"pid":16272,"hostname":"DESKTOP-BV1E0F4","jid":"29150010208349@lid","msgId":"3EB0208A0A0EC0376D9D65","status":2,"statusText":"DELIVERY_ACK","kind":null,"fileName":null,"msg":"Estado mensaje saliente"}
{"level":30,"time":1771886338868,"pid":16272,"hostname":"DESKTOP-BV1E0F4","jid":"29150010208349:22@lid","msgId":"3EB0FE6E7FF7F4C44565FA","status":3,"statusText":"READ","kind":null,"fileName":null,"msg":"Estado mensaje saliente"}
{"level":30,"time":1771886339674,"pid":16272,"hostname":"DESKTOP-BV1E0F4","jid":"29150010208349@lid","msgId":"3EB0FE6E7FF7F4C44565FA","status":3,"statusText":"READ","kind":null,"fileName":null,"msg":"Estado mensaje saliente"}
{"level":30,"time":1771886734515,"pid":16272,"hostname":"DESKTOP-BV1E0F4","jid":"29150010208349:22@lid","msgId":"3EB0FE6E7FF7F4C44565FA","status":4,"statusText":"PLAYED","kind":null,"fileName":null,"msg":"Estado mensaje saliente"}
{"level":30,"time":1771886734522,"pid":16272,"hostname":"DESKTOP-BV1E0F4","jid":"29150010208349:22@lid","msgId":"3EB0208A0A0EC0376D9D65","status":4,"statusText":"PLAYED","kind":null,"fileName":null,"msg":"Estado mensaje saliente"}
{"level":30,"time":1771888638789,"pid":16272,"hostname":"DESKTOP-BV1E0F4","method":"POST","url":"/send-message","msg":"Incoming WhatsApp send-message request"}
{"level":30,"time":1771888639930,"pid":16272,"hostname":"DESKTOP-BV1E0F4","jid":"51994824752@s.whatsapp.net","text":"Tus clientes necesitan encontrarte de manera digital efectiva. Si no estás presente con una imagen profesional y estratégica, estás perdiendo oportunidades.  Una PÁGINA WEB bien diseñada no solo informa sobre tus servicios: convierte visitantes en CLIENTES, atrae más personas interesadas y reduce los gastos en publicidad tradicional al trabajar para ti 24/7.  Además, si tienes comercio electrónico, el Libro de Reclamaciones Virtual es obligatorio en Perú según Indecopi. Implementarlo en tu web transmite transparencia, genera confianza y te protege legalmente. Integrarlo demuestra profesionalismo y un compromiso real con tus clientes.  En Via Comunicativa REESTRUCTURAMOS, REDISEÑAMOS Y ACTUALIZAMOS tu web, e INSTALAMOS tu Libro de Reclamaciones Virtual para que cumplas la normativa y potencies tu presencia digital.  📞 CONTACTO: 936 613 758 🌐 www.viacomunicativa.com","hasFile":true,"fileName":"5.png","msg":"Intentando enviar mensaje"}
{"level":30,"time":1771888639937,"pid":16272,"hostname":"DESKTOP-BV1E0F4","jid":"51994824752@s.whatsapp.net","fileName":"5.png","fileMime":"image/png","rawMime":"image/png","size":2412482,"msg":"Enviando archivo"}
Closing session: SessionEntry {
  _chains: {
    BbkeZti9kHqcEZwdS6uFmV6YHrJKOafxrPedlt6tZRpR: { chainKey: [Object], chainType: 1, messageKeys: {} }
  },
  registrationId: 2024554646,
  currentRatchet: {
    ephemeralKeyPair: {
      pubKey: <Buffer 05 b9 1e 66 d8 bd 90 7a 9c 11 9c 1d 4b ab 85 99 5e 98 1e b2 4a 39 a7 f1 ac f7 9d 96 de ad 65 1a 51>,
      privKey: <Buffer 50 80 e3 4b 21 e4 b4 8c 8c a9 e0 d5 91 32 40 6b 2e a4 b4 29 20 3d 4a dc 0e b2 6e c5 36 1f 81 48>
    },
    lastRemoteEphemeralKey: <Buffer 05 db b5 c3 bc 26 86 3a c0 ac 25 37 8c e3 93 f1 1f af ff 3c ea 2c 8f c8 57 be 3c cb 4c 3c e9 ba 4b>,
    previousCounter: 0,
    rootKey: <Buffer ed 2e aa ea 76 5d 19 6f b9 43 1c 65 27 71 81 ea 67 27 44 b8 05 34 8f 17 c0 7c a5 f1 a0 b5 12 e1>
  },
  indexInfo: {
    baseKey: <Buffer 05 9d f1 31 80 97 7a 90 b3 c8 bc b8 01 86 3e 8e 7b e5 60 b5 83 ab 0b 26 c9 08 75 f5 b6 e6 b3 58 3b>,
    baseKeyType: 1,
    closed: -1,
    used: 1771886289374,
    created: 1771886289374,
    remoteIdentityKey: <Buffer 05 e7 b1 0c f2 97 78 d5 52 da 30 51 d8 8f 12 38 5d 67 60 aa 52 55 2e 78 c4 fc bf a3 90 31 07 aa 00>
  },
  pendingPreKey: {
    signedKeyId: 6004137,
    baseKey: <Buffer 05 9d f1 31 80 97 7a 90 b3 c8 bc b8 01 86 3e 8e 7b e5 60 b5 83 ab 0b 26 c9 08 75 f5 b6 e6 b3 58 3b>,
    preKeyId: 9145970
  }
}
{"level":30,"time":1771888642646,"pid":16272,"hostname":"DESKTOP-BV1E0F4","jid":"51994824752@s.whatsapp.net","msgId":"3EB0F27F9E491D9E1EE8EA","status":2,"statusText":"DELIVERY_ACK","kind":"image","fileName":"5.png","msg":"Estado mensaje saliente"}
{"level":30,"time":1771888642646,"pid":16272,"hostname":"DESKTOP-BV1E0F4","jid":"51994824752@s.whatsapp.net","msgId":"3EB0F27F9E491D9E1EE8EA","msg":"Imagen enviada y entregada"}
{"level":30,"time":1771888644904,"pid":16272,"hostname":"DESKTOP-BV1E0F4","jid":"51994824752:58@s.whatsapp.net","msgId":"3EB0F27F9E491D9E1EE8EA","status":3,"statusText":"READ","kind":"image","fileName":"5.png","msg":"Estado mensaje saliente"}
{"level":30,"time":1771888645373,"pid":16272,"hostname":"DESKTOP-BV1E0F4","jid":"51994824752@s.whatsapp.net","msgId":"3EB0F27F9E491D9E1EE8EA","status":3,"statusText":"READ","kind":null,"fileName":null,"msg":"Estado mensaje saliente"}
{"level":30,"time":1771888667483,"pid":16272,"hostname":"DESKTOP-BV1E0F4","jid":"273069776048306:58@lid","msgId":"3EB01A09A2183AF508554D","status":3,"statusText":"READ","kind":null,"fileName":null,"msg":"Estado mensaje saliente"}
{"level":30,"time":1771888667663,"pid":16272,"hostname":"DESKTOP-BV1E0F4","jid":"273069776048306@lid","msgId":"3EB01A09A2183AF508554D","status":3,"statusText":"READ","kind":null,"fileName":null,"msg":"Estado mensaje saliente"}
{"level":30,"time":1771888874692,"pid":16272,"hostname":"DESKTOP-BV1E0F4","method":"POST","url":"/send-message","msg":"Incoming WhatsApp send-message request"}
{"level":30,"time":1771888875736,"pid":16272,"hostname":"DESKTOP-BV1E0F4","jid":"51981514141@s.whatsapp.net","text":"Tus clientes necesitan encontrarte de manera digital efectiva. Si no estás presente con una imagen profesional y estratégica, estás perdiendo oportunidades.  Una PÁGINA WEB bien diseñada no solo informa sobre tus servicios: convierte visitantes en CLIENTES, atrae más personas interesadas y reduce los gastos en publicidad tradicional al trabajar para ti 24/7.  Además, si tienes comercio electrónico, el Libro de Reclamaciones Virtual es obligatorio en Perú según Indecopi. Implementarlo en tu web transmite transparencia, genera confianza y te protege legalmente. Integrarlo demuestra profesionalismo y un compromiso real con tus clientes.  En Via Comunicativa REESTRUCTURAMOS, REDISEÑAMOS Y ACTUALIZAMOS tu web, e INSTALAMOS tu Libro de Reclamaciones Virtual para que cumplas la normativa y potencies tu presencia digital.  📞 CONTACTO: 936 613 758 🌐 www.viacomunicativa.com","hasFile":true,"fileName":"5.png","msg":"Intentando enviar mensaje"}
{"level":30,"time":1771888875737,"pid":16272,"hostname":"DESKTOP-BV1E0F4","jid":"51981514141@s.whatsapp.net","fileName":"5.png","fileMime":"image/png","rawMime":"image/png","size":2412482,"msg":"Enviando archivo"}
{"level":30,"time":1771888877777,"pid":16272,"hostname":"DESKTOP-BV1E0F4","jid":"51981514141@s.whatsapp.net","msgId":"3EB079071D2440F7E1FFB1","status":2,"statusText":"DELIVERY_ACK","kind":"image","fileName":"5.png","msg":"Estado mensaje saliente"}
{"level":30,"time":1771888877777,"pid":16272,"hostname":"DESKTOP-BV1E0F4","jid":"51981514141@s.whatsapp.net","msgId":"3EB079071D2440F7E1FFB1","msg":"Imagen enviada y entregada"}
{"level":30,"time":1771888879213,"pid":16272,"hostname":"DESKTOP-BV1E0F4","jid":"51981514141@s.whatsapp.net","msgId":"3EB079071D2440F7E1FFB1","status":3,"statusText":"READ","kind":"image","fileName":"5.png","msg":"Estado mensaje saliente"}
{"level":30,"time":1771888881880,"pid":16272,"hostname":"DESKTOP-BV1E0F4","jid":"273069776048306@lid","msgId":"3EB0F27F9E491D9E1EE8EA","status":2,"statusText":"DELIVERY_ACK","kind":null,"fileName":null,"msg":"Estado mensaje saliente"}
{"level":30,"time":1771888881940,"pid":16272,"hostname":"DESKTOP-BV1E0F4","jid":"244658567421969@lid","msgId":"3EB079071D2440F7E1FFB1","status":2,"statusText":"DELIVERY_ACK","kind":null,"fileName":null,"msg":"Estado mensaje saliente"}
{"level":30,"time":1771888949126,"pid":16272,"hostname":"DESKTOP-BV1E0F4","jid":"244658567421969@lid","msgId":"3EB01073C0406458236759","status":3,"statusText":"READ","kind":null,"fileName":null,"msg":"Estado mensaje saliente"}
{"level":30,"time":1771888954645,"pid":16272,"hostname":"DESKTOP-BV1E0F4","jid":"244658567421969@lid","msgId":"3EB0A9BE0869F097184090","status":3,"statusText":"READ","kind":null,"fileName":null,"msg":"Estado mensaje saliente"}
{"level":30,"time":1771889076940,"pid":16272,"hostname":"DESKTOP-BV1E0F4","jid":"","msgId":"3EB00C09BED6571F6B42","status":3,"statusText":"READ","kind":null,"fileName":null,"msg":"Estado mensaje saliente"}
{"level":30,"time":1771889076941,"pid":16272,"hostname":"DESKTOP-BV1E0F4","jid":"","msgId":"3EB03127B35267515812","status":3,"statusText":"READ","kind":null,"fileName":null,"msg":"Estado mensaje saliente"}
{"level":40,"time":1771889156588,"pid":16272,"hostname":"DESKTOP-BV1E0F4","statusCode":401,"shouldReconnect":false,"msg":"Conexion WhatsApp cerrada"}
⚠️ The printQRInTerminal option has been deprecated. You will no longer receive QR codes in the terminal automatically. Please listen to the connection.update event yourself and handle the QR your way. You can remove this message by removing this opttion. This message will be removed in a future version.
{"level":40,"time":1771890765859,"pid":16272,"hostname":"DESKTOP-BV1E0F4","statusCode":401,"shouldReconnect":false,"msg":"Conexion WhatsApp cerrada"}
⚠️ The printQRInTerminal option has been deprecated. You will no longer receive QR codes in the terminal automatically. Please listen to the connection.update event yourself and handle the QR your way. You can remove this message by removing this opttion. This message will be removed in a future version.
{"level":40,"time":1771890770915,"pid":16272,"hostname":"DESKTOP-BV1E0F4","statusCode":401,"shouldReconnect":false,"msg":"Conexion WhatsApp cerrada"}
⚠️ The printQRInTerminal option has been deprecated. You will no longer receive QR codes in the terminal automatically. Please listen to the connection.update event yourself and handle the QR your way. You can remove this message by removing this opttion. This message will be removed in a future version.
{"level":40,"time":1771890773847,"pid":16272,"hostname":"DESKTOP-BV1E0F4","statusCode":401,"shouldReconnect":false,"msg":"Conexion WhatsApp cerrada"}
⚠️ The printQRInTerminal option has been deprecated. You will no longer receive QR codes in the terminal automatically. Please listen to the connection.update event yourself and handle the QR your way. You can remove this message by removing this opttion. This message will be removed in a future version.
{"level":40,"time":1771890781730,"pid":16272,"hostname":"DESKTOP-BV1E0F4","statusCode":401,"shouldReconnect":false,"msg":"Conexion WhatsApp cerrada"}
⚠️ The printQRInTerminal option has been deprecated. You will no longer receive QR codes in the terminal automatically. Please listen to the connection.update event yourself and handle the QR your way. You can remove this message by removing this opttion. This message will be removed in a future version.
{"level":40,"time":1771890787975,"pid":16272,"hostname":"DESKTOP-BV1E0F4","statusCode":401,"shouldReconnect":false,"msg":"Conexion WhatsApp cerrada"}
⚠️ The printQRInTerminal option has been deprecated. You will no longer receive QR codes in the terminal automatically. Please listen to the connection.update event yourself and handle the QR your way. You can remove this message by removing this opttion. This message will be removed in a future version.
{"level":40,"time":1771890910135,"pid":16272,"hostname":"DESKTOP-BV1E0F4","statusCode":401,"shouldReconnect":false,"msg":"Conexion WhatsApp cerrada"}
⚠️ The printQRInTerminal option has been deprecated. You will no longer receive QR codes in the terminal automatically. Please listen to the connection.update event yourself and handle the QR your way. You can remove this message by removing this opttion. This message will be removed in a future version.
{"level":40,"time":1771890913961,"pid":16272,"hostname":"DESKTOP-BV1E0F4","statusCode":401,"shouldReconnect":false,"msg":"Conexion WhatsApp cerrada"}
⚠️ The printQRInTerminal option has been deprecated. You will no longer receive QR codes in the terminal automatically. Please listen to the connection.update event yourself and handle the QR your way. You can remove this message by removing this opttion. This message will be removed in a future version.
{"level":40,"time":1771890920232,"pid":16272,"hostname":"DESKTOP-BV1E0F4","statusCode":401,"shouldReconnect":false,"msg":"Conexion WhatsApp cerrada"}
⚠️ The printQRInTerminal option has been deprecated. You will no longer receive QR codes in the terminal automatically. Please listen to the connection.update event yourself and handle the QR your way. You can remove this message by removing this opttion. This message will be removed in a future version.
{"level":40,"time":1771890927766,"pid":16272,"hostname":"DESKTOP-BV1E0F4","statusCode":401,"shouldReconnect":false,"msg":"Conexion WhatsApp cerrada"}
⚠️ The printQRInTerminal option has been deprecated. You will no longer receive QR codes in the terminal automatically. Please listen to the connection.update event yourself and handle the QR your way. You can remove this message by removing this opttion. This message will be removed in a future version.
{"level":40,"time":1771890934105,"pid":16272,"hostname":"DESKTOP-BV1E0F4","statusCode":401,"shouldReconnect":false,"msg":"Conexion WhatsApp cerrada"}
⚠️ The printQRInTerminal option has been deprecated. You will no longer receive QR codes in the terminal automatically. Please listen to the connection.update event yourself and handle the QR your way. You can remove this message by removing this opttion. This message will be removed in a future version.
{"level":40,"time":1771890938468,"pid":16272,"hostname":"DESKTOP-BV1E0F4","statusCode":401,"shouldReconnect":false,"msg":"Conexion WhatsApp cerrada"}
⚠️ The printQRInTerminal option has been deprecated. You will no longer receive QR codes in the terminal automatically. Please listen to the connection.update event yourself and handle the QR your way. You can remove this message by removing this opttion. This message will be removed in a future version.
{"level":40,"time":1771890942307,"pid":16272,"hostname":"DESKTOP-BV1E0F4","statusCode":401,"shouldReconnect":false,"msg":"Conexion WhatsApp cerrada"}
⚠️ The printQRInTerminal option has been deprecated. You will no longer receive QR codes in the terminal automatically. Please listen to the connection.update event yourself and handle the QR your way. You can remove this message by removing this opttion. This message will be removed in a future version.
{"level":40,"time":1771890946365,"pid":16272,"hostname":"DESKTOP-BV1E0F4","statusCode":401,"shouldReconnect":false,"msg":"Conexion WhatsApp cerrada"}
⚠️ The printQRInTerminal option has been deprecated. You will no longer receive QR codes in the terminal automatically. Please listen to the connection.update event yourself and handle the QR your way. You can remove this message by removing this opttion. This message will be removed in a future version.
{"level":40,"time":1771890953261,"pid":16272,"hostname":"DESKTOP-BV1E0F4","statusCode":401,"shouldReconnect":false,"msg":"Conexion WhatsApp cerrada"}
⚠️ The printQRInTerminal option has been deprecated. You will no longer receive QR codes in the terminal automatically. Please listen to the connection.update event yourself and handle the QR your way. You can remove this message by removing this opttion. This message will be removed in a future version.
{"level":40,"time":1771890961295,"pid":16272,"hostname":"DESKTOP-BV1E0F4","statusCode":401,"shouldReconnect":false,"msg":"Conexion WhatsApp cerrada"}
⚠️ The printQRInTerminal option has been deprecated. You will no longer receive QR codes in the terminal automatically. Please listen to the connection.update event yourself and handle the QR your way. You can remove this message by removing this opttion. This message will be removed in a future version.
{"level":40,"time":1771890963379,"pid":16272,"hostname":"DESKTOP-BV1E0F4","statusCode":401,"shouldReconnect":false,"msg":"Conexion WhatsApp cerrada"}

> kenia-call-bridge-skeleton@0.1.0 start:whatsapp
> npm --prefix whatsapp-backend run start


> kenia-whatsapp-backend@0.1.0 start
> node src/server.js

{"level":30,"time":1771890998810,"pid":16132,"hostname":"DESKTOP-BV1E0F4","msg":"WhatsApp backend escuchando en http://0.0.0.0:3010"}
⚠️ The printQRInTerminal option has been deprecated. You will no longer receive QR codes in the terminal automatically. Please listen to the connection.update event yourself and handle the QR your way. You can remove this message by removing this opttion. This message will be removed in a future version.

> kenia-call-bridge-skeleton@0.1.0 start:whatsapp
> npm --prefix whatsapp-backend run start


> kenia-whatsapp-backend@0.1.0 start
> node src/server.js

{"level":30,"time":1771891097243,"pid":13752,"hostname":"DESKTOP-BV1E0F4","msg":"WhatsApp backend escuchando en http://0.0.0.0:3010"}
⚠️ The printQRInTerminal option has been deprecated. You will no longer receive QR codes in the terminal automatically. Please listen to the connection.update event yourself and handle the QR your way. You can remove this message by removing this opttion. This message will be removed in a future version.

> kenia-call-bridge-skeleton@0.1.0 start:whatsapp
> npm --prefix whatsapp-backend run start


> kenia-whatsapp-backend@0.1.0 start
> node src/server.js

{"level":30,"time":1771891192832,"pid":16904,"hostname":"DESKTOP-BV1E0F4","msg":"WhatsApp backend escuchando en http://0.0.0.0:3010"}
⚠️ The printQRInTerminal option has been deprecated. You will no longer receive QR codes in the terminal automatically. Please listen to the connection.update event yourself and handle the QR your way. You can remove this message by removing this opttion. This message will be removed in a future version.
{"level":40,"time":1771891356867,"pid":16904,"hostname":"DESKTOP-BV1E0F4","statusCode":408,"shouldReconnect":true,"msg":"Conexion WhatsApp cerrada"}
⚠️ The printQRInTerminal option has been deprecated. You will no longer receive QR codes in the terminal automatically. Please listen to the connection.update event yourself and handle the QR your way. You can remove this message by removing this opttion. This message will be removed in a future version.

> kenia-call-bridge-skeleton@0.1.0 start:whatsapp
> npm --prefix whatsapp-backend run start


> kenia-whatsapp-backend@0.1.0 start
> node src/server.js

{"level":30,"time":1771891382384,"pid":17224,"hostname":"DESKTOP-BV1E0F4","msg":"WhatsApp backend escuchando en http://0.0.0.0:3010"}
{"level":40,"time":1771891531084,"pid":17224,"hostname":"DESKTOP-BV1E0F4","statusCode":515,"shouldReconnect":true,"msg":"Conexion WhatsApp cerrada"}
{"level":30,"time":1771891535549,"pid":17224,"hostname":"DESKTOP-BV1E0F4","user":"51955328972:54@s.whatsapp.net","name":"via comunicativa","msg":"WhatsApp vinculado"}
{"level":30,"time":1771891545623,"pid":17224,"hostname":"DESKTOP-BV1E0F4","jid":"56131095412976:46@lid","msgId":"3EB0C20BBA2F59D933FAD2","status":3,"statusText":"READ","kind":null,"fileName":null,"msg":"Estado mensaje saliente"}
{"level":30,"time":1771891546391,"pid":17224,"hostname":"DESKTOP-BV1E0F4","jid":"56131095412976@lid","msgId":"3EB0C20BBA2F59D933FAD2","status":3,"statusText":"READ","kind":null,"fileName":null,"msg":"Estado mensaje saliente"}
{"level":30,"time":1771891559956,"pid":17224,"hostname":"DESKTOP-BV1E0F4","jid":"187548454404228@lid","msgId":"3EB0641D4943EEAA772055","status":3,"statusText":"READ","kind":null,"fileName":null,"msg":"Estado mensaje saliente"}
{"level":30,"time":1771891574369,"pid":17224,"hostname":"DESKTOP-BV1E0F4","jid":"275676988977256@lid","msgId":"3EB0341B7C3060853949AC","status":3,"statusText":"READ","kind":null,"fileName":null,"msg":"Estado mensaje saliente"}
{"level":30,"time":1771891584735,"pid":17224,"hostname":"DESKTOP-BV1E0F4","jid":"275676988977256@lid","msgId":"3EB03B22A68E4AFDE6758A","status":3,"statusText":"READ","kind":null,"fileName":null,"msg":"Estado mensaje saliente"}
{"level":30,"time":1771891602204,"pid":17224,"hostname":"DESKTOP-BV1E0F4","jid":"40634719142101@lid","msgId":"3EB083655F5DDE1D5A4F11","status":3,"statusText":"READ","kind":null,"fileName":null,"msg":"Estado mensaje saliente"}
{"level":30,"time":1771891654202,"pid":17224,"hostname":"DESKTOP-BV1E0F4","jid":"150392625193033@lid","msgId":"3EB0FD490B8F83BA3C99C1","status":3,"statusText":"READ","kind":null,"fileName":null,"msg":"Estado mensaje saliente"}
{"level":30,"time":1771891657713,"pid":17224,"hostname":"DESKTOP-BV1E0F4","jid":"150392625193033:45@lid","msgId":"3EB0FD490B8F83BA3C99C1","status":3,"statusText":"READ","kind":null,"fileName":null,"msg":"Estado mensaje saliente"}
{"level":30,"time":1771891675080,"pid":17224,"hostname":"DESKTOP-BV1E0F4","jid":"94184337879229@lid","msgId":"3EB0F4FD79F9C0C5CAF470","status":3,"statusText":"READ","kind":null,"fileName":null,"msg":"Estado mensaje saliente"}
{"level":30,"time":1771891690583,"pid":17224,"hostname":"DESKTOP-BV1E0F4","jid":"172653608464562@lid","msgId":"3EB05782A25B3D12428A7B","status":3,"statusText":"READ","kind":null,"fileName":null,"msg":"Estado mensaje saliente"}
{"level":30,"time":1771891693930,"pid":17224,"hostname":"DESKTOP-BV1E0F4","jid":"172653608464562:15@lid","msgId":"3EB05782A25B3D12428A7B","status":3,"statusText":"READ","kind":null,"fileName":null,"msg":"Estado mensaje saliente"}
{"level":30,"time":1771891707102,"pid":17224,"hostname":"DESKTOP-BV1E0F4","jid":"281341899837574@lid","msgId":"3EB02014FF6A9DE6C85438","status":3,"statusText":"READ","kind":null,"fileName":null,"msg":"Estado mensaje saliente"}
{"level":30,"time":1771891721281,"pid":17224,"hostname":"DESKTOP-BV1E0F4","jid":"237559087157320@lid","msgId":"3EB0649F3A6580D4EC8764","status":3,"statusText":"READ","kind":null,"fileName":null,"msg":"Estado mensaje saliente"}
{"level":30,"time":1771891776232,"pid":17224,"hostname":"DESKTOP-BV1E0F4","jid":"192169906294848@lid","msgId":"3EB0EFC4451245547BB9A4","status":3,"statusText":"READ","kind":null,"fileName":null,"msg":"Estado mensaje saliente"}
{"level":30,"time":1771891789536,"pid":17224,"hostname":"DESKTOP-BV1E0F4","jid":"40634719142101@lid","msgId":"3EB083655F5DDE1D5A4F11","status":3,"statusText":"READ","kind":null,"fileName":null,"msg":"Estado mensaje saliente"}
{"level":30,"time":1771891797184,"pid":17224,"hostname":"DESKTOP-BV1E0F4","jid":"13241468096624@lid","msgId":"3EB0C3BF88D68739609AE9","status":3,"statusText":"READ","kind":null,"fileName":null,"msg":"Estado mensaje saliente"}
{"level":30,"time":1771891818653,"pid":17224,"hostname":"DESKTOP-BV1E0F4","jid":"46123855155283@lid","msgId":"3EB02946CE7A268149D532","status":3,"statusText":"READ","kind":null,"fileName":null,"msg":"Estado mensaje saliente"}
{"level":30,"time":1771891883659,"pid":17224,"hostname":"DESKTOP-BV1E0F4","jid":"39355288662240@lid","msgId":"3EB070EBBBFBF9529C6A05","status":3,"statusText":"READ","kind":null,"fileName":null,"msg":"Estado mensaje saliente"}
{"level":30,"time":1771891913131,"pid":17224,"hostname":"DESKTOP-BV1E0F4","jid":"123854106185903@lid","msgId":"3EB0C4A37F880C09EECC13","status":3,"statusText":"READ","kind":null,"fileName":null,"msg":"Estado mensaje saliente"}
{"level":30,"time":1771891922220,"pid":17224,"hostname":"DESKTOP-BV1E0F4","jid":"172653608464562:15@lid","msgId":"3EB05782A25B3D12428A7B","status":4,"statusText":"PLAYED","kind":null,"fileName":null,"msg":"Estado mensaje saliente"}
{"level":30,"time":1771891942847,"pid":17224,"hostname":"DESKTOP-BV1E0F4","jid":"18545786245365@lid","msgId":"3EB03ADAD67E598E2C0D4B","status":3,"statusText":"READ","kind":null,"fileName":null,"msg":"Estado mensaje saliente"}
{"level":40,"time":1771891942904,"pid":17224,"hostname":"DESKTOP-BV1E0F4","statusCode":401,"shouldReconnect":false,"msg":"Conexion WhatsApp cerrada"}
{"level":30,"time":1771891943224,"pid":17224,"hostname":"DESKTOP-BV1E0F4","msg":"Sesion eliminada por logout remoto. Se pedira nuevo QR."}
{"level":40,"time":1771892105423,"pid":17224,"hostname":"DESKTOP-BV1E0F4","statusCode":408,"shouldReconnect":true,"msg":"Conexion WhatsApp cerrada"}
{"level":40,"time":1771892268963,"pid":17224,"hostname":"DESKTOP-BV1E0F4","statusCode":408,"shouldReconnect":true,"msg":"Conexion WhatsApp cerrada"}
{"level":40,"time":1771892432150,"pid":17224,"hostname":"DESKTOP-BV1E0F4","statusCode":408,"shouldReconnect":true,"msg":"Conexion WhatsApp cerrada"}
{"level":40,"time":1771892587436,"pid":17224,"hostname":"DESKTOP-BV1E0F4","statusCode":515,"shouldReconnect":true,"msg":"Conexion WhatsApp cerrada"}
{"level":30,"time":1771892593774,"pid":17224,"hostname":"DESKTOP-BV1E0F4","user":"51934379840:16@s.whatsapp.net","name":"Via Comunicativa","msg":"WhatsApp vinculado"}
{"level":30,"time":1771893133028,"pid":17224,"hostname":"DESKTOP-BV1E0F4","jid":"109023466635302:58@lid","msgId":"3EB066D4BA4920B96923EC","status":3,"statusText":"READ","kind":null,"fileName":null,"msg":"Estado mensaje saliente"}
{"level":30,"time":1771893133029,"pid":17224,"hostname":"DESKTOP-BV1E0F4","jid":"109023466635302:58@lid","msgId":"3EB0AC94A435C5F2F0C7F2","status":3,"statusText":"READ","kind":null,"fileName":null,"msg":"Estado mensaje saliente"}
{"level":30,"time":1771893580017,"pid":17224,"hostname":"DESKTOP-BV1E0F4","jid":"214228858347670:29@lid","msgId":"3EB0E6097BFCED2D662496","status":3,"statusText":"READ","kind":null,"fileName":null,"msg":"Estado mensaje saliente"}
{"level":30,"time":1771893580187,"pid":17224,"hostname":"DESKTOP-BV1E0F4","jid":"214228858347670@lid","msgId":"3EB0E6097BFCED2D662496","status":3,"statusText":"READ","kind":null,"fileName":null,"msg":"Estado mensaje saliente"}
{"level":30,"time":1771893590599,"pid":17224,"hostname":"DESKTOP-BV1E0F4","jid":"214228858347670@lid","msgId":"3EB0E6097BFCED2D662496","status":4,"statusText":"PLAYED","kind":null,"fileName":null,"msg":"Estado mensaje saliente"}
{"level":30,"time":1771893706444,"pid":17224,"hostname":"DESKTOP-BV1E0F4","jid":"266138101514433:11@lid","msgId":"3EB0CA434190B96BA85856","status":3,"statusText":"READ","kind":null,"fileName":null,"msg":"Estado mensaje saliente"}
{"level":30,"time":1771893712936,"pid":17224,"hostname":"DESKTOP-BV1E0F4","jid":"266138101514433@lid","msgId":"3EB0CA434190B96BA85856","status":3,"statusText":"READ","kind":null,"fileName":null,"msg":"Estado mensaje saliente"}
{"level":30,"time":1771894024098,"pid":17224,"hostname":"DESKTOP-BV1E0F4","jid":"266138101514433:11@lid","msgId":"3EB0CA434190B96BA85856","status":3,"statusText":"READ","kind":null,"fileName":null,"msg":"Estado mensaje saliente"}
{"level":30,"time":1771896741384,"pid":17224,"hostname":"DESKTOP-BV1E0F4","jid":"214228858347670:29@lid","msgId":"3EB035E77A81CFABDBEA3C","status":3,"statusText":"READ","kind":null,"fileName":null,"msg":"Estado mensaje saliente"}
{"level":30,"time":1771896743545,"pid":17224,"hostname":"DESKTOP-BV1E0F4","jid":"214228858347670@lid","msgId":"3EB035E77A81CFABDBEA3C","status":3,"statusText":"READ","kind":null,"fileName":null,"msg":"Estado mensaje saliente"}
{"level":30,"time":1771896759283,"pid":17224,"hostname":"DESKTOP-BV1E0F4","jid":"214228858347670:29@lid","msgId":"3EB035E77A81CFABDBEA3C","status":4,"statusText":"PLAYED","kind":null,"fileName":null,"msg":"Estado mensaje saliente"}
{"level":30,"time":1771900006185,"pid":17224,"hostname":"DESKTOP-BV1E0F4","jid":"105218259828839:54@lid","msgId":"3EB00BA36BEB8E8E165612","status":3,"statusText":"READ","kind":null,"fileName":null,"msg":"Estado mensaje saliente"}
{"level":30,"time":1771900006188,"pid":17224,"hostname":"DESKTOP-BV1E0F4","jid":"105218259828839:54@lid","msgId":"3EB09A1F1273CE05380ECA","status":3,"statusText":"READ","kind":null,"fileName":null,"msg":"Estado mensaje saliente"}

> kenia-call-bridge-skeleton@0.1.0 start:whatsapp
> npm --prefix whatsapp-backend run start


> kenia-whatsapp-backend@0.1.0 start
> node src/server.js

{"level":30,"time":1771941429400,"pid":15392,"hostname":"DESKTOP-BV1E0F4","msg":"WhatsApp backend escuchando en http://0.0.0.0:3010"}
{"level":30,"time":1771941430779,"pid":15392,"hostname":"DESKTOP-BV1E0F4","user":"51934379840:16@s.whatsapp.net","name":"Via Comunicativa","msg":"WhatsApp vinculado"}
{"level":30,"time":1771941430830,"pid":15392,"hostname":"DESKTOP-BV1E0F4","jid":"27500826628172:62@lid","msgId":"3EB05ECF70540393DB6D0E","status":3,"statusText":"READ","kind":null,"fileName":null,"msg":"Estado mensaje saliente"}
{"level":30,"time":1771941430830,"pid":15392,"hostname":"DESKTOP-BV1E0F4","jid":"27500826628172:62@lid","msgId":"3EB03BB602AFED57E800BD","status":3,"statusText":"READ","kind":null,"fileName":null,"msg":"Estado mensaje saliente"}
{"level":30,"time":1771941450835,"pid":15392,"hostname":"DESKTOP-BV1E0F4","jid":"109023466635302:57@lid","msgId":"3EB066D4BA4920B96923EC","status":3,"statusText":"READ","kind":null,"fileName":null,"msg":"Estado mensaje saliente"}
{"level":30,"time":1771941450835,"pid":15392,"hostname":"DESKTOP-BV1E0F4","jid":"109023466635302:57@lid","msgId":"3EB0AC94A435C5F2F0C7F2","status":3,"statusText":"READ","kind":null,"fileName":null,"msg":"Estado mensaje saliente"}
{"level":30,"time":1771941450835,"pid":15392,"hostname":"DESKTOP-BV1E0F4","jid":"266138101514433:10@lid","msgId":"3EB0CA434190B96BA85856","status":3,"statusText":"READ","kind":null,"fileName":null,"msg":"Estado mensaje saliente"}
{"level":30,"time":1771942654990,"pid":15392,"hostname":"DESKTOP-BV1E0F4","method":"POST","url":"/send-message","msg":"Incoming WhatsApp send-message request"}
{"level":30,"time":1771942656700,"pid":15392,"hostname":"DESKTOP-BV1E0F4","jid":"51990128105@s.whatsapp.net","text":"Tus clientes necesitan encontrarte de manera digital efectiva. Si no estás presente con una imagen profesional y estratégica, estás perdiendo oportunidades.  Una PÁGINA WEB bien diseñada no solo informa sobre tus servicios: convierte visitantes en CLIENTES, atrae más personas interesadas y reduce los gastos en publicidad tradicional al trabajar para ti 24/7.  Además, si tienes comercio electrónico, el Libro de Reclamaciones Virtual es obligatorio en Perú según Indecopi. Implementarlo en tu web transmite transparencia, genera confianza y te protege legalmente. Integrarlo demuestra profesionalismo y un compromiso real con tus clientes.  En Via Comunicativa REESTRUCTURAMOS, REDISEÑAMOS Y ACTUALIZAMOS tu web, e INSTALAMOS tu Libro de Reclamaciones Virtual para que cumplas la normativa y potencies tu presencia digital.  📞 CONTACTO: 936 613 758 🌐 www.viacomunicativa.com","hasFile":true,"fileName":"5.png","msg":"Intentando enviar mensaje"}
{"level":30,"time":1771942656700,"pid":15392,"hostname":"DESKTOP-BV1E0F4","jid":"51990128105@s.whatsapp.net","fileName":"5.png","fileMime":"image/png","rawMime":"image/png","size":2412482,"msg":"Enviando archivo"}
Closing session: SessionEntry {
  _chains: {
    'BQV/4jDHzjg0ojSoaktAcyfjFu3YtGzLTVeh9wrwOR5e': { chainKey: [Object], chainType: 2, messageKeys: {} },
    BahoBWLmMQDvJZDzFFRM7j8ldDOvszowMRmR4rRbRsEA: { chainKey: [Object], chainType: 1, messageKeys: {} }
  },
  registrationId: 1943794307,
  currentRatchet: {
    ephemeralKeyPair: {
      pubKey: <Buffer 05 a8 68 05 62 e6 31 00 ef 25 90 f3 14 54 4c ee 3f 25 74 33 af b3 3a 30 31 19 91 e2 b4 5b 46 c1 00>,
      privKey: <Buffer f0 4e 1c 8f 39 2a 20 f8 bf ca 05 5d 32 96 5b 9e af 10 37 e0 15 af 73 17 5e b2 b9 ab 43 4e 66 7e>
    },
    lastRemoteEphemeralKey: <Buffer 05 05 7f e2 30 c7 ce 38 34 a2 34 a8 6a 4b 40 73 27 e3 16 ed d8 b4 6c cb 4d 57 a1 f7 0a f0 39 1e 5e>,
    previousCounter: 0,
    rootKey: <Buffer cf 28 d0 b0 23 58 02 f3 e4 78 9e 84 1f bd 82 8c 65 58 25 b5 38 13 23 6b 9e 96 2b 31 6d 0b d4 a8>
  },
  indexInfo: {
    baseKey: <Buffer 05 a7 9c cf e5 38 89 4f 33 aa 12 f1 4c f2 cf 0a 4f 2d 41 33 a2 f3 49 6c 14 a5 20 28 e0 22 b4 25 68>,
    baseKeyType: 2,
    closed: -1,
    used: 1771892593861,
    created: 1771892593861,
    remoteIdentityKey: <Buffer 05 35 4e 5f 19 00 40 3c 97 2f f1 c7 2f a2 db 93 4b 8a ef 16 31 0f bf 0f 23 64 31 a1 5b df ec de 6b>
  }
}
{"level":30,"time":1771942660012,"pid":15392,"hostname":"DESKTOP-BV1E0F4","jid":"226645575258344@lid","msgId":"3EB0E36656EFB50E295C49","status":3,"statusText":"READ","kind":"image","fileName":"5.png","msg":"Estado mensaje saliente"}
{"level":30,"time":1771942660012,"pid":15392,"hostname":"DESKTOP-BV1E0F4","jid":"51990128105@s.whatsapp.net","msgId":"3EB0E36656EFB50E295C49","msg":"Imagen enviada y entregada"}
{"level":30,"time":1771942660126,"pid":15392,"hostname":"DESKTOP-BV1E0F4","jid":"51990128105:14@s.whatsapp.net","msgId":"3EB0E36656EFB50E295C49","status":3,"statusText":"READ","kind":null,"fileName":null,"msg":"Estado mensaje saliente"}
{"level":30,"time":1771942848194,"pid":15392,"hostname":"DESKTOP-BV1E0F4","jid":"51934379840@s.whatsapp.net","msgId":"3EB0E36656EFB50E295C49","status":2,"statusText":"DELIVERY_ACK","kind":null,"fileName":null,"msg":"Estado mensaje saliente"}
{"level":30,"time":1771942887142,"pid":15392,"hostname":"DESKTOP-BV1E0F4","jid":"226645575258344:14@lid","msgId":"3EB057E8B54170CECE53F4","status":3,"statusText":"READ","kind":null,"fileName":null,"msg":"Estado mensaje saliente"}
{"level":30,"time":1771942887337,"pid":15392,"hostname":"DESKTOP-BV1E0F4","jid":"226645575258344@lid","msgId":"3EB057E8B54170CECE53F4","status":3,"statusText":"READ","kind":null,"fileName":null,"msg":"Estado mensaje saliente"}
{"level":30,"time":1771942894440,"pid":15392,"hostname":"DESKTOP-BV1E0F4","jid":"226645575258344:14@lid","msgId":"3EB0502F26A5557A6839E3","status":3,"statusText":"READ","kind":null,"fileName":null,"msg":"Estado mensaje saliente"}
{"level":30,"time":1771942894612,"pid":15392,"hostname":"DESKTOP-BV1E0F4","jid":"226645575258344@lid","msgId":"3EB0502F26A5557A6839E3","status":3,"statusText":"READ","kind":null,"fileName":null,"msg":"Estado mensaje saliente"}
{"level":30,"time":1771942988327,"pid":15392,"hostname":"DESKTOP-BV1E0F4","method":"POST","url":"/send-message","msg":"Incoming WhatsApp send-message request"}
{"level":30,"time":1771942989943,"pid":15392,"hostname":"DESKTOP-BV1E0F4","jid":"51994142614@s.whatsapp.net","text":"Tus clientes necesitan encontrarte de manera digital efectiva. Si no estás presente con una imagen profesional y estratégica, estás perdiendo oportunidades.  Una PÁGINA WEB bien diseñada no solo informa sobre tus servicios: convierte visitantes en CLIENTES, atrae más personas interesadas y reduce los gastos en publicidad tradicional al trabajar para ti 24/7.  Además, si tienes comercio electrónico, el Libro de Reclamaciones Virtual es obligatorio en Perú según Indecopi. Implementarlo en tu web transmite transparencia, genera confianza y te protege legalmente. Integrarlo demuestra profesionalismo y un compromiso real con tus clientes.  En Via Comunicativa REESTRUCTURAMOS, REDISEÑAMOS Y ACTUALIZAMOS tu web, e INSTALAMOS tu Libro de Reclamaciones Virtual para que cumplas la normativa y potencies tu presencia digital.  📞 CONTACTO: 936 613 758 🌐 www.viacomunicativa.com","hasFile":true,"fileName":"5.png","msg":"Intentando enviar mensaje"}
{"level":30,"time":1771942989943,"pid":15392,"hostname":"DESKTOP-BV1E0F4","jid":"51994142614@s.whatsapp.net","fileName":"5.png","fileMime":"image/png","rawMime":"image/png","size":2412482,"msg":"Enviando archivo"}
Closing session: SessionEntry {
  _chains: {
    'BfckAMpzretRT/uXp5SqgLSlEvlQbic7e7SG7rZ5HSJM': { chainKey: [Object], chainType: 1, messageKeys: {} }
  },
  registrationId: 1943794307,
  currentRatchet: {
    ephemeralKeyPair: {
      pubKey: <Buffer 05 f7 24 00 ca 73 ad eb 51 4f fb 97 a7 94 aa 80 b4 a5 12 f9 50 6e 27 3b 7b b4 86 ee b6 79 1d 22 4c>,
      privKey: <Buffer a8 b6 9c 02 e2 91 4d b0 b4 49 21 86 5c 78 d3 b3 7e 48 ac c7 5a 35 52 f3 f7 4d e7 70 9b 1b df 7e>
    },
    lastRemoteEphemeralKey: <Buffer 05 07 1c 32 77 f6 fc c1 71 2d f8 73 6a fb 2e 99 a2 24 db 6d 7c 2d a4 28 70 78 cc 8f 2b 00 ed 82 27>,
    previousCounter: 0,
    rootKey: <Buffer 4b fc ea 71 94 b4 89 66 58 10 a3 e5 ea 7c c2 2a 23 58 6c 9c 5e 3c 5e 7a b0 89 0a a0 81 a2 bb 4e>
  },
  indexInfo: {
    baseKey: <Buffer 05 2b 5a 10 7e e2 25 15 ef 1e 96 45 9b ef 61 20 df a6 41 9f 65 73 ca 7f dd 5c 5f 1d be 73 76 2a 38>,
    baseKeyType: 1,
    closed: -1,
    used: 1771942658224,
    created: 1771942658224,
    remoteIdentityKey: <Buffer 05 35 4e 5f 19 00 40 3c 97 2f f1 c7 2f a2 db 93 4b 8a ef 16 31 0f bf 0f 23 64 31 a1 5b df ec de 6b>
  },
  pendingPreKey: {
    signedKeyId: 10075884,
    baseKey: <Buffer 05 2b 5a 10 7e e2 25 15 ef 1e 96 45 9b ef 61 20 df a6 41 9f 65 73 ca 7f dd 5c 5f 1d be 73 76 2a 38>,
    preKeyId: 13985721
  }
}
{"level":30,"time":1771942992161,"pid":15392,"hostname":"DESKTOP-BV1E0F4","jid":"51994142614@s.whatsapp.net","msgId":"3EB0F7CFBF998EA70B02AD","status":2,"statusText":"DELIVERY_ACK","kind":"image","fileName":"5.png","msg":"Estado mensaje saliente"}
{"level":30,"time":1771942992161,"pid":15392,"hostname":"DESKTOP-BV1E0F4","jid":"51994142614@s.whatsapp.net","msgId":"3EB0F7CFBF998EA70B02AD","msg":"Imagen enviada y entregada"}
{"level":30,"time":1771942993020,"pid":15392,"hostname":"DESKTOP-BV1E0F4","jid":"51994142614:14@s.whatsapp.net","msgId":"3EB0F7CFBF998EA70B02AD","status":3,"statusText":"READ","kind":"image","fileName":"5.png","msg":"Estado mensaje saliente"}
{"level":30,"time":1771942993821,"pid":15392,"hostname":"DESKTOP-BV1E0F4","jid":"51994142614@s.whatsapp.net","msgId":"3EB0F7CFBF998EA70B02AD","status":3,"statusText":"READ","kind":null,"fileName":null,"msg":"Estado mensaje saliente"}
{"level":30,"time":1771942996951,"pid":15392,"hostname":"DESKTOP-BV1E0F4","jid":"226645575258344@lid","msgId":"3EB0E36656EFB50E295C49","status":2,"statusText":"DELIVERY_ACK","kind":null,"fileName":null,"msg":"Estado mensaje saliente"}
{"level":30,"time":1771942997070,"pid":15392,"hostname":"DESKTOP-BV1E0F4","jid":"52583385296987@lid","msgId":"3EB0F7CFBF998EA70B02AD","status":2,"statusText":"DELIVERY_ACK","kind":null,"fileName":null,"msg":"Estado mensaje saliente"}
{"level":30,"time":1771943008761,"pid":15392,"hostname":"DESKTOP-BV1E0F4","jid":"52583385296987:14@lid","msgId":"3EB0D896DB5EF5C360E8E6","status":3,"statusText":"READ","kind":null,"fileName":null,"msg":"Estado mensaje saliente"}
{"level":30,"time":1771943008799,"pid":15392,"hostname":"DESKTOP-BV1E0F4","jid":"52583385296987@lid","msgId":"3EB0D896DB5EF5C360E8E6","status":3,"statusText":"READ","kind":null,"fileName":null,"msg":"Estado mensaje saliente"}
{"level":30,"time":1771943015780,"pid":15392,"hostname":"DESKTOP-BV1E0F4","jid":"52583385296987:14@lid","msgId":"3EB07BBE6C5CC2D5021079","status":3,"statusText":"READ","kind":null,"fileName":null,"msg":"Estado mensaje saliente"}
{"level":30,"time":1771943016167,"pid":15392,"hostname":"DESKTOP-BV1E0F4","jid":"52583385296987@lid","msgId":"3EB07BBE6C5CC2D5021079","status":3,"statusText":"READ","kind":null,"fileName":null,"msg":"Estado mensaje saliente"}
{"level":30,"time":1771943024260,"pid":15392,"hostname":"DESKTOP-BV1E0F4","jid":"52583385296987:14@lid","msgId":"3EB07BBE6C5CC2D5021079","status":4,"statusText":"PLAYED","kind":null,"fileName":null,"msg":"Estado mensaje saliente"}
{"level":30,"time":1771943024260,"pid":15392,"hostname":"DESKTOP-BV1E0F4","jid":"52583385296987:14@lid","msgId":"3EB0D896DB5EF5C360E8E6","status":4,"statusText":"PLAYED","kind":null,"fileName":null,"msg":"Estado mensaje saliente"}
{"level":30,"time":1771943024260,"pid":15392,"hostname":"DESKTOP-BV1E0F4","jid":"52583385296987:14@lid","msgId":"3EB0F7CFBF998EA70B02AD","status":4,"statusText":"PLAYED","kind":null,"fileName":null,"msg":"Estado mensaje saliente"}
{"level":30,"time":1771943668446,"pid":15392,"hostname":"DESKTOP-BV1E0F4","jid":"226645575258344@lid","msgId":"3EB0502F26A5557A6839E3","status":3,"statusText":"READ","kind":null,"fileName":null,"msg":"Estado mensaje saliente"}
{"level":30,"time":1771943668663,"pid":15392,"hostname":"DESKTOP-BV1E0F4","jid":"226645575258344@lid","msgId":"3EB0E36656EFB50E295C49","status":3,"statusText":"READ","kind":null,"fileName":null,"msg":"Estado mensaje saliente"}
{"level":30,"time":1771943668676,"pid":15392,"hostname":"DESKTOP-BV1E0F4","jid":"226645575258344@lid","msgId":"3EB057E8B54170CECE53F4","status":3,"statusText":"READ","kind":null,"fileName":null,"msg":"Estado mensaje saliente"}
{"level":30,"time":1771945623257,"pid":15392,"hostname":"DESKTOP-BV1E0F4","jid":"147399066525874@lid","msgId":"3EB01A980F38235A063537","status":3,"statusText":"READ","kind":null,"fileName":null,"msg":"Estado mensaje saliente"}
{"level":30,"time":1771945625077,"pid":15392,"hostname":"DESKTOP-BV1E0F4","jid":"147399066525874@lid","msgId":"3EB011F40E2014EB22B1E8","status":3,"statusText":"READ","kind":null,"fileName":null,"msg":"Estado mensaje saliente"}
{"level":30,"time":1771945634330,"pid":15392,"hostname":"DESKTOP-BV1E0F4","jid":"147399066525874@lid","msgId":"3EB0C78D7493B0BA9E8CBC","status":3,"statusText":"READ","kind":null,"fileName":null,"msg":"Estado mensaje saliente"}
{"level":30,"time":1771945641759,"pid":15392,"hostname":"DESKTOP-BV1E0F4","jid":"147399066525874@lid","msgId":"3EB011F40E2014EB22B1E8","status":3,"statusText":"READ","kind":null,"fileName":null,"msg":"Estado mensaje saliente"}
{"level":30,"time":1771945641763,"pid":15392,"hostname":"DESKTOP-BV1E0F4","jid":"147399066525874@lid","msgId":"3EB0C78D7493B0BA9E8CBC","status":3,"statusText":"READ","kind":null,"fileName":null,"msg":"Estado mensaje saliente"}
{"level":30,"time":1771945642279,"pid":15392,"hostname":"DESKTOP-BV1E0F4","jid":"147399066525874@lid","msgId":"3EB03541F790655456514B","status":3,"statusText":"READ","kind":null,"fileName":null,"msg":"Estado mensaje saliente"}
{"level":30,"time":1771945803956,"pid":15392,"hostname":"DESKTOP-BV1E0F4","jid":"54052264116439@lid","msgId":"3EB0EB98CE76C8EEBBA82D","status":3,"statusText":"READ","kind":null,"fileName":null,"msg":"Estado mensaje saliente"}
{"level":30,"time":1771945803956,"pid":15392,"hostname":"DESKTOP-BV1E0F4","jid":"54052264116439@lid","msgId":"3EB02F3C0A9E4801638E3E","status":3,"statusText":"READ","kind":null,"fileName":null,"msg":"Estado mensaje saliente"}
{"level":30,"time":1771945803956,"pid":15392,"hostname":"DESKTOP-BV1E0F4","jid":"54052264116439@lid","msgId":"3EB001A5B1E40C3F16F938","status":3,"statusText":"READ","kind":null,"fileName":null,"msg":"Estado mensaje saliente"}
{"level":30,"time":1771945803969,"pid":15392,"hostname":"DESKTOP-BV1E0F4","jid":"54052264116439@lid","msgId":"3EB015D85BEAC27F38C72C","status":3,"statusText":"READ","kind":null,"fileName":null,"msg":"Estado mensaje saliente"}
{"level":30,"time":1771945858130,"pid":15392,"hostname":"DESKTOP-BV1E0F4","jid":"23777089962115:93@lid","msgId":"3EB0C7FE872479E106D227","status":3,"statusText":"READ","kind":null,"fileName":null,"msg":"Estado mensaje saliente"}
{"level":30,"time":1771945858130,"pid":15392,"hostname":"DESKTOP-BV1E0F4","jid":"23777089962115:93@lid","msgId":"3EB0F1F45D0352D0CF6462","status":3,"statusText":"READ","kind":null,"fileName":null,"msg":"Estado mensaje saliente"}
{"level":30,"time":1771945858185,"pid":15392,"hostname":"DESKTOP-BV1E0F4","jid":"23777089962115:93@lid","msgId":"3EB0D7F8003ECDE44BF7C9","status":3,"statusText":"READ","kind":null,"fileName":null,"msg":"Estado mensaje saliente"}
{"level":30,"time":1771945858186,"pid":15392,"hostname":"DESKTOP-BV1E0F4","jid":"23777089962115:93@lid","msgId":"3EB0DA734BB9E6B37CBBF5","status":3,"statusText":"READ","kind":null,"fileName":null,"msg":"Estado mensaje saliente"}
{"level":30,"time":1771945858292,"pid":15392,"hostname":"DESKTOP-BV1E0F4","jid":"23777089962115:90@lid","msgId":"3EB0C7FE872479E106D227","status":3,"statusText":"READ","kind":null,"fileName":null,"msg":"Estado mensaje saliente"}
{"level":30,"time":1771945858292,"pid":15392,"hostname":"DESKTOP-BV1E0F4","jid":"23777089962115:90@lid","msgId":"3EB0F1F45D0352D0CF6462","status":3,"statusText":"READ","kind":null,"fileName":null,"msg":"Estado mensaje saliente"}
{"level":30,"time":1771945858292,"pid":15392,"hostname":"DESKTOP-BV1E0F4","jid":"23777089962115:90@lid","msgId":"3EB0D7F8003ECDE44BF7C9","status":3,"statusText":"READ","kind":null,"fileName":null,"msg":"Estado mensaje saliente"}
{"level":30,"time":1771945858334,"pid":15392,"hostname":"DESKTOP-BV1E0F4","jid":"23777089962115:90@lid","msgId":"3EB0DA734BB9E6B37CBBF5","status":3,"statusText":"READ","kind":null,"fileName":null,"msg":"Estado mensaje saliente"}
{"level":30,"time":1771945858514,"pid":15392,"hostname":"DESKTOP-BV1E0F4","jid":"23777089962115:94@lid","msgId":"3EB0C7FE872479E106D227","status":3,"statusText":"READ","kind":null,"fileName":null,"msg":"Estado mensaje saliente"}
{"level":30,"time":1771945858566,"pid":15392,"hostname":"DESKTOP-BV1E0F4","jid":"23777089962115:94@lid","msgId":"3EB0F1F45D0352D0CF6462","status":3,"statusText":"READ","kind":null,"fileName":null,"msg":"Estado mensaje saliente"}
{"level":30,"time":1771945858615,"pid":15392,"hostname":"DESKTOP-BV1E0F4","jid":"23777089962115:94@lid","msgId":"3EB0D7F8003ECDE44BF7C9","status":3,"statusText":"READ","kind":null,"fileName":null,"msg":"Estado mensaje saliente"}
{"level":30,"time":1771945858616,"pid":15392,"hostname":"DESKTOP-BV1E0F4","jid":"23777089962115:94@lid","msgId":"3EB0DA734BB9E6B37CBBF5","status":3,"statusText":"READ","kind":null,"fileName":null,"msg":"Estado mensaje saliente"}
{"level":30,"time":1771945860136,"pid":15392,"hostname":"DESKTOP-BV1E0F4","jid":"23777089962115@lid","msgId":"3EB0C7FE872479E106D227","status":3,"statusText":"READ","kind":null,"fileName":null,"msg":"Estado mensaje saliente"}
{"level":30,"time":1771945860186,"pid":15392,"hostname":"DESKTOP-BV1E0F4","jid":"23777089962115@lid","msgId":"3EB0F1F45D0352D0CF6462","status":3,"statusText":"READ","kind":null,"fileName":null,"msg":"Estado mensaje saliente"}
{"level":30,"time":1771945860232,"pid":15392,"hostname":"DESKTOP-BV1E0F4","jid":"23777089962115@lid","msgId":"3EB0D7F8003ECDE44BF7C9","status":3,"statusText":"READ","kind":null,"fileName":null,"msg":"Estado mensaje saliente"}
{"level":30,"time":1771945860235,"pid":15392,"hostname":"DESKTOP-BV1E0F4","jid":"23777089962115@lid","msgId":"3EB0DA734BB9E6B37CBBF5","status":3,"statusText":"READ","kind":null,"fileName":null,"msg":"Estado mensaje saliente"}
{"level":30,"time":1771945867653,"pid":15392,"hostname":"DESKTOP-BV1E0F4","jid":"23777089962115:94@lid","msgId":"3EB0DA734BB9E6B37CBBF5","status":4,"statusText":"PLAYED","kind":null,"fileName":null,"msg":"Estado mensaje saliente"}
{"level":30,"time":1771945867653,"pid":15392,"hostname":"DESKTOP-BV1E0F4","jid":"23777089962115:94@lid","msgId":"3EB0D7F8003ECDE44BF7C9","status":4,"statusText":"PLAYED","kind":null,"fileName":null,"msg":"Estado mensaje saliente"}
{"level":30,"time":1771945867653,"pid":15392,"hostname":"DESKTOP-BV1E0F4","jid":"23777089962115:94@lid","msgId":"3EB0F1F45D0352D0CF6462","status":4,"statusText":"PLAYED","kind":null,"fileName":null,"msg":"Estado mensaje saliente"}
{"level":30,"time":1771945867653,"pid":15392,"hostname":"DESKTOP-BV1E0F4","jid":"23777089962115:94@lid","msgId":"3EB0C7FE872479E106D227","status":4,"statusText":"PLAYED","kind":null,"fileName":null,"msg":"Estado mensaje saliente"}
{"level":30,"time":1771945868869,"pid":15392,"hostname":"DESKTOP-BV1E0F4","jid":"51979407771:92@s.whatsapp.net","msgId":"3EB0C7FE872479E106D227","status":4,"statusText":"PLAYED","kind":null,"fileName":null,"msg":"Estado mensaje saliente"}
{"level":30,"time":1771945868869,"pid":15392,"hostname":"DESKTOP-BV1E0F4","jid":"51979407771:92@s.whatsapp.net","msgId":"3EB0F1F45D0352D0CF6462","status":4,"statusText":"PLAYED","kind":null,"fileName":null,"msg":"Estado mensaje saliente"}
{"level":30,"time":1771945868869,"pid":15392,"hostname":"DESKTOP-BV1E0F4","jid":"51979407771:92@s.whatsapp.net","msgId":"3EB0D7F8003ECDE44BF7C9","status":4,"statusText":"PLAYED","kind":null,"fileName":null,"msg":"Estado mensaje saliente"}
{"level":30,"time":1771945868869,"pid":15392,"hostname":"DESKTOP-BV1E0F4","jid":"51979407771:92@s.whatsapp.net","msgId":"3EB0DA734BB9E6B37CBBF5","status":4,"statusText":"PLAYED","kind":null,"fileName":null,"msg":"Estado mensaje saliente"}
{"level":30,"time":1771945946671,"pid":15392,"hostname":"DESKTOP-BV1E0F4","jid":"56517642445019@lid","msgId":"3EB04576F6DFACDFF65476","status":3,"statusText":"READ","kind":null,"fileName":null,"msg":"Estado mensaje saliente"}
{"level":30,"time":1771945946728,"pid":15392,"hostname":"DESKTOP-BV1E0F4","jid":"56517642445019@lid","msgId":"3EB06306F10AA46026DCDE","status":3,"statusText":"READ","kind":null,"fileName":null,"msg":"Estado mensaje saliente"}
{"level":30,"time":1771945946769,"pid":15392,"hostname":"DESKTOP-BV1E0F4","jid":"56517642445019@lid","msgId":"3EB0E388468D5F49BD5A4B","status":3,"statusText":"READ","kind":null,"fileName":null,"msg":"Estado mensaje saliente"}
{"level":30,"time":1771945946821,"pid":15392,"hostname":"DESKTOP-BV1E0F4","jid":"56517642445019@lid","msgId":"3EB0D3B9EC2C84083A6D95","status":3,"statusText":"READ","kind":null,"fileName":null,"msg":"Estado mensaje saliente"}
{"level":30,"time":1771947724334,"pid":15392,"hostname":"DESKTOP-BV1E0F4","method":"POST","url":"/send-message","msg":"Incoming WhatsApp send-message request"}
{"level":30,"time":1771947724351,"pid":15392,"hostname":"DESKTOP-BV1E0F4","jid":"51918477719@s.whatsapp.net","text":"Hola, me brinda su RUC porfavor.","hasFile":false,"msg":"Intentando enviar mensaje"}
Closing session: SessionEntry {
  _chains: {
    'BV9BGtEdHI355mpaJGqde0W/gmohT0NRLn6v60aicLVg': { chainKey: [Object], chainType: 2, messageKeys: {} },
    'BX6IEffeSrL+px72XYcIZVHEsCw1J3MoMSbukQblsCpD': { chainKey: [Object], chainType: 1, messageKeys: {} }
  },
  registrationId: 1943794307,
  currentRatchet: {
    ephemeralKeyPair: {
      pubKey: <Buffer 05 7e 88 11 f7 de 4a b2 fe a7 1e f6 5d 87 08 65 51 c4 b0 2c 35 27 73 28 31 26 ee 91 06 e5 b0 2a 43>,
      privKey: <Buffer 90 a3 29 81 01 38 35 c2 4f 59 af 44 4b ba 63 34 99 b7 00 03 59 63 2c 0d f0 27 f9 79 00 12 a8 7e>
    },
    lastRemoteEphemeralKey: <Buffer 05 5f 41 1a d1 1d 1c 8d f9 e6 6a 5a 24 6a 9d 7b 45 bf 82 6a 21 4f 43 51 2e 7e af eb 46 a2 70 b5 60>,
    previousCounter: 0,
    rootKey: <Buffer 07 0b 6d 70 7c 30 b6 dd e9 52 54 9a 71 df 3a f0 fe 67 ad 35 62 dc bd 30 29 e6 52 43 48 37 e9 41>
  },
  indexInfo: {
    baseKey: <Buffer 05 9f 7c fd 93 a7 89 58 93 35 9c 45 6f 71 bf 7a 42 42 fc 78 03 d2 b2 43 e5 7f ee 41 67 91 53 67 06>,
    baseKeyType: 1,
    closed: -1,
    used: 1771943366210,
    created: 1771942991599,
    remoteIdentityKey: <Buffer 05 35 4e 5f 19 00 40 3c 97 2f f1 c7 2f a2 db 93 4b 8a ef 16 31 0f bf 0f 23 64 31 a1 5b df ec de 6b>
  }
}
{"level":30,"time":1771947725125,"pid":15392,"hostname":"DESKTOP-BV1E0F4","jid":"51918477719@s.whatsapp.net","msgId":"3EB0DD9C4591AF267DBBCF","msg":"Texto enviado con exito"}
{"level":30,"time":1771947725520,"pid":15392,"hostname":"DESKTOP-BV1E0F4","jid":"51918477719@s.whatsapp.net","msgId":"3EB0DD9C4591AF267DBBCF","status":2,"statusText":"DELIVERY_ACK","kind":"text","fileName":null,"msg":"Estado mensaje saliente"}
{"level":30,"time":1771947726759,"pid":15392,"hostname":"DESKTOP-BV1E0F4","jid":"51918477719@s.whatsapp.net","msgId":"3EB0DD9C4591AF267DBBCF","status":3,"statusText":"READ","kind":"text","fileName":null,"msg":"Estado mensaje saliente"}
{"level":30,"time":1771948258712,"pid":15392,"hostname":"DESKTOP-BV1E0F4","jid":"76781801492707@lid","msgId":"3EB0317635BFCA49255065","status":3,"statusText":"READ","kind":null,"fileName":null,"msg":"Estado mensaje saliente"}
{"level":30,"time":1771948258775,"pid":15392,"hostname":"DESKTOP-BV1E0F4","jid":"76781801492707@lid","msgId":"3EB06F33382F6AD1F7DFE4","status":3,"statusText":"READ","kind":null,"fileName":null,"msg":"Estado mensaje saliente"}
{"level":30,"time":1771948258808,"pid":15392,"hostname":"DESKTOP-BV1E0F4","jid":"76781801492707@lid","msgId":"3EB09D24D151634EBD2C57","status":3,"statusText":"READ","kind":null,"fileName":null,"msg":"Estado mensaje saliente"}
{"level":30,"time":1771948258852,"pid":15392,"hostname":"DESKTOP-BV1E0F4","jid":"76781801492707@lid","msgId":"3EB02212B7D9D77263EAD1","status":3,"statusText":"READ","kind":null,"fileName":null,"msg":"Estado mensaje saliente"}
{"level":30,"time":1771948623266,"pid":15392,"hostname":"DESKTOP-BV1E0F4","jid":"132989568692410@lid","msgId":"3EB0DD9C4591AF267DBBCF","status":2,"statusText":"DELIVERY_ACK","kind":null,"fileName":null,"msg":"Estado mensaje saliente"}
{"level":30,"time":1771949044097,"pid":15392,"hostname":"DESKTOP-BV1E0F4","method":"POST","url":"/send-message","msg":"Incoming WhatsApp send-message request"}
{"level":30,"time":1771949045689,"pid":15392,"hostname":"DESKTOP-BV1E0F4","jid":"51951755337@s.whatsapp.net","text":"Tus clientes necesitan encontrarte de manera digital efectiva. Si no estás presente con una imagen profesional y estratégica, estás perdiendo oportunidades.  Una PÁGINA WEB bien diseñada no solo informa sobre tus servicios: convierte visitantes en CLIENTES, atrae más personas interesadas y reduce los gastos en publicidad tradicional al trabajar para ti 24/7.  Además, si tienes comercio electrónico, el Libro de Reclamaciones Virtual es obligatorio en Perú según Indecopi. Implementarlo en tu web transmite transparencia, genera confianza y te protege legalmente. Integrarlo demuestra profesionalismo y un compromiso real con tus clientes.  En Via Comunicativa REESTRUCTURAMOS, REDISEÑAMOS Y ACTUALIZAMOS tu web, e INSTALAMOS tu Libro de Reclamaciones Virtual para que cumplas la normativa y potencies tu presencia digital.  📞 CONTACTO: 936 613 758 🌐 www.viacomunicativa.com","hasFile":true,"fileName":"5.png","msg":"Intentando enviar mensaje"}
{"level":30,"time":1771949045693,"pid":15392,"hostname":"DESKTOP-BV1E0F4","jid":"51951755337@s.whatsapp.net","fileName":"5.png","fileMime":"image/png","rawMime":"image/png","size":2412482,"msg":"Enviando archivo"}
Closing session: SessionEntry {
  _chains: {
    'BSx3+2vjXhAC4Oij1RRiq9Godtlr7EtV66jwhb9WmZZq': { chainKey: [Object], chainType: 1, messageKeys: {} }
  },
  registrationId: 1943794307,
  currentRatchet: {
    ephemeralKeyPair: {
      pubKey: <Buffer 05 2c 77 fb 6b e3 5e 10 02 e0 e8 a3 d5 14 62 ab d1 a8 76 d9 6b ec 4b 55 eb a8 f0 85 bf 56 99 96 6a>,
      privKey: <Buffer b0 5c ad 45 92 ad 38 d6 93 ac 33 85 2b bc 82 6f aa 23 b4 9f 93 3e 15 bd 0b b8 6a 5a 63 93 02 73>
    },
    lastRemoteEphemeralKey: <Buffer 05 07 1c 32 77 f6 fc c1 71 2d f8 73 6a fb 2e 99 a2 24 db 6d 7c 2d a4 28 70 78 cc 8f 2b 00 ed 82 27>,
    previousCounter: 0,
    rootKey: <Buffer 22 50 54 07 95 a6 e7 7d 0f 6c bd 50 a4 59 e3 32 d6 a6 44 91 84 76 ad de 96 44 1c db 2f a7 5d 88>
  },
  indexInfo: {
    baseKey: <Buffer 05 cc 45 48 63 c7 e1 ee 5b 63 2d 04 42 47 95 d4 81 e0 8d ef bc 5c 28 bb 7d 04 4f 2a 94 9d 6f 75 07>,
    baseKeyType: 1,
    closed: -1,
    used: 1771947724840,
    created: 1771947724840,
    remoteIdentityKey: <Buffer 05 35 4e 5f 19 00 40 3c 97 2f f1 c7 2f a2 db 93 4b 8a ef 16 31 0f bf 0f 23 64 31 a1 5b df ec de 6b>
  },
  pendingPreKey: {
    signedKeyId: 10075884,
    baseKey: <Buffer 05 cc 45 48 63 c7 e1 ee 5b 63 2d 04 42 47 95 d4 81 e0 8d ef bc 5c 28 bb 7d 04 4f 2a 94 9d 6f 75 07>,
    preKeyId: 13984972
  }
}
{"level":30,"time":1771949048577,"pid":15392,"hostname":"DESKTOP-BV1E0F4","jid":"51951755337@s.whatsapp.net","msgId":"3EB0FDB90ECD674BA9FE0B","status":2,"statusText":"DELIVERY_ACK","kind":"image","fileName":"5.png","msg":"Estado mensaje saliente"}
{"level":30,"time":1771949048577,"pid":15392,"hostname":"DESKTOP-BV1E0F4","jid":"51951755337@s.whatsapp.net","msgId":"3EB0FDB90ECD674BA9FE0B","msg":"Imagen enviada y entregada"}
{"level":30,"time":1771949049822,"pid":15392,"hostname":"DESKTOP-BV1E0F4","jid":"278928178577421@lid","msgId":"3EB0FDB90ECD674BA9FE0B","status":3,"statusText":"READ","kind":"image","fileName":"5.png","msg":"Estado mensaje saliente"}
{"level":30,"time":1771949084904,"pid":15392,"hostname":"DESKTOP-BV1E0F4","jid":"132989568692410@lid","msgId":"3EB0B8A10E11AC19F0D009","status":3,"statusText":"READ","kind":null,"fileName":null,"msg":"Estado mensaje saliente"}
{"level":30,"time":1771949113124,"pid":15392,"hostname":"DESKTOP-BV1E0F4","jid":"278928178577421@lid","msgId":"3EB02C8468BA5C65DB36A4","status":3,"statusText":"READ","kind":null,"fileName":null,"msg":"Estado mensaje saliente"}
{"level":30,"time":1771949113195,"pid":15392,"hostname":"DESKTOP-BV1E0F4","jid":"278928178577421@lid","msgId":"3EB0B01D7BB85535738E82","status":3,"statusText":"READ","kind":null,"fileName":null,"msg":"Estado mensaje saliente"}
{"level":30,"time":1771949113252,"pid":15392,"hostname":"DESKTOP-BV1E0F4","jid":"278928178577421@lid","msgId":"3EB04E0DDC5B8A030D6C70","status":3,"statusText":"READ","kind":null,"fileName":null,"msg":"Estado mensaje saliente"}
{"level":30,"time":1771949177975,"pid":15392,"hostname":"DESKTOP-BV1E0F4","jid":"278928178577421@lid","msgId":"3EB0FDB90ECD674BA9FE0B","status":2,"statusText":"DELIVERY_ACK","kind":null,"fileName":null,"msg":"Estado mensaje saliente"}
{"level":30,"time":1771949361943,"pid":15392,"hostname":"DESKTOP-BV1E0F4","jid":"132989568692410@lid","msgId":"A5854FFB5A666A598EB2A513DDC81357","status":3,"statusText":"READ","kind":null,"fileName":null,"msg":"Estado mensaje saliente"}
{"level":30,"time":1771949370783,"pid":15392,"hostname":"DESKTOP-BV1E0F4","jid":"132989568692410@lid","msgId":"A5F054151E949895C2D24A9BE669EA35","status":3,"statusText":"READ","kind":null,"fileName":null,"msg":"Estado mensaje saliente"}
{"level":30,"time":1771949409494,"pid":15392,"hostname":"DESKTOP-BV1E0F4","jid":"132989568692410@lid","msgId":"A5E7AF704676C6197BE41DA4F4CCF878","status":3,"statusText":"READ","kind":null,"fileName":null,"msg":"Estado mensaje saliente"}
{"level":30,"time":1771949409743,"pid":15392,"hostname":"DESKTOP-BV1E0F4","jid":"132989568692410@lid","msgId":"A5335C40C01E55296ADC66AB60C000B3","status":3,"statusText":"READ","kind":null,"fileName":null,"msg":"Estado mensaje saliente"}
{"level":30,"time":1771949416525,"pid":15392,"hostname":"DESKTOP-BV1E0F4","jid":"132989568692410@lid","msgId":"A59707EAF2FFFB0CE31B2A19B6250882","status":3,"statusText":"READ","kind":null,"fileName":null,"msg":"Estado mensaje saliente"}
{"level":30,"time":1771949416714,"pid":15392,"hostname":"DESKTOP-BV1E0F4","jid":"132989568692410@lid","msgId":"A5FDA75CD65667A929784B144485CE5F","status":3,"statusText":"READ","kind":null,"fileName":null,"msg":"Estado mensaje saliente"}
{"level":30,"time":1771949552364,"pid":15392,"hostname":"DESKTOP-BV1E0F4","jid":"207266850574412:56@lid","msgId":"A5DDF0170EE62AE6DDCD3D90D1433D42","status":3,"statusText":"READ","kind":null,"fileName":null,"msg":"Estado mensaje saliente"}
{"level":30,"time":1771949555912,"pid":15392,"hostname":"DESKTOP-BV1E0F4","jid":"207266850574412@lid","msgId":"A5DDF0170EE62AE6DDCD3D90D1433D42","status":3,"statusText":"READ","kind":null,"fileName":null,"msg":"Estado mensaje saliente"}
{"level":30,"time":1771949571855,"pid":15392,"hostname":"DESKTOP-BV1E0F4","jid":"207266850574412:56@lid","msgId":"A51F3087C8721F36CA82EFBF7BB049B6","status":3,"statusText":"READ","kind":null,"fileName":null,"msg":"Estado mensaje saliente"}
{"level":30,"time":1771949572228,"pid":15392,"hostname":"DESKTOP-BV1E0F4","jid":"207266850574412@lid","msgId":"A51F3087C8721F36CA82EFBF7BB049B6","status":3,"statusText":"READ","kind":null,"fileName":null,"msg":"Estado mensaje saliente"}
{"level":30,"time":1771950613266,"pid":15392,"hostname":"DESKTOP-BV1E0F4","jid":"214035836485763:81@lid","msgId":"3EB0BB5FCF29FCAA14ACF1","status":3,"statusText":"READ","kind":null,"fileName":null,"msg":"Estado mensaje saliente"}
{"level":30,"time":1771950616495,"pid":15392,"hostname":"DESKTOP-BV1E0F4","jid":"214035836485763@lid","msgId":"3EB0BB5FCF29FCAA14ACF1","status":3,"statusText":"READ","kind":null,"fileName":null,"msg":"Estado mensaje saliente"}
{"level":30,"time":1771952885308,"pid":15392,"hostname":"DESKTOP-BV1E0F4","jid":"181909195857935@lid","msgId":"3EB0FD1D601940AD24CAC4","status":3,"statusText":"READ","kind":null,"fileName":null,"msg":"Estado mensaje saliente"}
{"level":30,"time":1771952885601,"pid":15392,"hostname":"DESKTOP-BV1E0F4","jid":"181909195857935@lid","msgId":"3EB0009FCF24D518DB8593","status":3,"statusText":"READ","kind":null,"fileName":null,"msg":"Estado mensaje saliente"}
{"level":30,"time":1771952885640,"pid":15392,"hostname":"DESKTOP-BV1E0F4","jid":"181909195857935@lid","msgId":"3EB08F3A3440E47F5C14AC","status":3,"statusText":"READ","kind":null,"fileName":null,"msg":"Estado mensaje saliente"}
{"level":30,"time":1771953763574,"pid":15392,"hostname":"DESKTOP-BV1E0F4","method":"POST","url":"/send-message","msg":"Incoming WhatsApp send-message request"}
{"level":30,"time":1771953765264,"pid":15392,"hostname":"DESKTOP-BV1E0F4","jid":"51957488524@s.whatsapp.net","text":"Tus clientes necesitan encontrarte de manera digital efectiva. Si no estás presente con una imagen profesional y estratégica, estás perdiendo oportunidades.  Una PÁGINA WEB bien diseñada no solo informa sobre tus servicios: convierte visitantes en CLIENTES, atrae más personas interesadas y reduce los gastos en publicidad tradicional al trabajar para ti 24/7.  Además, si tienes comercio electrónico, el Libro de Reclamaciones Virtual es obligatorio en Perú según Indecopi. Implementarlo en tu web transmite transparencia, genera confianza y te protege legalmente. Integrarlo demuestra profesionalismo y un compromiso real con tus clientes.  En Via Comunicativa REESTRUCTURAMOS, REDISEÑAMOS Y ACTUALIZAMOS tu web, e INSTALAMOS tu Libro de Reclamaciones Virtual para que cumplas la normativa y potencies tu presencia digital.  📞 CONTACTO: 936 613 758 🌐 www.viacomunicativa.com","hasFile":true,"fileName":"5.png","msg":"Intentando enviar mensaje"}
{"level":30,"time":1771953765266,"pid":15392,"hostname":"DESKTOP-BV1E0F4","jid":"51957488524@s.whatsapp.net","fileName":"5.png","fileMime":"image/png","rawMime":"image/png","size":2412482,"msg":"Enviando archivo"}
Closing session: SessionEntry {
  _chains: {
    BRmYyqkkkPbacPzWfPr7Ac7lo2hQWMPIC1DcobpA6S1D: { chainKey: [Object], chainType: 2, messageKeys: {} },
    'BWJwzLzR1f5K8lkj/I3gtcEaKIF6NcnJPzQdz0fKfE15': { chainKey: [Object], chainType: 1, messageKeys: {} }
  },
  registrationId: 1943794307,
  currentRatchet: {
    ephemeralKeyPair: {
      pubKey: <Buffer 05 62 70 cc bc d1 d5 fe 4a f2 59 23 fc 8d e0 b5 c1 1a 28 81 7a 35 c9 c9 3f 34 1d cf 47 ca 7c 4d 79>,
      privKey: <Buffer 00 9f ad 5c a1 9e 05 4a 55 18 d8 15 77 37 8c 75 79 6e 25 71 5f 8c 67 5b 61 26 7a db 70 e1 8c 77>
    },
    lastRemoteEphemeralKey: <Buffer 05 19 98 ca a9 24 90 f6 da 70 fc d6 7c fa fb 01 ce e5 a3 68 50 58 c3 c8 0b 50 dc a1 ba 40 e9 2d 43>,
    previousCounter: 0,
    rootKey: <Buffer ec 61 2c 11 ef 10 ef 34 c5 ec f4 7a c9 67 11 7e c9 07 ff e4 37 00 e5 63 c9 cd 60 b8 0d b9 d9 81>
  },
  indexInfo: {
    baseKey: <Buffer 05 32 e0 13 b9 73 9e 44 84 ac 99 36 9c db 34 d0 f3 87 d2 be 25 90 74 dc 7d eb 35 53 3e d2 1e b9 0a>,
    baseKeyType: 1,
    closed: -1,
    used: 1771949571689,
    created: 1771949048182,
    remoteIdentityKey: <Buffer 05 35 4e 5f 19 00 40 3c 97 2f f1 c7 2f a2 db 93 4b 8a ef 16 31 0f bf 0f 23 64 31 a1 5b df ec de 6b>
  }
}
{"level":30,"time":1771953768672,"pid":15392,"hostname":"DESKTOP-BV1E0F4","jid":"51957488524@s.whatsapp.net","msgId":"3EB08C940832047B8DCC23","status":2,"statusText":"DELIVERY_ACK","kind":"image","fileName":"5.png","msg":"Estado mensaje saliente"}
{"level":30,"time":1771953768672,"pid":15392,"hostname":"DESKTOP-BV1E0F4","jid":"51957488524@s.whatsapp.net","msgId":"3EB08C940832047B8DCC23","msg":"Imagen enviada y entregada"}
{"level":30,"time":1771953770191,"pid":15392,"hostname":"DESKTOP-BV1E0F4","jid":"51957488524@s.whatsapp.net","msgId":"3EB08C940832047B8DCC23","status":3,"statusText":"READ","kind":"image","fileName":"5.png","msg":"Estado mensaje saliente"}
{"level":30,"time":1771953772124,"pid":15392,"hostname":"DESKTOP-BV1E0F4","jid":"51957488524:75@s.whatsapp.net","msgId":"3EB08C940832047B8DCC23","status":3,"statusText":"READ","kind":null,"fileName":null,"msg":"Estado mensaje saliente"}
{"level":30,"time":1771953782393,"pid":15392,"hostname":"DESKTOP-BV1E0F4","jid":"165300540555453:75@lid","msgId":"3EB0B5BC3B3A3E99CFF0B6","status":3,"statusText":"READ","kind":null,"fileName":null,"msg":"Estado mensaje saliente"}
{"level":30,"time":1771953782397,"pid":15392,"hostname":"DESKTOP-BV1E0F4","jid":"165300540555453@lid","msgId":"3EB0B5BC3B3A3E99CFF0B6","status":3,"statusText":"READ","kind":null,"fileName":null,"msg":"Estado mensaje saliente"}
{"level":30,"time":1771953787355,"pid":15392,"hostname":"DESKTOP-BV1E0F4","jid":"165300540555453:75@lid","msgId":"3EB0B1D6DE07EB6C600643","status":3,"statusText":"READ","kind":null,"fileName":null,"msg":"Estado mensaje saliente"}
{"level":30,"time":1771953787409,"pid":15392,"hostname":"DESKTOP-BV1E0F4","jid":"165300540555453@lid","msgId":"3EB0B1D6DE07EB6C600643","status":3,"statusText":"READ","kind":null,"fileName":null,"msg":"Estado mensaje saliente"}
{"level":30,"time":1771953795292,"pid":15392,"hostname":"DESKTOP-BV1E0F4","jid":"165300540555453@lid","msgId":"3EB06C690B7774A4594560","status":3,"statusText":"READ","kind":null,"fileName":null,"msg":"Estado mensaje saliente"}
{"level":30,"time":1771953795297,"pid":15392,"hostname":"DESKTOP-BV1E0F4","jid":"165300540555453:75@lid","msgId":"3EB06C690B7774A4594560","status":3,"statusText":"READ","kind":null,"fileName":null,"msg":"Estado mensaje saliente"}
{"level":30,"time":1771953893958,"pid":15392,"hostname":"DESKTOP-BV1E0F4","jid":"207266850574412:56@lid","msgId":"3EB0292516CA442CF37BC6","status":3,"statusText":"READ","kind":null,"fileName":null,"msg":"Estado mensaje saliente"}
{"level":30,"time":1771953894090,"pid":15392,"hostname":"DESKTOP-BV1E0F4","jid":"207266850574412@lid","msgId":"3EB0292516CA442CF37BC6","status":3,"statusText":"READ","kind":null,"fileName":null,"msg":"Estado mensaje saliente"}
{"level":30,"time":1771954024528,"pid":15392,"hostname":"DESKTOP-BV1E0F4","jid":"165300540555453@lid","msgId":"3EB08C940832047B8DCC23","status":2,"statusText":"DELIVERY_ACK","kind":null,"fileName":null,"msg":"Estado mensaje saliente"}
{"level":30,"time":1771954073851,"pid":15392,"hostname":"DESKTOP-BV1E0F4","jid":"207266850574412:56@lid","msgId":"3EB0292516CA442CF37BC6","status":4,"statusText":"PLAYED","kind":null,"fileName":null,"msg":"Estado mensaje saliente"}
{"level":30,"time":1771954073851,"pid":15392,"hostname":"DESKTOP-BV1E0F4","jid":"207266850574412:56@lid","msgId":"A51F3087C8721F36CA82EFBF7BB049B6","status":4,"statusText":"PLAYED","kind":null,"fileName":null,"msg":"Estado mensaje saliente"}
{"level":30,"time":1771954073851,"pid":15392,"hostname":"DESKTOP-BV1E0F4","jid":"207266850574412:56@lid","msgId":"A5DDF0170EE62AE6DDCD3D90D1433D42","status":4,"statusText":"PLAYED","kind":null,"fileName":null,"msg":"Estado mensaje saliente"}
{"level":30,"time":1771954206000,"pid":15392,"hostname":"DESKTOP-BV1E0F4","jid":"173198918316092:75@lid","msgId":"3EB08C6E665F52F7637FEB","status":3,"statusText":"READ","kind":null,"fileName":null,"msg":"Estado mensaje saliente"}
{"level":30,"time":1771954206001,"pid":15392,"hostname":"DESKTOP-BV1E0F4","jid":"173198918316092:75@lid","msgId":"3EB07BD44F45A32552E9F2","status":3,"statusText":"READ","kind":null,"fileName":null,"msg":"Estado mensaje saliente"}
{"level":30,"time":1771955452870,"pid":15392,"hostname":"DESKTOP-BV1E0F4","jid":"165300540555453:75@lid","msgId":"3EB06C690B7774A4594560","status":3,"statusText":"READ","kind":null,"fileName":null,"msg":"Estado mensaje saliente"}
{"level":30,"time":1771956613992,"pid":15392,"hostname":"DESKTOP-BV1E0F4","jid":"207266850574412:56@lid","msgId":"3EB013557CE0C0C974F4F0","status":3,"statusText":"READ","kind":null,"fileName":null,"msg":"Estado mensaje saliente"}
{"level":30,"time":1771956616492,"pid":15392,"hostname":"DESKTOP-BV1E0F4","jid":"207266850574412@lid","msgId":"3EB013557CE0C0C974F4F0","status":3,"statusText":"READ","kind":null,"fileName":null,"msg":"Estado mensaje saliente"}
{"level":30,"time":1771956628101,"pid":15392,"hostname":"DESKTOP-BV1E0F4","jid":"207266850574412@lid","msgId":"3EB013557CE0C0C974F4F0","status":4,"statusText":"PLAYED","kind":null,"fileName":null,"msg":"Estado mensaje saliente"}

> kenia-call-bridge-skeleton@0.1.0 start:whatsapp
> npm --prefix whatsapp-backend run start


> kenia-whatsapp-backend@0.1.0 start
> node src/server.js

{"level":30,"time":1771964009043,"pid":3932,"hostname":"DESKTOP-BV1E0F4","msg":"WhatsApp backend escuchando en http://0.0.0.0:3010"}
{"level":30,"time":1771964011186,"pid":3932,"hostname":"DESKTOP-BV1E0F4","jid":"181909195857935:22@lid","msgId":"3EB0FD1D601940AD24CAC4","status":3,"statusText":"READ","kind":null,"fileName":null,"msg":"Estado mensaje saliente"}
{"level":30,"time":1771964011186,"pid":3932,"hostname":"DESKTOP-BV1E0F4","jid":"181909195857935:22@lid","msgId":"3EB0009FCF24D518DB8593","status":3,"statusText":"READ","kind":null,"fileName":null,"msg":"Estado mensaje saliente"}
{"level":30,"time":1771964011186,"pid":3932,"hostname":"DESKTOP-BV1E0F4","jid":"181909195857935:22@lid","msgId":"3EB08F3A3440E47F5C14AC","status":3,"statusText":"READ","kind":null,"fileName":null,"msg":"Estado mensaje saliente"}
{"level":30,"time":1771964011186,"pid":3932,"hostname":"DESKTOP-BV1E0F4","jid":"76781801492707:62@lid","msgId":"3EB0317635BFCA49255065","status":3,"statusText":"READ","kind":null,"fileName":null,"msg":"Estado mensaje saliente"}
{"level":30,"time":1771964011186,"pid":3932,"hostname":"DESKTOP-BV1E0F4","jid":"76781801492707:62@lid","msgId":"3EB06F33382F6AD1F7DFE4","status":3,"statusText":"READ","kind":null,"fileName":null,"msg":"Estado mensaje saliente"}
{"level":30,"time":1771964011186,"pid":3932,"hostname":"DESKTOP-BV1E0F4","jid":"76781801492707:62@lid","msgId":"3EB09D24D151634EBD2C57","status":3,"statusText":"READ","kind":null,"fileName":null,"msg":"Estado mensaje saliente"}
{"level":30,"time":1771964011186,"pid":3932,"hostname":"DESKTOP-BV1E0F4","jid":"76781801492707:62@lid","msgId":"3EB02212B7D9D77263EAD1","status":3,"statusText":"READ","kind":null,"fileName":null,"msg":"Estado mensaje saliente"}
{"level":30,"time":1771964011209,"pid":3932,"hostname":"DESKTOP-BV1E0F4","user":"51934379840:16@s.whatsapp.net","name":"Via Comunicativa","msg":"WhatsApp vinculado"}
{"level":30,"time":1771965537565,"pid":3932,"hostname":"DESKTOP-BV1E0F4","jid":"207266850574412:56@lid","msgId":"3EB0C28B28DD29F007F2B3","status":3,"statusText":"READ","kind":null,"fileName":null,"msg":"Estado mensaje saliente"}
{"level":30,"time":1771965538213,"pid":3932,"hostname":"DESKTOP-BV1E0F4","jid":"207266850574412@lid","msgId":"3EB0C28B28DD29F007F2B3","status":3,"statusText":"READ","kind":null,"fileName":null,"msg":"Estado mensaje saliente"}
{"level":30,"time":1771965540377,"pid":3932,"hostname":"DESKTOP-BV1E0F4","jid":"207266850574412:56@lid","msgId":"3EB0C28B28DD29F007F2B3","status":4,"statusText":"PLAYED","kind":null,"fileName":null,"msg":"Estado mensaje saliente"}
{"level":30,"time":1771965591957,"pid":3932,"hostname":"DESKTOP-BV1E0F4","jid":"207266850574412:56@lid","msgId":"3EB0111AD0E3B16D10B787","status":3,"statusText":"READ","kind":null,"fileName":null,"msg":"Estado mensaje saliente"}
{"level":30,"time":1771965594619,"pid":3932,"hostname":"DESKTOP-BV1E0F4","jid":"207266850574412@lid","msgId":"3EB0111AD0E3B16D10B787","status":3,"statusText":"READ","kind":null,"fileName":null,"msg":"Estado mensaje saliente"}
{"level":30,"time":1771965923166,"pid":3932,"hostname":"DESKTOP-BV1E0F4","jid":"270269541310678@lid","msgId":"3EB086B8A8D7F6DC766753","status":3,"statusText":"READ","kind":null,"fileName":null,"msg":"Estado mensaje saliente"}
{"level":30,"time":1771965923198,"pid":3932,"hostname":"DESKTOP-BV1E0F4","jid":"270269541310678@lid","msgId":"3EB0BEAEC1190DAAB64F15","status":3,"statusText":"READ","kind":null,"fileName":null,"msg":"Estado mensaje saliente"}
{"level":30,"time":1771965923252,"pid":3932,"hostname":"DESKTOP-BV1E0F4","jid":"270269541310678:71@lid","msgId":"3EB086B8A8D7F6DC766753","status":3,"statusText":"READ","kind":null,"fileName":null,"msg":"Estado mensaje saliente"}
{"level":30,"time":1771965923275,"pid":3932,"hostname":"DESKTOP-BV1E0F4","jid":"270269541310678@lid","msgId":"3EB0B31F642FD9B21D7AB2","status":3,"statusText":"READ","kind":null,"fileName":null,"msg":"Estado mensaje saliente"}
{"level":30,"time":1771965923278,"pid":3932,"hostname":"DESKTOP-BV1E0F4","jid":"270269541310678@lid","msgId":"3EB056FB9DDC19B9FD9567","status":3,"statusText":"READ","kind":null,"fileName":null,"msg":"Estado mensaje saliente"}
{"level":30,"time":1771965923552,"pid":3932,"hostname":"DESKTOP-BV1E0F4","jid":"270269541310678:71@lid","msgId":"3EB0BEAEC1190DAAB64F15","status":3,"statusText":"READ","kind":null,"fileName":null,"msg":"Estado mensaje saliente"}
{"level":30,"time":1771965923708,"pid":3932,"hostname":"DESKTOP-BV1E0F4","jid":"270269541310678:71@lid","msgId":"3EB0B31F642FD9B21D7AB2","status":3,"statusText":"READ","kind":null,"fileName":null,"msg":"Estado mensaje saliente"}
{"level":30,"time":1771965923832,"pid":3932,"hostname":"DESKTOP-BV1E0F4","jid":"270269541310678:71@lid","msgId":"3EB056FB9DDC19B9FD9567","status":3,"statusText":"READ","kind":null,"fileName":null,"msg":"Estado mensaje saliente"}
{"level":30,"time":1771966307446,"pid":3932,"hostname":"DESKTOP-BV1E0F4","method":"POST","url":"/send-message","msg":"Incoming WhatsApp send-message request"}
{"level":30,"time":1771966309939,"pid":3932,"hostname":"DESKTOP-BV1E0F4","jid":"51952301813@s.whatsapp.net","text":"Tus clientes necesitan encontrarte de manera digital efectiva. Si no estás presente con una imagen profesional y estratégica, estás perdiendo oportunidades.  Una PÁGINA WEB bien diseñada no solo informa sobre tus servicios: convierte visitantes en CLIENTES, atrae más personas interesadas y reduce los gastos en publicidad tradicional al trabajar para ti 24/7.  Además, si tienes comercio electrónico, el Libro de Reclamaciones Virtual es obligatorio en Perú según Indecopi. Implementarlo en tu web transmite transparencia, genera confianza y te protege legalmente. Integrarlo demuestra profesionalismo y un compromiso real con tus clientes.  En Via Comunicativa REESTRUCTURAMOS, REDISEÑAMOS Y ACTUALIZAMOS tu web, e INSTALAMOS tu Libro de Reclamaciones Virtual para que cumplas la normativa y potencies tu presencia digital.  📞 CONTACTO: 936 613 758 🌐 www.viacomunicativa.com","hasFile":true,"fileName":"5.png","msg":"Intentando enviar mensaje"}
{"level":30,"time":1771966309940,"pid":3932,"hostname":"DESKTOP-BV1E0F4","jid":"51952301813@s.whatsapp.net","fileName":"5.png","fileMime":"image/png","rawMime":"image/png","size":2412482,"msg":"Enviando archivo"}
Closing session: SessionEntry {
  _chains: {
    'BaBd3wJY5cudFvk/YIVhd8SIAPvJgFxDZKP1SuNuw8so': { chainKey: [Object], chainType: 1, messageKeys: {} }
  },
  registrationId: 1943794307,
  currentRatchet: {
    ephemeralKeyPair: {
      pubKey: <Buffer 05 a0 5d df 02 58 e5 cb 9d 16 f9 3f 60 85 61 77 c4 88 00 fb c9 80 5c 43 64 a3 f5 4a e3 6e c3 cb 28>,
      privKey: <Buffer e8 cd a8 e1 2b f9 30 88 93 19 93 2b 9e 41 6f e2 78 c2 8b 15 46 44 1a 8d 7c 4f 29 92 1a 6a e2 52>
    },
    lastRemoteEphemeralKey: <Buffer 05 07 1c 32 77 f6 fc c1 71 2d f8 73 6a fb 2e 99 a2 24 db 6d 7c 2d a4 28 70 78 cc 8f 2b 00 ed 82 27>,
    previousCounter: 0,
    rootKey: <Buffer 72 f9 75 c6 e3 86 41 c3 a9 13 e3 2c b9 78 94 2b 8a 84 f7 5f 46 04 50 02 fe 57 f9 21 45 c3 b4 1a>
  },
  indexInfo: {
    baseKey: <Buffer 05 2f ea 4b dc a0 21 c6 e8 77 2b c7 b6 55 e5 a3 ba 87 42 25 dd f6 33 28 9d 67 05 f6 36 0b 21 90 0b>,
    baseKeyType: 1,
    closed: -1,
    used: 1771953768057,
    created: 1771953768057,
    remoteIdentityKey: <Buffer 05 35 4e 5f 19 00 40 3c 97 2f f1 c7 2f a2 db 93 4b 8a ef 16 31 0f bf 0f 23 64 31 a1 5b df ec de 6b>
  },
  pendingPreKey: {
    signedKeyId: 10075884,
    baseKey: <Buffer 05 2f ea 4b dc a0 21 c6 e8 77 2b c7 b6 55 e5 a3 ba 87 42 25 dd f6 33 28 9d 67 05 f6 36 0b 21 90 0b>,
    preKeyId: 13985108
  }
}
{"level":30,"time":1771966313861,"pid":3932,"hostname":"DESKTOP-BV1E0F4","jid":"51952301813@s.whatsapp.net","msgId":"3EB03419B6848DD726A503","status":2,"statusText":"DELIVERY_ACK","kind":"image","fileName":"5.png","msg":"Estado mensaje saliente"}
{"level":30,"time":1771966313861,"pid":3932,"hostname":"DESKTOP-BV1E0F4","jid":"51952301813@s.whatsapp.net","msgId":"3EB03419B6848DD726A503","msg":"Imagen enviada y entregada"}
{"level":30,"time":1771966315633,"pid":3932,"hostname":"DESKTOP-BV1E0F4","jid":"51952301813@s.whatsapp.net","msgId":"3EB03419B6848DD726A503","status":3,"statusText":"READ","kind":"image","fileName":"5.png","msg":"Estado mensaje saliente"}
{"level":30,"time":1771966366207,"pid":3932,"hostname":"DESKTOP-BV1E0F4","jid":"261421841543401@lid","msgId":"3EB09B65F546443C5ABA2E","status":3,"statusText":"READ","kind":null,"fileName":null,"msg":"Estado mensaje saliente"}
{"level":30,"time":1771966366210,"pid":3932,"hostname":"DESKTOP-BV1E0F4","jid":"261421841543401@lid","msgId":"3EB014DB528DDF6145BF07","status":3,"statusText":"READ","kind":null,"fileName":null,"msg":"Estado mensaje saliente"}
{"level":30,"time":1771966366293,"pid":3932,"hostname":"DESKTOP-BV1E0F4","jid":"261421841543401@lid","msgId":"3EB0D1EABA842E92E16ACE","status":3,"statusText":"READ","kind":null,"fileName":null,"msg":"Estado mensaje saliente"}
{"level":30,"time":1771966397764,"pid":3932,"hostname":"DESKTOP-BV1E0F4","jid":"261421841543401@lid","msgId":"3EB03419B6848DD726A503","status":2,"statusText":"DELIVERY_ACK","kind":null,"fileName":null,"msg":"Estado mensaje saliente"}
{"level":30,"time":1771966765069,"pid":3932,"hostname":"DESKTOP-BV1E0F4","jid":"39608490401968:99@hosted.lid","msgId":"3EB01DAE33EE3F5CD4E08D","status":3,"statusText":"READ","kind":null,"fileName":null,"msg":"Estado mensaje saliente"}
{"level":30,"time":1771966765576,"pid":3932,"hostname":"DESKTOP-BV1E0F4","jid":"39608490401968:20@lid","msgId":"3EB01DAE33EE3F5CD4E08D","status":3,"statusText":"READ","kind":null,"fileName":null,"msg":"Estado mensaje saliente"}
{"level":30,"time":1771966766261,"pid":3932,"hostname":"DESKTOP-BV1E0F4","jid":"39608490401968@lid","msgId":"3EB01DAE33EE3F5CD4E08D","status":3,"statusText":"READ","kind":null,"fileName":null,"msg":"Estado mensaje saliente"}
{"level":30,"time":1771966830388,"pid":3932,"hostname":"DESKTOP-BV1E0F4","jid":"39608490401968:99@hosted.lid","msgId":"3EB06EB85A81EC774E3798","status":3,"statusText":"READ","kind":null,"fileName":null,"msg":"Estado mensaje saliente"}
{"level":30,"time":1771966830857,"pid":3932,"hostname":"DESKTOP-BV1E0F4","jid":"39608490401968:20@lid","msgId":"3EB06EB85A81EC774E3798","status":3,"statusText":"READ","kind":null,"fileName":null,"msg":"Estado mensaje saliente"}
{"level":30,"time":1771966845939,"pid":3932,"hostname":"DESKTOP-BV1E0F4","jid":"39608490401968@lid","msgId":"3EB06EB85A81EC774E3798","status":3,"statusText":"READ","kind":null,"fileName":null,"msg":"Estado mensaje saliente"}
{"level":30,"time":1771967303126,"pid":3932,"hostname":"DESKTOP-BV1E0F4","jid":"19993223807051:90@lid","msgId":"3EB01CBA47B4C661CE7A25","status":3,"statusText":"READ","kind":null,"fileName":null,"msg":"Estado mensaje saliente"}
{"level":30,"time":1771967303126,"pid":3932,"hostname":"DESKTOP-BV1E0F4","jid":"19993223807051:90@lid","msgId":"3EB051689DC3809CC4C7D1","status":3,"statusText":"READ","kind":null,"fileName":null,"msg":"Estado mensaje saliente"}
{"level":30,"time":1771968183183,"pid":3932,"hostname":"DESKTOP-BV1E0F4","jid":"262143479906406@lid","msgId":"3EB0146ACB77F2C07ECADB","status":3,"statusText":"READ","kind":null,"fileName":null,"msg":"Estado mensaje saliente"}
{"level":30,"time":1771968183242,"pid":3932,"hostname":"DESKTOP-BV1E0F4","jid":"262143479906406@lid","msgId":"3EB010513301036FEB6DF6","status":3,"statusText":"READ","kind":null,"fileName":null,"msg":"Estado mensaje saliente"}
{"level":30,"time":1771968183303,"pid":3932,"hostname":"DESKTOP-BV1E0F4","jid":"262143479906406@lid","msgId":"3EB073CDA2EE5C11C242A1","status":3,"statusText":"READ","kind":null,"fileName":null,"msg":"Estado mensaje saliente"}
{"level":30,"time":1771968183367,"pid":3932,"hostname":"DESKTOP-BV1E0F4","jid":"262143479906406@lid","msgId":"3EB0949D19A9C705D76ADD","status":3,"statusText":"READ","kind":null,"fileName":null,"msg":"Estado mensaje saliente"}
{"level":30,"time":1771968183412,"pid":3932,"hostname":"DESKTOP-BV1E0F4","jid":"262143479906406@lid","msgId":"3EB016A1631A8883F732A1","status":3,"statusText":"READ","kind":null,"fileName":null,"msg":"Estado mensaje saliente"}
{"level":40,"time":1771969811395,"pid":3932,"hostname":"DESKTOP-BV1E0F4","statusCode":428,"shouldReconnect":true,"msg":"Conexion WhatsApp cerrada"}
{"level":30,"time":1771969816165,"pid":3932,"hostname":"DESKTOP-BV1E0F4","user":"51934379840:16@s.whatsapp.net","name":"Via Comunicativa","msg":"WhatsApp vinculado"}
{"level":30,"time":1771970961995,"pid":3932,"hostname":"DESKTOP-BV1E0F4","jid":"191766162600146@lid","msgId":"3EB0CE2741FA43BBA88F1D","status":3,"statusText":"READ","kind":null,"fileName":null,"msg":"Estado mensaje saliente"}
{"level":40,"time":1771971992653,"pid":3932,"hostname":"DESKTOP-BV1E0F4","statusCode":428,"shouldReconnect":true,"msg":"Conexion WhatsApp cerrada"}
{"level":30,"time":1771971997869,"pid":3932,"hostname":"DESKTOP-BV1E0F4","user":"51934379840:16@s.whatsapp.net","name":"Via Comunicativa","msg":"WhatsApp vinculado"}
{"level":40,"time":1771972981783,"pid":3932,"hostname":"DESKTOP-BV1E0F4","statusCode":503,"shouldReconnect":true,"msg":"Conexion WhatsApp cerrada"}
{"level":30,"time":1771972986344,"pid":3932,"hostname":"DESKTOP-BV1E0F4","user":"51934379840:16@s.whatsapp.net","name":"Via Comunicativa","msg":"WhatsApp vinculado"}
{"level":40,"time":1771973090062,"pid":3932,"hostname":"DESKTOP-BV1E0F4","statusCode":503,"shouldReconnect":true,"msg":"Conexion WhatsApp cerrada"}
{"level":30,"time":1771973096643,"pid":3932,"hostname":"DESKTOP-BV1E0F4","user":"51934379840:16@s.whatsapp.net","name":"Via Comunicativa","msg":"WhatsApp vinculado"}
{"level":30,"time":1771973363048,"pid":3932,"hostname":"DESKTOP-BV1E0F4","jid":"62174366019659:44@lid","msgId":"3EB0AEEB0339EA6FDA29AA","status":3,"statusText":"READ","kind":null,"fileName":null,"msg":"Estado mensaje saliente"}
{"level":30,"time":1771973363049,"pid":3932,"hostname":"DESKTOP-BV1E0F4","jid":"62174366019659:44@lid","msgId":"3EB084459C4DF2CAE79A87","status":3,"statusText":"READ","kind":null,"fileName":null,"msg":"Estado mensaje saliente"}
{"level":30,"time":1771973388075,"pid":3932,"hostname":"DESKTOP-BV1E0F4","jid":"62174366019659:44@lid","msgId":"3EB0AEEB0339EA6FDA29AA","status":3,"statusText":"READ","kind":null,"fileName":null,"msg":"Estado mensaje saliente"}
{"level":30,"time":1771973388075,"pid":3932,"hostname":"DESKTOP-BV1E0F4","jid":"62174366019659:44@lid","msgId":"3EB084459C4DF2CAE79A87","status":3,"statusText":"READ","kind":null,"fileName":null,"msg":"Estado mensaje saliente"}
{"level":40,"time":1771973605468,"pid":3932,"hostname":"DESKTOP-BV1E0F4","statusCode":503,"shouldReconnect":true,"msg":"Conexion WhatsApp cerrada"}
{"level":30,"time":1771973609087,"pid":3932,"hostname":"DESKTOP-BV1E0F4","user":"51934379840:16@s.whatsapp.net","name":"Via Comunicativa","msg":"WhatsApp vinculado"}
{"level":30,"time":1771976233686,"pid":3932,"hostname":"DESKTOP-BV1E0F4","jid":"207266850574412@lid","msgId":"3EB0111AD0E3B16D10B787","status":4,"statusText":"PLAYED","kind":null,"fileName":null,"msg":"Estado mensaje saliente"}
{"level":40,"time":1771978734649,"pid":3932,"hostname":"DESKTOP-BV1E0F4","statusCode":428,"shouldReconnect":true,"msg":"Conexion WhatsApp cerrada"}
{"level":30,"time":1771978737428,"pid":3932,"hostname":"DESKTOP-BV1E0F4","user":"51934379840:16@s.whatsapp.net","name":"Via Comunicativa","msg":"WhatsApp vinculado"}

> kenia-call-bridge-skeleton@0.1.0 start:whatsapp
> npm --prefix whatsapp-backend run start


> kenia-whatsapp-backend@0.1.0 start
> node src/server.js

{"level":30,"time":1772135206224,"pid":14820,"hostname":"DESKTOP-BV1E0F4","msg":"WhatsApp backend escuchando en http://0.0.0.0:3010"}
{"level":30,"time":1772135208506,"pid":14820,"hostname":"DESKTOP-BV1E0F4","user":"51934379840:16@s.whatsapp.net","name":"Via Comunicativa","msg":"WhatsApp vinculado"}
{"level":30,"time":1772135224884,"pid":14820,"hostname":"DESKTOP-BV1E0F4","jid":"226104426148014:33@lid","msgId":"3EB09E36019D7ADDAB1ED1","status":3,"statusText":"READ","kind":null,"fileName":null,"msg":"Estado mensaje saliente"}
{"level":30,"time":1772135224884,"pid":14820,"hostname":"DESKTOP-BV1E0F4","jid":"226104426148014:33@lid","msgId":"3EB0E3A7EEAB0672538E","status":3,"statusText":"READ","kind":null,"fileName":null,"msg":"Estado mensaje saliente"}
{"level":30,"time":1772135224884,"pid":14820,"hostname":"DESKTOP-BV1E0F4","jid":"51918477719:66@s.whatsapp.net","msgId":"3EB0DD9C4591AF267DBBCF","status":3,"statusText":"READ","kind":null,"fileName":null,"msg":"Estado mensaje saliente"}
{"level":30,"time":1772135224884,"pid":14820,"hostname":"DESKTOP-BV1E0F4","jid":"132989568692410:66@lid","msgId":"3EB0B8A10E11AC19F0D009","status":3,"statusText":"READ","kind":null,"fileName":null,"msg":"Estado mensaje saliente"}
{"level":30,"time":1772135224884,"pid":14820,"hostname":"DESKTOP-BV1E0F4","jid":"132989568692410:66@lid","msgId":"A5854FFB5A666A598EB2A513DDC81357","status":3,"statusText":"READ","kind":null,"fileName":null,"msg":"Estado mensaje saliente"}
{"level":30,"time":1772135224884,"pid":14820,"hostname":"DESKTOP-BV1E0F4","jid":"132989568692410:66@lid","msgId":"A5F054151E949895C2D24A9BE669EA35","status":3,"statusText":"READ","kind":null,"fileName":null,"msg":"Estado mensaje saliente"}
{"level":30,"time":1772135224884,"pid":14820,"hostname":"DESKTOP-BV1E0F4","jid":"132989568692410:66@lid","msgId":"A5E7AF704676C6197BE41DA4F4CCF878","status":3,"statusText":"READ","kind":null,"fileName":null,"msg":"Estado mensaje saliente"}
{"level":30,"time":1772135224884,"pid":14820,"hostname":"DESKTOP-BV1E0F4","jid":"132989568692410:66@lid","msgId":"A5335C40C01E55296ADC66AB60C000B3","status":3,"statusText":"READ","kind":null,"fileName":null,"msg":"Estado mensaje saliente"}
{"level":30,"time":1772135224884,"pid":14820,"hostname":"DESKTOP-BV1E0F4","jid":"132989568692410:66@lid","msgId":"A59707EAF2FFFB0CE31B2A19B6250882","status":3,"statusText":"READ","kind":null,"fileName":null,"msg":"Estado mensaje saliente"}
{"level":30,"time":1772135224884,"pid":14820,"hostname":"DESKTOP-BV1E0F4","jid":"132989568692410:66@lid","msgId":"A5FDA75CD65667A929784B144485CE5F","status":3,"statusText":"READ","kind":null,"fileName":null,"msg":"Estado mensaje saliente"}
{"level":30,"time":1772135224884,"pid":14820,"hostname":"DESKTOP-BV1E0F4","jid":"207361054625884:45@lid","msgId":"3EB0CDD1B25FD40C973302","status":3,"statusText":"READ","kind":null,"fileName":null,"msg":"Estado mensaje saliente"}
{"level":30,"time":1772135224884,"pid":14820,"hostname":"DESKTOP-BV1E0F4","jid":"207361054625884:45@lid","msgId":"3EB0193BB5B9DFBBC2A19C","status":3,"statusText":"READ","kind":null,"fileName":null,"msg":"Estado mensaje saliente"}
{"level":30,"time":1772135224884,"pid":14820,"hostname":"DESKTOP-BV1E0F4","jid":"214228858347670@lid","msgId":"3EB076E31708B101729FF4","status":4,"statusText":"PLAYED","kind":null,"fileName":null,"msg":"Estado mensaje saliente"}
{"level":30,"time":1772135224884,"pid":14820,"hostname":"DESKTOP-BV1E0F4","jid":"230193201451057:25@lid","msgId":"3EB0066273FA9C4B116F4A","status":3,"statusText":"READ","kind":null,"fileName":null,"msg":"Estado mensaje saliente"}
{"level":30,"time":1772135224885,"pid":14820,"hostname":"DESKTOP-BV1E0F4","jid":"150830879604736:1@lid","msgId":"3EB03C6CCA39C0FAC5E44C","status":3,"statusText":"READ","kind":null,"fileName":null,"msg":"Estado mensaje saliente"}
{"level":30,"time":1772135224885,"pid":14820,"hostname":"DESKTOP-BV1E0F4","jid":"150830879604736:1@lid","msgId":"3EB0BC241BD360FC3DD1C6","status":3,"statusText":"READ","kind":null,"fileName":null,"msg":"Estado mensaje saliente"}
{"level":30,"time":1772135224885,"pid":14820,"hostname":"DESKTOP-BV1E0F4","jid":"49460876996659:54@lid","msgId":"3EB0397C25F4927F518EBA","status":3,"statusText":"READ","kind":null,"fileName":null,"msg":"Estado mensaje saliente"}
{"level":30,"time":1772135224885,"pid":14820,"hostname":"DESKTOP-BV1E0F4","jid":"49460876996659:54@lid","msgId":"3EB0B4B23794BC4863A1C5","status":3,"statusText":"READ","kind":null,"fileName":null,"msg":"Estado mensaje saliente"}
{"level":30,"time":1772136116298,"pid":14820,"hostname":"DESKTOP-BV1E0F4","jid":"235862591819910:92@lid","msgId":"3EB0A7720B30A8B540B72E","status":3,"statusText":"READ","kind":null,"fileName":null,"msg":"Estado mensaje saliente"}
{"level":30,"time":1772136117173,"pid":14820,"hostname":"DESKTOP-BV1E0F4","jid":"235862591819910@lid","msgId":"3EB0A7720B30A8B540B72E","status":3,"statusText":"READ","kind":null,"fileName":null,"msg":"Estado mensaje saliente"}
{"level":30,"time":1772136287043,"pid":14820,"hostname":"DESKTOP-BV1E0F4","jid":"235862591819910:92@lid","msgId":"3EB0E5BAAFE25727F5F3EF","status":3,"statusText":"READ","kind":null,"fileName":null,"msg":"Estado mensaje saliente"}
{"level":30,"time":1772136287079,"pid":14820,"hostname":"DESKTOP-BV1E0F4","jid":"235862591819910@lid","msgId":"3EB0E5BAAFE25727F5F3EF","status":3,"statusText":"READ","kind":null,"fileName":null,"msg":"Estado mensaje saliente"}
{"level":30,"time":1772136913982,"pid":14820,"hostname":"DESKTOP-BV1E0F4","jid":"26543032131832@lid","msgId":"3EB000AF40AE3499BED521","status":3,"statusText":"READ","kind":null,"fileName":null,"msg":"Estado mensaje saliente"}
{"level":30,"time":1772137413769,"pid":14820,"hostname":"DESKTOP-BV1E0F4","method":"POST","url":"/send-message","msg":"Incoming WhatsApp send-message request"}
{"level":30,"time":1772137415588,"pid":14820,"hostname":"DESKTOP-BV1E0F4","jid":"51983249430@s.whatsapp.net","text":"Tus clientes necesitan encontrarte de manera digital efectiva. Si no estás presente con una imagen profesional y estratégica, estás perdiendo oportunidades.  Una PÁGINA WEB bien diseñada no solo informa sobre tus servicios: convierte visitantes en CLIENTES, atrae más personas interesadas y reduce los gastos en publicidad tradicional al trabajar para ti 24/7.  Además, si tienes comercio electrónico, el Libro de Reclamaciones Virtual es obligatorio en Perú según Indecopi. Implementarlo en tu web transmite transparencia, genera confianza y te protege legalmente. Integrarlo demuestra profesionalismo y un compromiso real con tus clientes.  En Via Comunicativa REESTRUCTURAMOS, REDISEÑAMOS Y ACTUALIZAMOS tu web, e INSTALAMOS tu Libro de Reclamaciones Virtual para que cumplas la normativa y potencies tu presencia digital.  📞 CONTACTO: 936 613 758 🌐 www.viacomunicativa.com","hasFile":true,"fileName":"5.png","msg":"Intentando enviar mensaje"}
{"level":30,"time":1772137415591,"pid":14820,"hostname":"DESKTOP-BV1E0F4","jid":"51983249430@s.whatsapp.net","fileName":"5.png","fileMime":"image/png","rawMime":"image/png","size":2412482,"msg":"Enviando archivo"}
Closing session: SessionEntry {
  _chains: {
    'Bciodg5QloFLdU8OQ+T0iMfepvAhlojZCpPGu+LgIZ4p': { chainKey: [Object], chainType: 2, messageKeys: {} },
    'BV0fxmFpvItHZ+Zg/CQHFtugYimQCdkOecZ93I2wNfhk': { chainKey: [Object], chainType: 1, messageKeys: {} }
  },
  registrationId: 1943794307,
  currentRatchet: {
    ephemeralKeyPair: {
      pubKey: <Buffer 05 5d 1f c6 61 69 bc 8b 47 67 e6 60 fc 24 07 16 db a0 62 29 90 09 d9 0e 79 c6 7d dc 8d b0 35 f8 64>,
      privKey: <Buffer 20 30 af 8b 7c e0 b7 5b 91 09 87 a8 e8 7b 74 23 7e 36 25 a6 f0 7e ed 5c ff 1d 66 24 9d 32 b9 76>
    },
    lastRemoteEphemeralKey: <Buffer 05 c8 a8 76 0e 50 96 81 4b 75 4f 0e 43 e4 f4 88 c7 de a6 f0 21 96 88 d9 0a 93 c6 bb e2 e0 21 9e 29>,
    previousCounter: 1,
    rootKey: <Buffer fa aa a4 4d df fa 1a a6 e7 13 92 70 69 0d 2e d4 96 95 c4 6a dc 2c 43 9a 72 f3 69 89 79 ad 73 bb>
  },
  indexInfo: {
    baseKey: <Buffer 05 67 7e 63 9d 3d cf a8 26 eb 3b 32 84 a0 6b dd c4 35 da 4d 81 8d 57 4b 4c b2 72 9c 95 c9 57 8f 28>,
    baseKeyType: 1,
    closed: -1,
    used: 1772135212416,
    created: 1771966313225,
    remoteIdentityKey: <Buffer 05 35 4e 5f 19 00 40 3c 97 2f f1 c7 2f a2 db 93 4b 8a ef 16 31 0f bf 0f 23 64 31 a1 5b df ec de 6b>
  }
}
{"level":30,"time":1772137419216,"pid":14820,"hostname":"DESKTOP-BV1E0F4","jid":"51983249430@s.whatsapp.net","msgId":"3EB0522713D8F2AC02EE52","status":2,"statusText":"DELIVERY_ACK","kind":"image","fileName":"5.png","msg":"Estado mensaje saliente"}
{"level":30,"time":1772137419216,"pid":14820,"hostname":"DESKTOP-BV1E0F4","jid":"51983249430@s.whatsapp.net","msgId":"3EB0522713D8F2AC02EE52","msg":"Imagen enviada y entregada"}
{"level":30,"time":1772137420737,"pid":14820,"hostname":"DESKTOP-BV1E0F4","jid":"109465898590241@lid","msgId":"3EB0522713D8F2AC02EE52","status":3,"statusText":"READ","kind":"image","fileName":"5.png","msg":"Estado mensaje saliente"}
{"level":30,"time":1772137466087,"pid":14820,"hostname":"DESKTOP-BV1E0F4","jid":"109465898590241@lid","msgId":"3EB02E289DF54D758DA790","status":3,"statusText":"READ","kind":null,"fileName":null,"msg":"Estado mensaje saliente"}
{"level":30,"time":1772137470276,"pid":14820,"hostname":"DESKTOP-BV1E0F4","jid":"109465898590241@lid","msgId":"3EB05BDCFEA88D26BA27BC","status":3,"statusText":"READ","kind":null,"fileName":null,"msg":"Estado mensaje saliente"}
{"level":30,"time":1772137483861,"pid":14820,"hostname":"DESKTOP-BV1E0F4","jid":"109465898590241@lid","msgId":"3EB0A7FD90E87A6E2D573D","status":3,"statusText":"READ","kind":null,"fileName":null,"msg":"Estado mensaje saliente"}
{"level":30,"time":1772137495892,"pid":14820,"hostname":"DESKTOP-BV1E0F4","jid":"109465898590241@lid","msgId":"3EB0B4B525FC7251F8044C","status":3,"statusText":"READ","kind":null,"fileName":null,"msg":"Estado mensaje saliente"}
{"level":30,"time":1772137527944,"pid":14820,"hostname":"DESKTOP-BV1E0F4","jid":"109465898590241@lid","msgId":"3EB0522713D8F2AC02EE52","status":2,"statusText":"DELIVERY_ACK","kind":null,"fileName":null,"msg":"Estado mensaje saliente"}
{"level":30,"time":1772140139471,"pid":14820,"hostname":"DESKTOP-BV1E0F4","jid":"51983249430:1@s.whatsapp.net","msgId":"3EB0522713D8F2AC02EE52","status":3,"statusText":"READ","kind":null,"fileName":null,"msg":"Estado mensaje saliente"}
{"level":30,"time":1772140139487,"pid":14820,"hostname":"DESKTOP-BV1E0F4","jid":"109465898590241:1@lid","msgId":"3EB02E289DF54D758DA790","status":3,"statusText":"READ","kind":null,"fileName":null,"msg":"Estado mensaje saliente"}
{"level":30,"time":1772140139487,"pid":14820,"hostname":"DESKTOP-BV1E0F4","jid":"109465898590241:1@lid","msgId":"3EB05BDCFEA88D26BA27BC","status":3,"statusText":"READ","kind":null,"fileName":null,"msg":"Estado mensaje saliente"}
{"level":30,"time":1772140139487,"pid":14820,"hostname":"DESKTOP-BV1E0F4","jid":"109465898590241:1@lid","msgId":"3EB0A7FD90E87A6E2D573D","status":3,"statusText":"READ","kind":null,"fileName":null,"msg":"Estado mensaje saliente"}
{"level":30,"time":1772140139487,"pid":14820,"hostname":"DESKTOP-BV1E0F4","jid":"109465898590241:1@lid","msgId":"3EB0B4B525FC7251F8044C","status":3,"statusText":"READ","kind":null,"fileName":null,"msg":"Estado mensaje saliente"}
{"level":30,"time":1772140606675,"pid":14820,"hostname":"DESKTOP-BV1E0F4","jid":"109465898590241:1@lid","msgId":"3EB0E2E05854F033076D46","status":3,"statusText":"READ","kind":null,"fileName":null,"msg":"Estado mensaje saliente"}
{"level":30,"time":1772140608958,"pid":14820,"hostname":"DESKTOP-BV1E0F4","jid":"109465898590241@lid","msgId":"3EB0E2E05854F033076D46","status":3,"statusText":"READ","kind":null,"fileName":null,"msg":"Estado mensaje saliente"}
{"level":30,"time":1772141247937,"pid":14820,"hostname":"DESKTOP-BV1E0F4","jid":"50392968724544@lid","msgId":"3EB000DF4282051F7D8961","status":3,"statusText":"READ","kind":null,"fileName":null,"msg":"Estado mensaje saliente"}
{"level":30,"time":1772141801164,"pid":14820,"hostname":"DESKTOP-BV1E0F4","method":"POST","url":"/send-message","msg":"Incoming WhatsApp send-message request"}
{"level":30,"time":1772141803137,"pid":14820,"hostname":"DESKTOP-BV1E0F4","jid":"51937323200@s.whatsapp.net","text":"Tus clientes necesitan encontrarte de manera digital efectiva. Si no estás presente con una imagen profesional y estratégica, estás perdiendo oportunidades.  Una PÁGINA WEB bien diseñada no solo informa sobre tus servicios: convierte visitantes en CLIENTES, atrae más personas interesadas y reduce los gastos en publicidad tradicional al trabajar para ti 24/7.  Además, si tienes comercio electrónico, el Libro de Reclamaciones Virtual es obligatorio en Perú según Indecopi. Implementarlo en tu web transmite transparencia, genera confianza y te protege legalmente. Integrarlo demuestra profesionalismo y un compromiso real con tus clientes.  En Via Comunicativa REESTRUCTURAMOS, REDISEÑAMOS Y ACTUALIZAMOS tu web, e INSTALAMOS tu Libro de Reclamaciones Virtual para que cumplas la normativa y potencies tu presencia digital.  📞 CONTACTO: 936 613 758 🌐 www.viacomunicativa.com","hasFile":true,"fileName":"5.png","msg":"Intentando enviar mensaje"}
{"level":30,"time":1772141803141,"pid":14820,"hostname":"DESKTOP-BV1E0F4","jid":"51937323200@s.whatsapp.net","fileName":"5.png","fileMime":"image/png","rawMime":"image/png","size":2412482,"msg":"Enviando archivo"}
Closing session: SessionEntry {
  _chains: {
    'BWOFyqlNyObEZnlxWL7xvcU3P3D/sH9LmBovz/8ZqCZQ': { chainKey: [Object], chainType: 1, messageKeys: {} }
  },
  registrationId: 1943794307,
  currentRatchet: {
    ephemeralKeyPair: {
      pubKey: <Buffer 05 63 85 ca a9 4d c8 e6 c4 66 79 71 58 be f1 bd c5 37 3f 70 ff b0 7f 4b 98 1a 2f cf ff 19 a8 26 50>,
      privKey: <Buffer 70 29 6b 95 c0 0c 1a 46 c2 b8 03 db 76 06 ec 89 d5 80 01 e6 38 5b ba 48 06 d9 6d 9a 42 38 e5 47>
    },
    lastRemoteEphemeralKey: <Buffer 05 07 1c 32 77 f6 fc c1 71 2d f8 73 6a fb 2e 99 a2 24 db 6d 7c 2d a4 28 70 78 cc 8f 2b 00 ed 82 27>,
    previousCounter: 0,
    rootKey: <Buffer 47 77 30 0f 5c b6 f9 f7 a2 33 0d 14 0a fc 91 34 db 2c 31 1d 8d fa 0d 7c f4 45 62 d1 e3 00 39 e0>
  },
  indexInfo: {
    baseKey: <Buffer 05 bd f3 4d 88 f4 18 9b 2e e7 ed 8c 62 bb 83 b7 0c e3 54 33 14 90 77 c9 83 e8 55 53 f0 76 bd 3c 12>,
    baseKeyType: 1,
    closed: -1,
    used: 1772137418633,
    created: 1772137418633,
    remoteIdentityKey: <Buffer 05 35 4e 5f 19 00 40 3c 97 2f f1 c7 2f a2 db 93 4b 8a ef 16 31 0f bf 0f 23 64 31 a1 5b df ec de 6b>
  },
  pendingPreKey: {
    signedKeyId: 10075884,
    baseKey: <Buffer 05 bd f3 4d 88 f4 18 9b 2e e7 ed 8c 62 bb 83 b7 0c e3 54 33 14 90 77 c9 83 e8 55 53 f0 76 bd 3c 12>,
    preKeyId: 13985002
  }
}
{"level":30,"time":1772141807854,"pid":14820,"hostname":"DESKTOP-BV1E0F4","jid":"89515825877227@lid","msgId":"3EB081A16B6F0C029F9078","status":3,"statusText":"READ","kind":"image","fileName":"5.png","msg":"Estado mensaje saliente"}
{"level":30,"time":1772141807854,"pid":14820,"hostname":"DESKTOP-BV1E0F4","jid":"51937323200@s.whatsapp.net","msgId":"3EB081A16B6F0C029F9078","msg":"Imagen enviada y entregada"}
{"level":30,"time":1772141808026,"pid":14820,"hostname":"DESKTOP-BV1E0F4","jid":"51937323200:33@s.whatsapp.net","msgId":"3EB081A16B6F0C029F9078","status":3,"statusText":"READ","kind":null,"fileName":null,"msg":"Estado mensaje saliente"}
{"level":30,"time":1772141809875,"pid":14820,"hostname":"DESKTOP-BV1E0F4","jid":"89515825877227@lid","msgId":"3EB081A16B6F0C029F9078","status":2,"statusText":"DELIVERY_ACK","kind":null,"fileName":null,"msg":"Estado mensaje saliente"}
{"level":30,"time":1772141825535,"pid":14820,"hostname":"DESKTOP-BV1E0F4","jid":"51934379840@s.whatsapp.net","msgId":"3EB081A16B6F0C029F9078","status":2,"statusText":"DELIVERY_ACK","kind":null,"fileName":null,"msg":"Estado mensaje saliente"}
{"level":30,"time":1772141844873,"pid":14820,"hostname":"DESKTOP-BV1E0F4","jid":"89515825877227:33@lid","msgId":"3EB01207D58A122207690A","status":3,"statusText":"READ","kind":null,"fileName":null,"msg":"Estado mensaje saliente"}
{"level":30,"time":1772141844963,"pid":14820,"hostname":"DESKTOP-BV1E0F4","jid":"89515825877227@lid","msgId":"3EB01207D58A122207690A","status":3,"statusText":"READ","kind":null,"fileName":null,"msg":"Estado mensaje saliente"}
{"level":30,"time":1772141848996,"pid":14820,"hostname":"DESKTOP-BV1E0F4","jid":"89515825877227:33@lid","msgId":"3EB0981438AE91656CDBB2","status":3,"statusText":"READ","kind":null,"fileName":null,"msg":"Estado mensaje saliente"}
{"level":30,"time":1772141849000,"pid":14820,"hostname":"DESKTOP-BV1E0F4","jid":"89515825877227@lid","msgId":"3EB0981438AE91656CDBB2","status":3,"statusText":"READ","kind":null,"fileName":null,"msg":"Estado mensaje saliente"}
{"level":30,"time":1772141855160,"pid":14820,"hostname":"DESKTOP-BV1E0F4","jid":"89515825877227:33@lid","msgId":"3EB0BFBDAE2072221D229D","status":3,"statusText":"READ","kind":null,"fileName":null,"msg":"Estado mensaje saliente"}
{"level":30,"time":1772141855220,"pid":14820,"hostname":"DESKTOP-BV1E0F4","jid":"89515825877227@lid","msgId":"3EB0BFBDAE2072221D229D","status":3,"statusText":"READ","kind":null,"fileName":null,"msg":"Estado mensaje saliente"}
{"level":30,"time":1772142514828,"pid":14820,"hostname":"DESKTOP-BV1E0F4","jid":"89515825877227@lid","msgId":"3EB081A16B6F0C029F9078","status":4,"statusText":"PLAYED","kind":null,"fileName":null,"msg":"Estado mensaje saliente"}
{"level":30,"time":1772142514835,"pid":14820,"hostname":"DESKTOP-BV1E0F4","jid":"89515825877227@lid","msgId":"3EB01207D58A122207690A","status":4,"statusText":"PLAYED","kind":null,"fileName":null,"msg":"Estado mensaje saliente"}
{"level":30,"time":1772142514835,"pid":14820,"hostname":"DESKTOP-BV1E0F4","jid":"89515825877227@lid","msgId":"3EB0981438AE91656CDBB2","status":4,"statusText":"PLAYED","kind":null,"fileName":null,"msg":"Estado mensaje saliente"}
{"level":30,"time":1772142514835,"pid":14820,"hostname":"DESKTOP-BV1E0F4","jid":"89515825877227@lid","msgId":"3EB0BFBDAE2072221D229D","status":4,"statusText":"PLAYED","kind":null,"fileName":null,"msg":"Estado mensaje saliente"}

> kenia-call-bridge-skeleton@0.1.0 start:whatsapp
> npm --prefix whatsapp-backend run start


> kenia-whatsapp-backend@0.1.0 start
> node src/server.js

{"level":30,"time":1772199874698,"pid":19620,"hostname":"DESKTOP-BV1E0F4","msg":"WhatsApp backend escuchando en http://0.0.0.0:3010"}
{"level":30,"time":1772199877395,"pid":19620,"hostname":"DESKTOP-BV1E0F4","user":"51934379840:16@s.whatsapp.net","name":"Via Comunicativa","msg":"WhatsApp vinculado"}
Closing session: SessionEntry {
  _chains: {
    BapsCtokUOayVGcpLlUZSOnch29iJ6OgsHru3jgar2Y1: { chainKey: [Object], chainType: 2, messageKeys: {} },
    'BSgNdhmTkuvpwhwOWV42nCmhjZCtQ6WQlFV0c61A5/R3': { chainKey: [Object], chainType: 1, messageKeys: {} }
  },
  registrationId: 1742205466,
  currentRatchet: {
    ephemeralKeyPair: {
      pubKey: <Buffer 05 28 0d 76 19 93 92 eb e9 c2 1c 0e 59 5e 36 9c 29 a1 8d 90 ad 43 a5 90 94 55 74 73 ad 40 e7 f4 77>,
      privKey: <Buffer 18 bb cd e5 b1 a8 f9 7f 40 da 6c cd c1 d4 21 8a ff c6 b7 03 70 cf d6 45 d5 d4 9a d5 4c 9d 70 7c>
    },
    lastRemoteEphemeralKey: <Buffer 05 aa 6c 0a da 24 50 e6 b2 54 67 29 2e 55 19 48 e9 dc 87 6f 62 27 a3 a0 b0 7a ee de 38 1a af 66 35>,
    previousCounter: 0,
    rootKey: <Buffer 2d f8 87 d7 00 2d 73 1d 17 1a cd a3 36 2c 7b c9 65 d3 09 5d 48 d7 26 35 a0 aa 7f 16 25 15 90 c6>
  },
  indexInfo: {
    baseKey: <Buffer 05 51 ce 62 28 a9 0b 96 d4 2c 12 b4 d3 49 90 83 58 16 a0 5c 40 6f 8d 99 72 01 d5 89 76 9a 59 be 4e>,
    baseKeyType: 2,
    closed: -1,
    used: 1771977956880,
    created: 1771977956880,
    remoteIdentityKey: <Buffer 05 bd 1b 69 bd f5 09 6a c0 b4 34 ec 62 32 e7 37 3d 27 f1 e3 84 4f c8 6e 8a f8 43 00 6b 34 01 73 56>
  }
}
Closing open session in favor of incoming prekey bundle
Closing session: SessionEntry {
  _chains: {
    'BZdassQrrg6+HIR0PeFl2TO98eh1hWs35VLXRjQKPPoS': { chainKey: [Object], chainType: 1, messageKeys: {} }
  },
  registrationId: 1082867697,
  currentRatchet: {
    ephemeralKeyPair: {
      pubKey: <Buffer 05 97 5a b2 c4 2b ae 0e be 1c 84 74 3d e1 65 d9 33 bd f1 e8 75 85 6b 37 e5 52 d7 46 34 0a 3c fa 12>,
      privKey: <Buffer c0 6b c6 08 c1 79 dd 03 d2 79 ff 41 a0 9b d3 12 5e c9 f0 77 c3 40 a6 a6 e8 56 f5 28 a5 75 1a 53>
    },
    lastRemoteEphemeralKey: <Buffer 05 1c 28 7e 2e 66 3d c1 9f 65 93 8e df f4 d4 12 60 e5 13 12 18 04 9e 4f 8d 35 ed 95 e2 f9 0a c5 38>,
    previousCounter: 0,
    rootKey: <Buffer 54 86 51 f3 f4 a1 de 12 82 41 54 f1 18 4d c6 b2 39 8d 36 5c 4d 4e f2 43 1b c6 bf 6a 2b e4 2b 5e>
  },
  indexInfo: {
    baseKey: <Buffer 05 88 23 90 12 db 7d 81 09 49 e5 b1 03 c3 3a 3f b4 5e ae 66 38 8c 79 0f 93 ad 03 16 52 39 85 3f 26>,
    baseKeyType: 1,
    closed: -1,
    used: 1772199877985,
    created: 1772199877985,
    remoteIdentityKey: <Buffer 05 44 df 3e c1 e6 8f e8 61 6f 61 79 e9 e5 a4 b1 e0 ad c0 6c 79 a2 d0 27 bb 98 f7 1f ea d3 36 ca 78>
  },
  pendingPreKey: {
    signedKeyId: 7576763,
    baseKey: <Buffer 05 88 23 90 12 db 7d 81 09 49 e5 b1 03 c3 3a 3f b4 5e ae 66 38 8c 79 0f 93 ad 03 16 52 39 85 3f 26>,
    preKeyId: 13331126
  }
}
{"level":30,"time":1772199880733,"pid":19620,"hostname":"DESKTOP-BV1E0F4","jid":"95331211571449:1@lid","msgId":"3EB08518743C6178213029","status":3,"statusText":"READ","kind":null,"fileName":null,"msg":"Estado mensaje saliente"}
{"level":30,"time":1772199880733,"pid":19620,"hostname":"DESKTOP-BV1E0F4","jid":"95331211571449:1@lid","msgId":"3EB0DC36793B281466A9C3","status":3,"statusText":"READ","kind":null,"fileName":null,"msg":"Estado mensaje saliente"}
{"level":30,"time":1772200145371,"pid":19620,"hostname":"DESKTOP-BV1E0F4","jid":"30365536248000@lid","msgId":"3EB0C626E53C058F604195","status":4,"statusText":"PLAYED","kind":null,"fileName":null,"msg":"Estado mensaje saliente"}
{"level":30,"time":1772200145373,"pid":19620,"hostname":"DESKTOP-BV1E0F4","jid":"30365536248000@lid","msgId":"3EB0C98334132CCA27C465","status":4,"statusText":"PLAYED","kind":null,"fileName":null,"msg":"Estado mensaje saliente"}

> kenia-call-bridge-skeleton@0.1.0 start:whatsapp
> npm --prefix whatsapp-backend run start


> kenia-whatsapp-backend@0.1.0 start
> node src/server.js

{"level":30,"time":1772201160436,"pid":5132,"hostname":"DESKTOP-BV1E0F4","msg":"WhatsApp backend escuchando en http://0.0.0.0:3010"}
{"level":30,"time":1772201162455,"pid":5132,"hostname":"DESKTOP-BV1E0F4","user":"51934379840:16@s.whatsapp.net","name":"Via Comunicativa","msg":"WhatsApp vinculado"}

> kenia-call-bridge-skeleton@0.1.0 start:whatsapp
> npm --prefix whatsapp-backend run start


> kenia-whatsapp-backend@0.1.0 start
> node src/server.js

{"level":30,"time":1772202805857,"pid":17468,"hostname":"DESKTOP-BV1E0F4","msg":"WhatsApp backend escuchando en http://0.0.0.0:3010"}
{"level":30,"time":1772202809802,"pid":17468,"hostname":"DESKTOP-BV1E0F4","user":"51934379840:16@s.whatsapp.net","name":"Via Comunicativa","msg":"WhatsApp vinculado"}
{"level":30,"time":1772205348284,"pid":17468,"hostname":"DESKTOP-BV1E0F4","jid":"136322396201052@lid","msgId":"3EB01FF527BAD98F2F14C8","status":3,"statusText":"READ","kind":null,"fileName":null,"msg":"Estado mensaje saliente"}
{"level":30,"time":1772205970503,"pid":17468,"hostname":"DESKTOP-BV1E0F4","jid":"137469202837591@lid","msgId":"3EB00CD89FE79600BB3EBB","status":3,"statusText":"READ","kind":null,"fileName":null,"msg":"Estado mensaje saliente"}
{"level":30,"time":1772205975275,"pid":17468,"hostname":"DESKTOP-BV1E0F4","jid":"137469202837591@lid","msgId":"3EB04A0CF704B434B9D642","status":3,"statusText":"READ","kind":null,"fileName":null,"msg":"Estado mensaje saliente"}
{"level":30,"time":1772205978672,"pid":17468,"hostname":"DESKTOP-BV1E0F4","jid":"137469202837591@lid","msgId":"3EB0C3CC83DA9AFEE634D7","status":3,"statusText":"READ","kind":null,"fileName":null,"msg":"Estado mensaje saliente"}
{"level":30,"time":1772206036871,"pid":17468,"hostname":"DESKTOP-BV1E0F4","jid":"137469202837591@lid","msgId":"3EB00CD89FE79600BB3EBB","status":3,"statusText":"READ","kind":null,"fileName":null,"msg":"Estado mensaje saliente"}
{"level":30,"time":1772206036871,"pid":17468,"hostname":"DESKTOP-BV1E0F4","jid":"137469202837591@lid","msgId":"3EB04A0CF704B434B9D642","status":3,"statusText":"READ","kind":null,"fileName":null,"msg":"Estado mensaje saliente"}
{"level":30,"time":1772206036871,"pid":17468,"hostname":"DESKTOP-BV1E0F4","jid":"137469202837591@lid","msgId":"3EB0C3CC83DA9AFEE634D7","status":3,"statusText":"READ","kind":null,"fileName":null,"msg":"Estado mensaje saliente"}
{"level":30,"time":1772206208834,"pid":17468,"hostname":"DESKTOP-BV1E0F4","jid":"214035836485763@lid","msgId":"3EB02275C08A3F2E678A75","status":3,"statusText":"READ","kind":null,"fileName":null,"msg":"Estado mensaje saliente"}
{"level":30,"time":1772206208877,"pid":17468,"hostname":"DESKTOP-BV1E0F4","jid":"214035836485763:81@lid","msgId":"3EB02275C08A3F2E678A75","status":3,"statusText":"READ","kind":null,"fileName":null,"msg":"Estado mensaje saliente"}
{"level":30,"time":1772207736743,"pid":17468,"hostname":"DESKTOP-BV1E0F4","jid":"137469202837591:76@lid","msgId":"3EB00CD89FE79600BB3EBB","status":3,"statusText":"READ","kind":null,"fileName":null,"msg":"Estado mensaje saliente"}
{"level":30,"time":1772207736749,"pid":17468,"hostname":"DESKTOP-BV1E0F4","jid":"137469202837591:76@lid","msgId":"3EB04A0CF704B434B9D642","status":3,"statusText":"READ","kind":null,"fileName":null,"msg":"Estado mensaje saliente"}
{"level":30,"time":1772207736750,"pid":17468,"hostname":"DESKTOP-BV1E0F4","jid":"137469202837591:76@lid","msgId":"3EB0C3CC83DA9AFEE634D7","status":3,"statusText":"READ","kind":null,"fileName":null,"msg":"Estado mensaje saliente"}

> kenia-call-bridge-skeleton@0.1.0 start:whatsapp
> npm --prefix whatsapp-backend run start


> kenia-whatsapp-backend@0.1.0 start
> node src/server.js

{"level":30,"time":1772210611574,"pid":19452,"hostname":"DESKTOP-BV1E0F4","msg":"WhatsApp backend escuchando en http://0.0.0.0:3010"}
{"level":30,"time":1772210612823,"pid":19452,"hostname":"DESKTOP-BV1E0F4","user":"51934379840:16@s.whatsapp.net","name":"Via Comunicativa","msg":"WhatsApp vinculado"}
{"level":30,"time":1772211379763,"pid":19452,"hostname":"DESKTOP-BV1E0F4","jid":"69604424572973:88@lid","msgId":"3EB0FE6278D3BA776FB5C8","status":3,"statusText":"READ","kind":null,"fileName":null,"msg":"Estado mensaje saliente"}
{"level":30,"time":1772213568276,"pid":19452,"hostname":"DESKTOP-BV1E0F4","jid":"39608490401968:22@lid","msgId":"3EB01DAE33EE3F5CD4E08D","status":3,"statusText":"READ","kind":null,"fileName":null,"msg":"Estado mensaje saliente"}
{"level":30,"time":1772213568291,"pid":19452,"hostname":"DESKTOP-BV1E0F4","jid":"39608490401968:22@lid","msgId":"3EB06EB85A81EC774E3798","status":3,"statusText":"READ","kind":null,"fileName":null,"msg":"Estado mensaje saliente"}

> kenia-call-bridge-skeleton@0.1.0 start:whatsapp
> npm --prefix whatsapp-backend run start


> kenia-whatsapp-backend@0.1.0 start
> node src/server.js

{"level":30,"time":1772225570026,"pid":3344,"hostname":"DESKTOP-BV1E0F4","msg":"WhatsApp backend escuchando en http://0.0.0.0:3010"}
{"level":30,"time":1772225571505,"pid":3344,"hostname":"DESKTOP-BV1E0F4","user":"51934379840:16@s.whatsapp.net","name":"Via Comunicativa","msg":"WhatsApp vinculado"}
Closing open session in favor of incoming prekey bundle
Closing session: SessionEntry {
  _chains: {
    'BfvE5Vk8MSKpuitEBlFeiYacMYlPB1XVGcndona4k79+': { chainKey: [Object], chainType: 1, messageKeys: {} }
  },
  registrationId: 1071930553,
  currentRatchet: {
    ephemeralKeyPair: {
      pubKey: <Buffer 05 fb c4 e5 59 3c 31 22 a9 ba 2b 44 06 51 5e 89 86 9c 31 89 4f 07 55 d5 19 c9 dd a2 76 b8 93 bf 7e>,
      privKey: <Buffer 78 c0 a4 01 39 3f 94 65 ae 00 4a 86 3f 00 44 75 d4 d0 cc 50 27 7d ad 79 83 dc 2a 19 12 53 b5 65>
    },
    lastRemoteEphemeralKey: <Buffer 05 fc b8 1c 52 dd d3 7a b6 71 44 fd 4a 73 08 1f 06 a7 e0 b2 20 91 d3 c0 ad cf b9 09 bc dd 21 0b 45>,
    previousCounter: 0,
    rootKey: <Buffer e1 da 05 91 22 fc ab 58 cb d0 8a af 3c f1 89 84 c1 c9 8c b9 24 86 bd 4a 79 1d d2 b9 9e c6 b7 54>
  },
  indexInfo: {
    baseKey: <Buffer 05 24 20 60 88 d4 2a 75 d3 5b d3 ae df 5f 46 7b 2b 2b ad f6 f7 4f 09 09 29 94 2d 88 2b 88 b9 ff 58>,
    baseKeyType: 1,
    closed: -1,
    used: 1772199877405,
    created: 1772199877405,
    remoteIdentityKey: <Buffer 05 22 00 fc 73 50 b1 4c 49 af 13 a0 e8 66 9e ae 26 7c f2 d1 a0 5c c4 16 f5 b6 a4 ec 6e 66 53 d0 6c>
  },
  pendingPreKey: {
    signedKeyId: 13147637,
    baseKey: <Buffer 05 24 20 60 88 d4 2a 75 d3 5b d3 ae df 5f 46 7b 2b 2b ad f6 f7 4f 09 09 29 94 2d 88 2b 88 b9 ff 58>,
    preKeyId: 14125192
  }
}
{"level":30,"time":1772225591578,"pid":3344,"hostname":"DESKTOP-BV1E0F4","jid":"173198918316092:74@lid","msgId":"3EB08C6E665F52F7637FEB","status":3,"statusText":"READ","kind":null,"fileName":null,"msg":"Estado mensaje saliente"}
{"level":30,"time":1772225591579,"pid":3344,"hostname":"DESKTOP-BV1E0F4","jid":"173198918316092:74@lid","msgId":"3EB07BD44F45A32552E9F2","status":3,"statusText":"READ","kind":null,"fileName":null,"msg":"Estado mensaje saliente"}
{"level":30,"time":1772225806704,"pid":3344,"hostname":"DESKTOP-BV1E0F4","method":"POST","url":"/send-message","msg":"Incoming WhatsApp send-message request"}
{"level":30,"time":1772225807206,"pid":3344,"hostname":"DESKTOP-BV1E0F4","jid":"51969952946@s.whatsapp.net","text":"Tus clientes necesitan encontrarte de manera digital efectiva. Si no estás presente con una imagen profesional y estratégica, estás perdiendo oportunidades.  Una PÁGINA WEB bien diseñada no solo informa sobre tus servicios: convierte visitantes en CLIENTES, atrae más personas interesadas y reduce los gastos en publicidad tradicional al trabajar para ti 24/7.  Además, si tienes comercio electrónico, el Libro de Reclamaciones Virtual es obligatorio en Perú según Indecopi. Implementarlo en tu web transmite transparencia, genera confianza y te protege legalmente. Integrarlo demuestra profesionalismo y un compromiso real con tus clientes.  En Via Comunicativa REESTRUCTURAMOS, REDISEÑAMOS Y ACTUALIZAMOS tu web, e INSTALAMOS tu Libro de Reclamaciones Virtual para que cumplas la normativa y potencies tu presencia digital.  📞 CONTACTO: 936 613 758 🌐 www.viacomunicativa.com","hasFile":true,"fileName":"pagina.jpg","msg":"Intentando enviar mensaje"}
{"level":30,"time":1772225807206,"pid":3344,"hostname":"DESKTOP-BV1E0F4","jid":"51969952946@s.whatsapp.net","fileName":"pagina.jpg","fileMime":"image/jpeg","rawMime":"image/jpeg","size":194532,"msg":"Enviando archivo"}
Closing session: SessionEntry {
  _chains: {
    'BTf+K7WJqdP0mwEu5R4jhC0E7WeVK4sl2p0thUY0mkpJ': { chainKey: [Object], chainType: 1, messageKeys: {} }
  },
  registrationId: 1943794307,
  currentRatchet: {
    ephemeralKeyPair: {
      pubKey: <Buffer 05 37 fe 2b b5 89 a9 d3 f4 9b 01 2e e5 1e 23 84 2d 04 ed 67 95 2b 8b 25 da 9d 2d 85 46 34 9a 4a 49>,
      privKey: <Buffer 78 50 d7 58 87 04 4f 06 e4 2b e4 da 43 58 cc 68 df 3b be e9 20 a1 e2 8e ff 69 c2 00 5d 97 c6 58>
    },
    lastRemoteEphemeralKey: <Buffer 05 07 1c 32 77 f6 fc c1 71 2d f8 73 6a fb 2e 99 a2 24 db 6d 7c 2d a4 28 70 78 cc 8f 2b 00 ed 82 27>,
    previousCounter: 0,
    rootKey: <Buffer 06 93 8a a9 e5 63 fe 67 79 3e d6 c3 e8 9a 15 ef ee 64 38 12 4e 25 9e 17 62 a3 91 97 cc 6d ba 33>
  },
  indexInfo: {
    baseKey: <Buffer 05 85 af 85 c3 cb 05 6e 92 a6 39 c4 cf e3 d4 c3 70 5c b0 db 90 0d 12 b7 91 a7 01 ba 2b 99 70 31 4b>,
    baseKeyType: 1,
    closed: -1,
    used: 1772141806301,
    created: 1772141806301,
    remoteIdentityKey: <Buffer 05 35 4e 5f 19 00 40 3c 97 2f f1 c7 2f a2 db 93 4b 8a ef 16 31 0f bf 0f 23 64 31 a1 5b df ec de 6b>
  },
  pendingPreKey: {
    signedKeyId: 10075884,
    baseKey: <Buffer 05 85 af 85 c3 cb 05 6e 92 a6 39 c4 cf e3 d4 c3 70 5c b0 db 90 0d 12 b7 91 a7 01 ba 2b 99 70 31 4b>,
    preKeyId: 13985659
  }
}
{"level":30,"time":1772225810419,"pid":3344,"hostname":"DESKTOP-BV1E0F4","jid":"203980982501552@lid","msgId":"3EB02B10E9A3A2A96CB668","status":2,"statusText":"DELIVERY_ACK","kind":"image","fileName":"pagina.jpg","msg":"Estado mensaje saliente"}
{"level":30,"time":1772225810420,"pid":3344,"hostname":"DESKTOP-BV1E0F4","jid":"51969952946@s.whatsapp.net","msgId":"3EB02B10E9A3A2A96CB668","msg":"Imagen enviada y entregada"}
{"level":30,"time":1772225811309,"pid":3344,"hostname":"DESKTOP-BV1E0F4","jid":"51969952946@s.whatsapp.net","msgId":"3EB02B10E9A3A2A96CB668","status":3,"statusText":"READ","kind":"image","fileName":"pagina.jpg","msg":"Estado mensaje saliente"}
{"level":30,"time":1772225823626,"pid":3344,"hostname":"DESKTOP-BV1E0F4","jid":"51934379840@s.whatsapp.net","msgId":"3EB02B10E9A3A2A96CB668","status":2,"statusText":"DELIVERY_ACK","kind":null,"fileName":null,"msg":"Estado mensaje saliente"}
{"level":30,"time":1772225850867,"pid":3344,"hostname":"DESKTOP-BV1E0F4","jid":"51934379840@s.whatsapp.net","msgId":"3EB00034BF5F953ADF66BF","status":0,"statusText":"PENDING","kind":null,"fileName":null,"msg":"Estado mensaje saliente"}
{"level":30,"time":1772225875034,"pid":3344,"hostname":"DESKTOP-BV1E0F4","jid":"203980982501552@lid","msgId":"3EB0B187432B632413B02C","status":3,"statusText":"READ","kind":null,"fileName":null,"msg":"Estado mensaje saliente"}
{"level":30,"time":1772225886836,"pid":3344,"hostname":"DESKTOP-BV1E0F4","jid":"203980982501552@lid","msgId":"3EB078EF01CFC02774306E","status":3,"statusText":"READ","kind":null,"fileName":null,"msg":"Estado mensaje saliente"}
{"level":30,"time":1772225893311,"pid":3344,"hostname":"DESKTOP-BV1E0F4","jid":"203980982501552@lid","msgId":"3EB0A71397DAD24D4D43A8","status":3,"statusText":"READ","kind":null,"fileName":null,"msg":"Estado mensaje saliente"}
{"level":30,"time":1772225898860,"pid":3344,"hostname":"DESKTOP-BV1E0F4","jid":"203980982501552@lid","msgId":"3EB0039314E0CB3E0B7CE9","status":3,"statusText":"READ","kind":null,"fileName":null,"msg":"Estado mensaje saliente"}
{"level":30,"time":1772226864243,"pid":3344,"hostname":"DESKTOP-BV1E0F4","jid":"164991269388364@lid","msgId":"3EB0BF458FF05D9B2EBA65","status":3,"statusText":"READ","kind":null,"fileName":null,"msg":"Estado mensaje saliente"}
{"level":30,"time":1772227209832,"pid":3344,"hostname":"DESKTOP-BV1E0F4","jid":"203980982501552@lid","msgId":"3EB0039314E0CB3E0B7CE9","status":4,"statusText":"PLAYED","kind":null,"fileName":null,"msg":"Estado mensaje saliente"}
{"level":30,"time":1772227209834,"pid":3344,"hostname":"DESKTOP-BV1E0F4","jid":"203980982501552@lid","msgId":"3EB0A71397DAD24D4D43A8","status":4,"statusText":"PLAYED","kind":null,"fileName":null,"msg":"Estado mensaje saliente"}
{"level":30,"time":1772227209834,"pid":3344,"hostname":"DESKTOP-BV1E0F4","jid":"203980982501552@lid","msgId":"3EB078EF01CFC02774306E","status":4,"statusText":"PLAYED","kind":null,"fileName":null,"msg":"Estado mensaje saliente"}
{"level":30,"time":1772227209834,"pid":3344,"hostname":"DESKTOP-BV1E0F4","jid":"203980982501552@lid","msgId":"3EB0B187432B632413B02C","status":4,"statusText":"PLAYED","kind":null,"fileName":null,"msg":"Estado mensaje saliente"}
{"level":30,"time":1772227209834,"pid":3344,"hostname":"DESKTOP-BV1E0F4","jid":"203980982501552@lid","msgId":"3EB02B10E9A3A2A96CB668","status":4,"statusText":"PLAYED","kind":null,"fileName":null,"msg":"Estado mensaje saliente"}
{"level":30,"time":1772227305875,"pid":3344,"hostname":"DESKTOP-BV1E0F4","method":"POST","url":"/send-message","msg":"Incoming WhatsApp send-message request"}
{"level":30,"time":1772227306113,"pid":3344,"hostname":"DESKTOP-BV1E0F4","jid":"51974999424@s.whatsapp.net","text":"Tus clientes necesitan encontrarte de manera digital efectiva. Si no estás presente con una imagen profesional y estratégica, estás perdiendo oportunidades.  Una PÁGINA WEB bien diseñada no solo informa sobre tus servicios: convierte visitantes en CLIENTES, atrae más personas interesadas y reduce los gastos en publicidad tradicional al trabajar para ti 24/7.  Además, si tienes comercio electrónico, el Libro de Reclamaciones Virtual es obligatorio en Perú según Indecopi. Implementarlo en tu web transmite transparencia, genera confianza y te protege legalmente. Integrarlo demuestra profesionalismo y un compromiso real con tus clientes.  En Via Comunicativa REESTRUCTURAMOS, REDISEÑAMOS Y ACTUALIZAMOS tu web, e INSTALAMOS tu Libro de Reclamaciones Virtual para que cumplas la normativa y potencies tu presencia digital.  📞 CONTACTO: 936 613 758 🌐 www.viacomunicativa.com","hasFile":true,"fileName":"pagina.jpg","msg":"Intentando enviar mensaje"}
{"level":30,"time":1772227306115,"pid":3344,"hostname":"DESKTOP-BV1E0F4","jid":"51974999424@s.whatsapp.net","fileName":"pagina.jpg","fileMime":"image/jpeg","rawMime":"image/jpeg","size":194532,"msg":"Enviando archivo"}
Closing session: SessionEntry {
  _chains: {
    'BVuEVshoHjWtgnHIz7j/cdMbZ9CXZaAO3ymKE8pR7YQf': { chainKey: [Object], chainType: 1, messageKeys: {} }
  },
  registrationId: 1943794307,
  currentRatchet: {
    ephemeralKeyPair: {
      pubKey: <Buffer 05 5b 84 56 c8 68 1e 35 ad 82 71 c8 cf b8 ff 71 d3 1b 67 d0 97 65 a0 0e df 29 8a 13 ca 51 ed 84 1f>,
      privKey: <Buffer 28 ef ee 42 cb cc 5b 06 6c 71 78 ea cd 51 bf 66 45 b6 d8 42 4d 22 de db 17 48 be 3d 58 27 55 68>
    },
    lastRemoteEphemeralKey: <Buffer 05 07 1c 32 77 f6 fc c1 71 2d f8 73 6a fb 2e 99 a2 24 db 6d 7c 2d a4 28 70 78 cc 8f 2b 00 ed 82 27>,
    previousCounter: 0,
    rootKey: <Buffer 5d 74 b3 20 be 12 a8 d7 4e b2 b9 99 8a 01 08 9c ef 42 c1 d7 66 4a 23 53 b0 24 e5 88 7f 6f 94 18>
  },
  indexInfo: {
    baseKey: <Buffer 05 db 7c 2c f6 87 df 25 e7 58 21 a0 b9 0a d4 0a dd 8d f6 45 40 14 68 f4 9c ca e0 21 26 5c 73 2c 61>,
    baseKeyType: 1,
    closed: -1,
    used: 1772225809543,
    created: 1772225809543,
    remoteIdentityKey: <Buffer 05 35 4e 5f 19 00 40 3c 97 2f f1 c7 2f a2 db 93 4b 8a ef 16 31 0f bf 0f 23 64 31 a1 5b df ec de 6b>
  },
  pendingPreKey: {
    signedKeyId: 10075884,
    baseKey: <Buffer 05 db 7c 2c f6 87 df 25 e7 58 21 a0 b9 0a d4 0a dd 8d f6 45 40 14 68 f4 9c ca e0 21 26 5c 73 2c 61>,
    preKeyId: 13985109
  }
}
{"level":30,"time":1772227311207,"pid":3344,"hostname":"DESKTOP-BV1E0F4","jid":"51974999424@s.whatsapp.net","msgId":"3EB01433026A808F0421D1","status":2,"statusText":"DELIVERY_ACK","kind":"image","fileName":"pagina.jpg","msg":"Estado mensaje saliente"}
{"level":30,"time":1772227311208,"pid":3344,"hostname":"DESKTOP-BV1E0F4","jid":"51974999424@s.whatsapp.net","msgId":"3EB01433026A808F0421D1","msg":"Imagen enviada y entregada"}
{"level":30,"time":1772227312288,"pid":3344,"hostname":"DESKTOP-BV1E0F4","jid":"51974999424@s.whatsapp.net","msgId":"3EB01433026A808F0421D1","status":3,"statusText":"READ","kind":"image","fileName":"pagina.jpg","msg":"Estado mensaje saliente"}
{"level":30,"time":1772227338836,"pid":3344,"hostname":"DESKTOP-BV1E0F4","jid":"111574693986396@lid","msgId":"3EB09899113CEA64E6A475","status":3,"statusText":"READ","kind":null,"fileName":null,"msg":"Estado mensaje saliente"}
{"level":30,"time":1772227338908,"pid":3344,"hostname":"DESKTOP-BV1E0F4","jid":"111574693986396@lid","msgId":"3EB0212713B71976BFCFC8","status":3,"statusText":"READ","kind":null,"fileName":null,"msg":"Estado mensaje saliente"}
{"level":30,"time":1772227338909,"pid":3344,"hostname":"DESKTOP-BV1E0F4","jid":"111574693986396@lid","msgId":"3EB043C7F3DF82FE67645A","status":3,"statusText":"READ","kind":null,"fileName":null,"msg":"Estado mensaje saliente"}
{"level":30,"time":1772227338989,"pid":3344,"hostname":"DESKTOP-BV1E0F4","jid":"111574693986396@lid","msgId":"3EB0BB656B16F898B03239","status":3,"statusText":"READ","kind":null,"fileName":null,"msg":"Estado mensaje saliente"}
{"level":30,"time":1772227405696,"pid":3344,"hostname":"DESKTOP-BV1E0F4","jid":"111574693986396@lid","msgId":"3EB01433026A808F0421D1","status":2,"statusText":"DELIVERY_ACK","kind":null,"fileName":null,"msg":"Estado mensaje saliente"}
{"level":30,"time":1772227590311,"pid":3344,"hostname":"DESKTOP-BV1E0F4","jid":"243735250129022:22@lid","msgId":"3EB00BF6DA405DEE278022","status":3,"statusText":"READ","kind":null,"fileName":null,"msg":"Estado mensaje saliente"}
{"level":30,"time":1772227590311,"pid":3344,"hostname":"DESKTOP-BV1E0F4","jid":"243735250129022:22@lid","msgId":"3EB06CAEE55E792F951C47","status":3,"statusText":"READ","kind":null,"fileName":null,"msg":"Estado mensaje saliente"}
{"level":40,"time":1772228573663,"pid":3344,"hostname":"DESKTOP-BV1E0F4","statusCode":500,"shouldReconnect":true,"msg":"Conexion WhatsApp cerrada"}
{"level":30,"time":1772228577802,"pid":3344,"hostname":"DESKTOP-BV1E0F4","user":"51934379840:16@s.whatsapp.net","name":"Via Comunicativa","msg":"WhatsApp vinculado"}
Closing open session in favor of incoming prekey bundle
Closing session: SessionEntry {
  _chains: {
    'BY2Du2tKd20Z1sTXH667k5ktQqGlOCHYsO/dZc4GGo5N': { chainKey: [Object], chainType: 1, messageKeys: {} }
  },
  registrationId: 2143873789,
  currentRatchet: {
    ephemeralKeyPair: {
      pubKey: <Buffer 05 8d 83 bb 6b 4a 77 6d 19 d6 c4 d7 1f ae bb 93 99 2d 42 a1 a5 38 21 d8 b0 ef dd 65 ce 06 1a 8e 4d>,
      privKey: <Buffer 38 3f 9e 4b 24 9e 1d da ee 48 63 a1 1e c9 ea fe 74 60 70 ad 68 0c ff 6f 55 5e 3e 73 03 08 55 60>
    },
    lastRemoteEphemeralKey: <Buffer 05 32 d5 b5 59 2c af bb 36 9b 4d d6 1b ee 09 22 2a 28 be b3 30 91 f7 bf a1 26 2f b7 7a 6e 6f 20 40>,
    previousCounter: 0,
    rootKey: <Buffer 05 5d e7 76 31 9f f5 17 93 a4 19 98 d3 fd a7 5d 93 63 67 a0 61 86 34 c1 4f 88 84 55 ae 13 8c f9>
  },
  indexInfo: {
    baseKey: <Buffer 05 8a 97 be 75 4c 54 e6 bf 11 32 84 53 63 e5 36 59 c8 d6 43 0b 11 a2 19 b3 11 02 e5 5d 9a 03 12 35>,
    baseKeyType: 1,
    closed: -1,
    used: 1772228578320,
    created: 1772228578320,
    remoteIdentityKey: <Buffer 05 6a a8 ae db f2 81 c8 00 db 5d e6 45 d4 2b ca 63 70 8d 41 4a 3c 68 aa 17 b0 47 4a b1 b9 c4 62 72>
  },
  pendingPreKey: {
    signedKeyId: 11872506,
    baseKey: <Buffer 05 8a 97 be 75 4c 54 e6 bf 11 32 84 53 63 e5 36 59 c8 d6 43 0b 11 a2 19 b3 11 02 e5 5d 9a 03 12 35>,
    preKeyId: 353044
  }
}
{"level":30,"time":1772228585994,"pid":3344,"hostname":"DESKTOP-BV1E0F4","jid":"51934379840@s.whatsapp.net","msgId":"3EB0919F48BE2FCED9BCE8","status":0,"statusText":"PENDING","kind":null,"fileName":null,"msg":"Estado mensaje saliente"}
{"level":30,"time":1772228586688,"pid":3344,"hostname":"DESKTOP-BV1E0F4","jid":"51934379840@s.whatsapp.net","msgId":"3EB0EB47B29F7905AAED9D","status":0,"statusText":"PENDING","kind":null,"fileName":null,"msg":"Estado mensaje saliente"}
{"level":30,"time":1772229427884,"pid":3344,"hostname":"DESKTOP-BV1E0F4","jid":"26543032131832@lid","msgId":"3EB03149EFB9D832C94397","status":3,"statusText":"READ","kind":null,"fileName":null,"msg":"Estado mensaje saliente"}
{"level":30,"time":1772229474021,"pid":3344,"hostname":"DESKTOP-BV1E0F4","jid":"26543032131832@lid","msgId":"3EB0C80C48822E4B300CA4","status":3,"statusText":"READ","kind":null,"fileName":null,"msg":"Estado mensaje saliente"}
{"level":30,"time":1772229529516,"pid":3344,"hostname":"DESKTOP-BV1E0F4","jid":"26543032131832@lid","msgId":"3EB0147268D08430B22225","status":3,"statusText":"READ","kind":null,"fileName":null,"msg":"Estado mensaje saliente"}
{"level":30,"time":1772233692146,"pid":3344,"hostname":"DESKTOP-BV1E0F4","method":"POST","url":"/send-message","msg":"Incoming WhatsApp send-message request"}
{"level":30,"time":1772233692527,"pid":3344,"hostname":"DESKTOP-BV1E0F4","jid":"51986393451@s.whatsapp.net","text":"Tus clientes necesitan encontrarte de manera digital efectiva. Si no estás presente con una imagen profesional y estratégica, estás perdiendo oportunidades.  Una PÁGINA WEB bien diseñada no solo informa sobre tus servicios: convierte visitantes en CLIENTES, atrae más personas interesadas y reduce los gastos en publicidad tradicional al trabajar para ti 24/7.  Además, si tienes comercio electrónico, el Libro de Reclamaciones Virtual es obligatorio en Perú según Indecopi. Implementarlo en tu web transmite transparencia, genera confianza y te protege legalmente. Integrarlo demuestra profesionalismo y un compromiso real con tus clientes.  En Via Comunicativa REESTRUCTURAMOS, REDISEÑAMOS Y ACTUALIZAMOS tu web, e INSTALAMOS tu Libro de Reclamaciones Virtual para que cumplas la normativa y potencies tu presencia digital.  📞 CONTACTO: 936 613 758 🌐 www.viacomunicativa.com","hasFile":true,"fileName":"pagina.jpg","msg":"Intentando enviar mensaje"}
{"level":30,"time":1772233692534,"pid":3344,"hostname":"DESKTOP-BV1E0F4","jid":"51986393451@s.whatsapp.net","fileName":"pagina.jpg","fileMime":"image/jpeg","rawMime":"image/jpeg","size":194532,"msg":"Enviando archivo"}
Closing session: SessionEntry {
  _chains: {
    'BT9TArr/exsUWwNB5FoysDQubO/mll9ptDK0DTcVs4wL': { chainKey: [Object], chainType: 1, messageKeys: {} }
  },
  registrationId: 1943794307,
  currentRatchet: {
    ephemeralKeyPair: {
      pubKey: <Buffer 05 3f 53 02 ba ff 7b 1b 14 5b 03 41 e4 5a 32 b0 34 2e 6c ef e6 96 5f 69 b4 32 b4 0d 37 15 b3 8c 0b>,
      privKey: <Buffer 90 32 19 93 6d 6b ec b4 8c 5e 9b ab 69 a4 90 7a d8 c6 68 29 bb a2 22 dd 6d 05 24 17 d3 5b 10 6c>
    },
    lastRemoteEphemeralKey: <Buffer 05 07 1c 32 77 f6 fc c1 71 2d f8 73 6a fb 2e 99 a2 24 db 6d 7c 2d a4 28 70 78 cc 8f 2b 00 ed 82 27>,
    previousCounter: 0,
    rootKey: <Buffer c8 43 83 6e 1b cd 27 7f 55 25 9d db 7d bc 24 3e fc 9d fe 0a 43 7d 9c 71 8b e5 c2 ee 36 8f 8b 04>
  },
  indexInfo: {
    baseKey: <Buffer 05 aa 68 f9 e6 ad d3 6f 74 fc bf af 7e 66 d5 c0 3a 1b c7 f2 f1 1f d7 03 dd f6 30 d5 a9 44 8f d3 4f>,
    baseKeyType: 1,
    closed: -1,
    used: 1772227310466,
    created: 1772227310466,
    remoteIdentityKey: <Buffer 05 35 4e 5f 19 00 40 3c 97 2f f1 c7 2f a2 db 93 4b 8a ef 16 31 0f bf 0f 23 64 31 a1 5b df ec de 6b>
  },
  pendingPreKey: {
    signedKeyId: 10075884,
    baseKey: <Buffer 05 aa 68 f9 e6 ad d3 6f 74 fc bf af 7e 66 d5 c0 3a 1b c7 f2 f1 1f d7 03 dd f6 30 d5 a9 44 8f d3 4f>,
    preKeyId: 13985012
  }
}
{"level":30,"time":1772233695863,"pid":3344,"hostname":"DESKTOP-BV1E0F4","jid":"51986393451@s.whatsapp.net","msgId":"3EB021DD560B0F55A80BA3","status":2,"statusText":"DELIVERY_ACK","kind":"image","fileName":"pagina.jpg","msg":"Estado mensaje saliente"}
{"level":30,"time":1772233695863,"pid":3344,"hostname":"DESKTOP-BV1E0F4","jid":"51986393451@s.whatsapp.net","msgId":"3EB021DD560B0F55A80BA3","msg":"Imagen enviada y entregada"}
{"level":30,"time":1772233696656,"pid":3344,"hostname":"DESKTOP-BV1E0F4","jid":"51986393451:51@s.whatsapp.net","msgId":"3EB021DD560B0F55A80BA3","status":3,"statusText":"READ","kind":"image","fileName":"pagina.jpg","msg":"Estado mensaje saliente"}
{"level":30,"time":1772233697625,"pid":3344,"hostname":"DESKTOP-BV1E0F4","jid":"51986393451@s.whatsapp.net","msgId":"3EB021DD560B0F55A80BA3","status":3,"statusText":"READ","kind":null,"fileName":null,"msg":"Estado mensaje saliente"}
{"level":30,"time":1772233729494,"pid":3344,"hostname":"DESKTOP-BV1E0F4","jid":"90482243838012:51@lid","msgId":"3EB08FEF59A801D1B56604","status":3,"statusText":"READ","kind":null,"fileName":null,"msg":"Estado mensaje saliente"}
{"level":30,"time":1772233729865,"pid":3344,"hostname":"DESKTOP-BV1E0F4","jid":"90482243838012@lid","msgId":"3EB08FEF59A801D1B56604","status":3,"statusText":"READ","kind":null,"fileName":null,"msg":"Estado mensaje saliente"}
{"level":30,"time":1772233736817,"pid":3344,"hostname":"DESKTOP-BV1E0F4","jid":"90482243838012:51@lid","msgId":"3EB08FCE9DD0FDA78A0385","status":3,"statusText":"READ","kind":null,"fileName":null,"msg":"Estado mensaje saliente"}
{"level":30,"time":1772233738101,"pid":3344,"hostname":"DESKTOP-BV1E0F4","jid":"90482243838012@lid","msgId":"3EB08FCE9DD0FDA78A0385","status":3,"statusText":"READ","kind":null,"fileName":null,"msg":"Estado mensaje saliente"}
{"level":30,"time":1772233752122,"pid":3344,"hostname":"DESKTOP-BV1E0F4","jid":"90482243838012:51@lid","msgId":"3EB05B85279891421E625D","status":3,"statusText":"READ","kind":null,"fileName":null,"msg":"Estado mensaje saliente"}
{"level":30,"time":1772233752225,"pid":3344,"hostname":"DESKTOP-BV1E0F4","jid":"90482243838012@lid","msgId":"3EB05B85279891421E625D","status":3,"statusText":"READ","kind":null,"fileName":null,"msg":"Estado mensaje saliente"}
{"level":30,"time":1772233806501,"pid":3344,"hostname":"DESKTOP-BV1E0F4","jid":"90482243838012@lid","msgId":"3EB05B85279891421E625D","status":3,"statusText":"READ","kind":null,"fileName":null,"msg":"Estado mensaje saliente"}
{"level":30,"time":1772233834311,"pid":3344,"hostname":"DESKTOP-BV1E0F4","jid":"90482243838012:51@lid","msgId":"3EB0CD87A80AF4956B17FE","status":3,"statusText":"READ","kind":null,"fileName":null,"msg":"Estado mensaje saliente"}
{"level":30,"time":1772233834860,"pid":3344,"hostname":"DESKTOP-BV1E0F4","jid":"90482243838012@lid","msgId":"3EB0CD87A80AF4956B17FE","status":3,"statusText":"READ","kind":null,"fileName":null,"msg":"Estado mensaje saliente"}
{"level":30,"time":1772233895557,"pid":3344,"hostname":"DESKTOP-BV1E0F4","jid":"90482243838012:51@lid","msgId":"3EB00C09EFE645FB5665E0","status":3,"statusText":"READ","kind":null,"fileName":null,"msg":"Estado mensaje saliente"}
{"level":30,"time":1772233896726,"pid":3344,"hostname":"DESKTOP-BV1E0F4","jid":"90482243838012@lid","msgId":"3EB00C09EFE645FB5665E0","status":3,"statusText":"READ","kind":null,"fileName":null,"msg":"Estado mensaje saliente"}
{"level":30,"time":1772234254699,"pid":3344,"hostname":"DESKTOP-BV1E0F4","method":"POST","url":"/send-message","msg":"Incoming WhatsApp send-message request"}
{"level":30,"time":1772234255111,"pid":3344,"hostname":"DESKTOP-BV1E0F4","jid":"51914142339@s.whatsapp.net","text":"Tus clientes necesitan encontrarte de manera digital efectiva. Si no estás presente con una imagen profesional y estratégica, estás perdiendo oportunidades.  Una PÁGINA WEB bien diseñada no solo informa sobre tus servicios: convierte visitantes en CLIENTES, atrae más personas interesadas y reduce los gastos en publicidad tradicional al trabajar para ti 24/7.  Además, si tienes comercio electrónico, el Libro de Reclamaciones Virtual es obligatorio en Perú según Indecopi. Implementarlo en tu web transmite transparencia, genera confianza y te protege legalmente. Integrarlo demuestra profesionalismo y un compromiso real con tus clientes.  En Via Comunicativa REESTRUCTURAMOS, REDISEÑAMOS Y ACTUALIZAMOS tu web, e INSTALAMOS tu Libro de Reclamaciones Virtual para que cumplas la normativa y potencies tu presencia digital.  📞 CONTACTO: 936 613 758 🌐 www.viacomunicativa.com","hasFile":true,"fileName":"pagina.jpg","msg":"Intentando enviar mensaje"}
{"level":30,"time":1772234255115,"pid":3344,"hostname":"DESKTOP-BV1E0F4","jid":"51914142339@s.whatsapp.net","fileName":"pagina.jpg","fileMime":"image/jpeg","rawMime":"image/jpeg","size":194532,"msg":"Enviando archivo"}
Closing session: SessionEntry {
  _chains: {
    'BbIgXY8j8jGpCJI+B7PuAKELlBnWMUVjOX2nSrXJZrp7': { chainKey: [Object], chainType: 1, messageKeys: {} }
  },
  registrationId: 1943794307,
  currentRatchet: {
    ephemeralKeyPair: {
      pubKey: <Buffer 05 b2 20 5d 8f 23 f2 31 a9 08 92 3e 07 b3 ee 00 a1 0b 94 19 d6 31 45 63 39 7d a7 4a b5 c9 66 ba 7b>,
      privKey: <Buffer f8 6a 36 b2 4d dc ba 32 37 99 fc 38 da 9b 7a 42 fb 56 d9 df 6b 1f 17 db b8 42 a1 ff d9 f5 5e 76>
    },
    lastRemoteEphemeralKey: <Buffer 05 07 1c 32 77 f6 fc c1 71 2d f8 73 6a fb 2e 99 a2 24 db 6d 7c 2d a4 28 70 78 cc 8f 2b 00 ed 82 27>,
    previousCounter: 0,
    rootKey: <Buffer a1 a3 71 74 fa 6f ba c8 bd 12 56 c0 40 a6 07 2c e6 f1 c5 8a 1a b1 c0 70 30 3c 59 68 0a 7c a7 d1>
  },
  indexInfo: {
    baseKey: <Buffer 05 12 66 8c 0f 67 ec 91 c3 0a 04 eb fd 50 1e 09 d7 58 e5 df 54 3f 63 95 57 12 5c e7 60 e7 0c 4c 38>,
    baseKeyType: 1,
    closed: -1,
    used: 1772233695084,
    created: 1772233695084,
    remoteIdentityKey: <Buffer 05 35 4e 5f 19 00 40 3c 97 2f f1 c7 2f a2 db 93 4b 8a ef 16 31 0f bf 0f 23 64 31 a1 5b df ec de 6b>
  },
  pendingPreKey: {
    signedKeyId: 10075884,
    baseKey: <Buffer 05 12 66 8c 0f 67 ec 91 c3 0a 04 eb fd 50 1e 09 d7 58 e5 df 54 3f 63 95 57 12 5c e7 60 e7 0c 4c 38>,
    preKeyId: 13985669
  }
}
{"level":30,"time":1772234258413,"pid":3344,"hostname":"DESKTOP-BV1E0F4","jid":"51914142339@s.whatsapp.net","msgId":"3EB0B1873BCAF467251F41","status":2,"statusText":"DELIVERY_ACK","kind":"image","fileName":"pagina.jpg","msg":"Estado mensaje saliente"}
{"level":30,"time":1772234258414,"pid":3344,"hostname":"DESKTOP-BV1E0F4","jid":"51914142339@s.whatsapp.net","msgId":"3EB0B1873BCAF467251F41","msg":"Imagen enviada y entregada"}
{"level":30,"time":1772234260120,"pid":3344,"hostname":"DESKTOP-BV1E0F4","jid":"51914142339@s.whatsapp.net","msgId":"3EB0B1873BCAF467251F41","status":3,"statusText":"READ","kind":"image","fileName":"pagina.jpg","msg":"Estado mensaje saliente"}
{"level":30,"time":1772234508347,"pid":3344,"hostname":"DESKTOP-BV1E0F4","jid":"80706864685201@lid","msgId":"3EB0B7A1DB99A4CE23C8B7","status":3,"statusText":"READ","kind":null,"fileName":null,"msg":"Estado mensaje saliente"}
{"level":30,"time":1772234508356,"pid":3344,"hostname":"DESKTOP-BV1E0F4","jid":"80706864685201@lid","msgId":"3EB08FB5F2DA643D9A4120","status":3,"statusText":"READ","kind":null,"fileName":null,"msg":"Estado mensaje saliente"}
{"level":30,"time":1772234508356,"pid":3344,"hostname":"DESKTOP-BV1E0F4","jid":"80706864685201@lid","msgId":"3EB0DEA417CC4E5F2B9576","status":3,"statusText":"READ","kind":null,"fileName":null,"msg":"Estado mensaje saliente"}
{"level":30,"time":1772234522915,"pid":3344,"hostname":"DESKTOP-BV1E0F4","jid":"80706864685201@lid","msgId":"3EB0045D533EA5B17D97BC","status":3,"statusText":"READ","kind":null,"fileName":null,"msg":"Estado mensaje saliente"}
{"level":30,"time":1772234533155,"pid":3344,"hostname":"DESKTOP-BV1E0F4","jid":"80706864685201@lid","msgId":"3EB07E8BEA4ADDA8C4F483","status":3,"statusText":"READ","kind":null,"fileName":null,"msg":"Estado mensaje saliente"}
{"level":30,"time":1772234547531,"pid":3344,"hostname":"DESKTOP-BV1E0F4","jid":"90482243838012@lid","msgId":"3EB021DD560B0F55A80BA3","status":2,"statusText":"DELIVERY_ACK","kind":null,"fileName":null,"msg":"Estado mensaje saliente"}
{"level":30,"time":1772234547954,"pid":3344,"hostname":"DESKTOP-BV1E0F4","jid":"80706864685201@lid","msgId":"3EB0B1873BCAF467251F41","status":2,"statusText":"DELIVERY_ACK","kind":null,"fileName":null,"msg":"Estado mensaje saliente"}
{"level":30,"time":1772235772647,"pid":3344,"hostname":"DESKTOP-BV1E0F4","jid":"167645508821086@lid","msgId":"3EB0B2696A883D4ED3A81C","status":3,"statusText":"READ","kind":null,"fileName":null,"msg":"Estado mensaje saliente"}
{"level":30,"time":1772235776646,"pid":3344,"hostname":"DESKTOP-BV1E0F4","jid":"167645508821086:92@lid","msgId":"3EB0B2696A883D4ED3A81C","status":3,"statusText":"READ","kind":null,"fileName":null,"msg":"Estado mensaje saliente"}
{"level":30,"time":1772235867480,"pid":3344,"hostname":"DESKTOP-BV1E0F4","jid":"167645508821086:92@lid","msgId":"3EB08D742492DDB63F0FF2","status":3,"statusText":"READ","kind":null,"fileName":null,"msg":"Estado mensaje saliente"}
{"level":30,"time":1772235867612,"pid":3344,"hostname":"DESKTOP-BV1E0F4","jid":"167645508821086@lid","msgId":"3EB08D742492DDB63F0FF2","status":3,"statusText":"READ","kind":null,"fileName":null,"msg":"Estado mensaje saliente"}
{"level":30,"time":1772237748903,"pid":3344,"hostname":"DESKTOP-BV1E0F4","jid":"235862591819910:90@lid","msgId":"3EB0A7720B30A8B540B72E","status":3,"statusText":"READ","kind":null,"fileName":null,"msg":"Estado mensaje saliente"}
{"level":30,"time":1772237748916,"pid":3344,"hostname":"DESKTOP-BV1E0F4","jid":"235862591819910:90@lid","msgId":"3EB0E5BAAFE25727F5F3EF","status":3,"statusText":"READ","kind":null,"fileName":null,"msg":"Estado mensaje saliente"}
{"level":30,"time":1772238143792,"pid":3344,"hostname":"DESKTOP-BV1E0F4","jid":"262143479906406:51@lid","msgId":"3EB0146ACB77F2C07ECADB","status":3,"statusText":"READ","kind":null,"fileName":null,"msg":"Estado mensaje saliente"}
{"level":30,"time":1772238143794,"pid":3344,"hostname":"DESKTOP-BV1E0F4","jid":"262143479906406:51@lid","msgId":"3EB010513301036FEB6DF6","status":3,"statusText":"READ","kind":null,"fileName":null,"msg":"Estado mensaje saliente"}
{"level":30,"time":1772238143794,"pid":3344,"hostname":"DESKTOP-BV1E0F4","jid":"262143479906406:51@lid","msgId":"3EB073CDA2EE5C11C242A1","status":3,"statusText":"READ","kind":null,"fileName":null,"msg":"Estado mensaje saliente"}
{"level":30,"time":1772238143794,"pid":3344,"hostname":"DESKTOP-BV1E0F4","jid":"262143479906406:51@lid","msgId":"3EB0949D19A9C705D76ADD","status":3,"statusText":"READ","kind":null,"fileName":null,"msg":"Estado mensaje saliente"}
{"level":30,"time":1772238143794,"pid":3344,"hostname":"DESKTOP-BV1E0F4","jid":"262143479906406:51@lid","msgId":"3EB016A1631A8883F732A1","status":3,"statusText":"READ","kind":null,"fileName":null,"msg":"Estado mensaje saliente"}
{"level":30,"time":1772238559106,"pid":3344,"hostname":"DESKTOP-BV1E0F4","jid":"235862591819910:90@lid","msgId":"3EB0A7720B30A8B540B72E","status":3,"statusText":"READ","kind":null,"fileName":null,"msg":"Estado mensaje saliente"}
{"level":30,"time":1772238559109,"pid":3344,"hostname":"DESKTOP-BV1E0F4","jid":"235862591819910:90@lid","msgId":"3EB0E5BAAFE25727F5F3EF","status":3,"statusText":"READ","kind":null,"fileName":null,"msg":"Estado mensaje saliente"}
{"level":30,"time":1772240174247,"pid":3344,"hostname":"DESKTOP-BV1E0F4","method":"POST","url":"/send-message","msg":"Incoming WhatsApp send-message request"}
{"level":30,"time":1772240174643,"pid":3344,"hostname":"DESKTOP-BV1E0F4","jid":"51904174343@s.whatsapp.net","text":"Tus clientes necesitan encontrarte de manera digital efectiva. Si no estás presente con una imagen profesional y estratégica, estás perdiendo oportunidades.  Una PÁGINA WEB bien diseñada no solo informa sobre tus servicios: convierte visitantes en CLIENTES, atrae más personas interesadas y reduce los gastos en publicidad tradicional al trabajar para ti 24/7.  Además, si tienes comercio electrónico, el Libro de Reclamaciones Virtual es obligatorio en Perú según Indecopi. Implementarlo en tu web transmite transparencia, genera confianza y te protege legalmente. Integrarlo demuestra profesionalismo y un compromiso real con tus clientes.  En Via Comunicativa REESTRUCTURAMOS, REDISEÑAMOS Y ACTUALIZAMOS tu web, e INSTALAMOS tu Libro de Reclamaciones Virtual para que cumplas la normativa y potencies tu presencia digital.  📞 CONTACTO: 936 613 758 🌐 www.viacomunicativa.com","hasFile":true,"fileName":"pagina.jpg","msg":"Intentando enviar mensaje"}
{"level":30,"time":1772240174647,"pid":3344,"hostname":"DESKTOP-BV1E0F4","jid":"51904174343@s.whatsapp.net","fileName":"pagina.jpg","fileMime":"image/jpeg","rawMime":"image/jpeg","size":194532,"msg":"Enviando archivo"}
Closing session: SessionEntry {
  _chains: {
    'Bd52L9xigM2xEf4iiXpf8lO/VTIh6uoWZrlT4qVS47Em': { chainKey: [Object], chainType: 1, messageKeys: {} }
  },
  registrationId: 1943794307,
  currentRatchet: {
    ephemeralKeyPair: {
      pubKey: <Buffer 05 de 76 2f dc 62 80 cd b1 11 fe 22 89 7a 5f f2 53 bf 55 32 21 ea ea 16 66 b9 53 e2 a5 52 e3 b1 26>,
      privKey: <Buffer 08 40 b6 3a 67 45 7c db 5e 4b 77 03 99 93 82 a2 70 77 e6 9a 78 9b 76 e2 da c3 93 2b c4 95 fd 7d>
    },
    lastRemoteEphemeralKey: <Buffer 05 07 1c 32 77 f6 fc c1 71 2d f8 73 6a fb 2e 99 a2 24 db 6d 7c 2d a4 28 70 78 cc 8f 2b 00 ed 82 27>,
    previousCounter: 0,
    rootKey: <Buffer e4 30 c1 22 7c 94 98 05 ba ef 3a e6 cd d2 b0 7d c4 75 5b 8f 22 f3 8b 80 1a c7 4b f7 70 f0 e6 98>
  },
  indexInfo: {
    baseKey: <Buffer 05 62 c5 f2 40 0c 06 47 aa f2 56 2e 0c 23 b5 26 d8 27 97 0d 86 dc 53 49 ed 47 f9 22 e9 90 2b 4c 10>,
    baseKeyType: 1,
    closed: -1,
    used: 1772234257858,
    created: 1772234257858,
    remoteIdentityKey: <Buffer 05 35 4e 5f 19 00 40 3c 97 2f f1 c7 2f a2 db 93 4b 8a ef 16 31 0f bf 0f 23 64 31 a1 5b df ec de 6b>
  },
  pendingPreKey: {
    signedKeyId: 10075884,
    baseKey: <Buffer 05 62 c5 f2 40 0c 06 47 aa f2 56 2e 0c 23 b5 26 d8 27 97 0d 86 dc 53 49 ed 47 f9 22 e9 90 2b 4c 10>,
    preKeyId: 13985612
  }
}
{"level":30,"time":1772240177618,"pid":3344,"hostname":"DESKTOP-BV1E0F4","jid":"51904174343@s.whatsapp.net","msgId":"3EB0C8927A493CDBDFE437","status":2,"statusText":"DELIVERY_ACK","kind":"image","fileName":"pagina.jpg","msg":"Estado mensaje saliente"}
{"level":30,"time":1772240177618,"pid":3344,"hostname":"DESKTOP-BV1E0F4","jid":"51904174343@s.whatsapp.net","msgId":"3EB0C8927A493CDBDFE437","msg":"Imagen enviada y entregada"}
{"level":30,"time":1772240178491,"pid":3344,"hostname":"DESKTOP-BV1E0F4","jid":"51904174343@s.whatsapp.net","msgId":"3EB0C8927A493CDBDFE437","status":3,"statusText":"READ","kind":"image","fileName":"pagina.jpg","msg":"Estado mensaje saliente"}
{"level":30,"time":1772240180464,"pid":3344,"hostname":"DESKTOP-BV1E0F4","jid":"188867160371443@lid","msgId":"3EB0C8927A493CDBDFE437","status":2,"statusText":"DELIVERY_ACK","kind":null,"fileName":null,"msg":"Estado mensaje saliente"}
{"level":30,"time":1772240192682,"pid":3344,"hostname":"DESKTOP-BV1E0F4","jid":"188867160371443@lid","msgId":"3EB050A0B6A625392C2F42","status":3,"statusText":"READ","kind":null,"fileName":null,"msg":"Estado mensaje saliente"}
{"level":30,"time":1772240192737,"pid":3344,"hostname":"DESKTOP-BV1E0F4","jid":"188867160371443@lid","msgId":"3EB031CB78A10D82AB7999","status":3,"statusText":"READ","kind":null,"fileName":null,"msg":"Estado mensaje saliente"}
{"level":30,"time":1772240192849,"pid":3344,"hostname":"DESKTOP-BV1E0F4","jid":"188867160371443@lid","msgId":"3EB048CBDCA44CC19D304B","status":3,"statusText":"READ","kind":null,"fileName":null,"msg":"Estado mensaje saliente"}
{"level":30,"time":1772240206422,"pid":3344,"hostname":"DESKTOP-BV1E0F4","jid":"188867160371443@lid","msgId":"3EB0D52217E98A6788954D","status":3,"statusText":"READ","kind":null,"fileName":null,"msg":"Estado mensaje saliente"}
{"level":30,"time":1772240282902,"pid":3344,"hostname":"DESKTOP-BV1E0F4","jid":"188867160371443@lid","msgId":"3EB0518F2B67E36D41BDC2","status":3,"statusText":"READ","kind":null,"fileName":null,"msg":"Estado mensaje saliente"}
{"level":30,"time":1772240459616,"pid":3344,"hostname":"DESKTOP-BV1E0F4","jid":"188867160371443@lid","msgId":"3EB0518F2B67E36D41BDC2","status":4,"statusText":"PLAYED","kind":null,"fileName":null,"msg":"Estado mensaje saliente"}
{"level":30,"time":1772240459616,"pid":3344,"hostname":"DESKTOP-BV1E0F4","jid":"188867160371443@lid","msgId":"3EB0D52217E98A6788954D","status":4,"statusText":"PLAYED","kind":null,"fileName":null,"msg":"Estado mensaje saliente"}
{"level":30,"time":1772240459616,"pid":3344,"hostname":"DESKTOP-BV1E0F4","jid":"188867160371443@lid","msgId":"3EB048CBDCA44CC19D304B","status":4,"statusText":"PLAYED","kind":null,"fileName":null,"msg":"Estado mensaje saliente"}
{"level":30,"time":1772240459616,"pid":3344,"hostname":"DESKTOP-BV1E0F4","jid":"188867160371443@lid","msgId":"3EB031CB78A10D82AB7999","status":4,"statusText":"PLAYED","kind":null,"fileName":null,"msg":"Estado mensaje saliente"}
{"level":30,"time":1772240459616,"pid":3344,"hostname":"DESKTOP-BV1E0F4","jid":"188867160371443@lid","msgId":"3EB050A0B6A625392C2F42","status":4,"statusText":"PLAYED","kind":null,"fileName":null,"msg":"Estado mensaje saliente"}
{"level":30,"time":1772240459616,"pid":3344,"hostname":"DESKTOP-BV1E0F4","jid":"188867160371443@lid","msgId":"3EB0C8927A493CDBDFE437","status":4,"statusText":"PLAYED","kind":null,"fileName":null,"msg":"Estado mensaje saliente"}
{"level":30,"time":1772240696119,"pid":3344,"hostname":"DESKTOP-BV1E0F4","jid":"235862591819910:91@lid","msgId":"3EB0A7720B30A8B540B72E","status":3,"statusText":"READ","kind":null,"fileName":null,"msg":"Estado mensaje saliente"}
{"level":30,"time":1772240696119,"pid":3344,"hostname":"DESKTOP-BV1E0F4","jid":"235862591819910:91@lid","msgId":"3EB0E5BAAFE25727F5F3EF","status":3,"statusText":"READ","kind":null,"fileName":null,"msg":"Estado mensaje saliente"}
{"level":40,"time":1772241816728,"pid":3344,"hostname":"DESKTOP-BV1E0F4","statusCode":428,"shouldReconnect":true,"msg":"Conexion WhatsApp cerrada"}
{"level":30,"time":1772241820056,"pid":3344,"hostname":"DESKTOP-BV1E0F4","user":"51934379840:16@s.whatsapp.net","name":"Via Comunicativa","msg":"WhatsApp vinculado"}

> kenia-call-bridge-skeleton@0.1.0 start:whatsapp
> npm --prefix whatsapp-backend run start


> kenia-whatsapp-backend@0.1.0 start
> node src/server.js

{"level":30,"time":1772288466891,"pid":18948,"hostname":"DESKTOP-BV1E0F4","msg":"WhatsApp backend escuchando en http://0.0.0.0:3010"}
{"level":30,"time":1772288468912,"pid":18948,"hostname":"DESKTOP-BV1E0F4","user":"51934379840:16@s.whatsapp.net","name":"Via Comunicativa","msg":"WhatsApp vinculado"}
{"level":30,"time":1772288471339,"pid":18948,"hostname":"DESKTOP-BV1E0F4","jid":"51974999424:66@s.whatsapp.net","msgId":"3EB01433026A808F0421D1","status":3,"statusText":"READ","kind":null,"fileName":null,"msg":"Estado mensaje saliente"}
{"level":30,"time":1772288471339,"pid":18948,"hostname":"DESKTOP-BV1E0F4","jid":"111574693986396:66@lid","msgId":"3EB09899113CEA64E6A475","status":3,"statusText":"READ","kind":null,"fileName":null,"msg":"Estado mensaje saliente"}
{"level":30,"time":1772288471339,"pid":18948,"hostname":"DESKTOP-BV1E0F4","jid":"111574693986396:66@lid","msgId":"3EB0212713B71976BFCFC8","status":3,"statusText":"READ","kind":null,"fileName":null,"msg":"Estado mensaje saliente"}
{"level":30,"time":1772288471339,"pid":18948,"hostname":"DESKTOP-BV1E0F4","jid":"111574693986396:66@lid","msgId":"3EB043C7F3DF82FE67645A","status":3,"statusText":"READ","kind":null,"fileName":null,"msg":"Estado mensaje saliente"}
{"level":30,"time":1772288471339,"pid":18948,"hostname":"DESKTOP-BV1E0F4","jid":"111574693986396:66@lid","msgId":"3EB0BB656B16F898B03239","status":3,"statusText":"READ","kind":null,"fileName":null,"msg":"Estado mensaje saliente"}
{"level":30,"time":1772288471339,"pid":18948,"hostname":"DESKTOP-BV1E0F4","jid":"167645508821086:92@lid","msgId":"3EB052378A675674111187","status":3,"statusText":"READ","kind":null,"fileName":null,"msg":"Estado mensaje saliente"}
{"level":30,"time":1772288471339,"pid":18948,"hostname":"DESKTOP-BV1E0F4","jid":"167645508821086:92@lid","msgId":"3EB015D2697C992C7D42AD","status":3,"statusText":"READ","kind":null,"fileName":null,"msg":"Estado mensaje saliente"}
{"level":30,"time":1772288471339,"pid":18948,"hostname":"DESKTOP-BV1E0F4","jid":"167645508821086:92@lid","msgId":"3EB0D8794A2130CB819DED","status":3,"statusText":"READ","kind":null,"fileName":null,"msg":"Estado mensaje saliente"}
{"level":30,"time":1772288471339,"pid":18948,"hostname":"DESKTOP-BV1E0F4","jid":"167645508821086:92@lid","msgId":"3EB0C120DDC870CB297A69","status":3,"statusText":"READ","kind":null,"fileName":null,"msg":"Estado mensaje saliente"}
{"level":30,"time":1772288471340,"pid":18948,"hostname":"DESKTOP-BV1E0F4","jid":"167645508821086:92@lid","msgId":"3EB002831CE86611F5492F","status":3,"statusText":"READ","kind":null,"fileName":null,"msg":"Estado mensaje saliente"}
{"level":30,"time":1772288929538,"pid":18948,"hostname":"DESKTOP-BV1E0F4","jid":"214228858347670:35@lid","msgId":"3EB0E73BEA4D189F47F4F5","status":3,"statusText":"READ","kind":null,"fileName":null,"msg":"Estado mensaje saliente"}
{"level":30,"time":1772288930770,"pid":18948,"hostname":"DESKTOP-BV1E0F4","jid":"214228858347670@lid","msgId":"3EB0E73BEA4D189F47F4F5","status":3,"statusText":"READ","kind":null,"fileName":null,"msg":"Estado mensaje saliente"}
{"level":30,"time":1772288938611,"pid":18948,"hostname":"DESKTOP-BV1E0F4","jid":"214228858347670@lid","msgId":"3EB0E73BEA4D189F47F4F5","status":4,"statusText":"PLAYED","kind":null,"fileName":null,"msg":"Estado mensaje saliente"}
Closing session: SessionEntry {
  _chains: {
    'Ba40XA7qbVk6JBhA/w1umUBakBASTdX+13gKEDAbV/Vz': { chainKey: [Object], chainType: 1, messageKeys: {} }
  },
  registrationId: 335459153,
  currentRatchet: {
    ephemeralKeyPair: {
      pubKey: <Buffer 05 ae 34 5c 0e ea 6d 59 3a 24 18 40 ff 0d 6e 99 40 5a 90 10 12 4d d5 fe d7 78 0a 10 30 1b 57 f5 73>,
      privKey: <Buffer 78 e5 a6 c6 98 be 46 51 9d 83 fe 46 57 c6 61 2d 4a ac b8 eb 55 14 22 c6 d6 8b d8 14 a3 cf e1 74>
    },
    lastRemoteEphemeralKey: <Buffer 05 74 f9 9a a6 8e 61 dd 7a 4d 0f db 86 b1 a5 51 bd 30 f1 19 de a7 5d 7c 84 c3 13 87 31 ff b7 e9 6c>,
    previousCounter: 0,
    rootKey: <Buffer 39 36 b7 39 f2 7d 3b c3 44 55 9b a0 f3 b9 e8 be 52 9c cc 2d a3 89 11 f7 06 d4 74 53 2e fe de f3>
  },
  indexInfo: {
    baseKey: <Buffer 05 16 cd e9 24 b7 c5 79 67 5d c1 36 74 56 4a 1e 85 b1 46 ff 33 c7 ae 5c 0e d5 ad 12 9c b3 e9 b9 25>,
    baseKeyType: 1,
    closed: -1,
    used: 1772241868502,
    created: 1772241868502,
    remoteIdentityKey: <Buffer 05 8e 8b f7 b2 c4 2e f5 3d 9e af f4 e0 e8 7f c0 72 4a 20 3f 29 09 2e 31 79 57 7a 34 28 48 98 0e 37>
  },
  pendingPreKey: {
    signedKeyId: 4979452,
    baseKey: <Buffer 05 16 cd e9 24 b7 c5 79 67 5d c1 36 74 56 4a 1e 85 b1 46 ff 33 c7 ae 5c 0e d5 ad 12 9c b3 e9 b9 25>,
    preKeyId: 611630
  }
}
Closing session: SessionEntry {
  _chains: {
    'BZqLB+1ACY7/EQiPCjEdhI1wU9Wywz0B664ags06uKV6': { chainKey: [Object], chainType: 2, messageKeys: {} },
    'BZ43cZHB3S+bnHc9UDlT04FhTWscXHN3It7+rmKFrD4a': { chainKey: [Object], chainType: 1, messageKeys: {} }
  },
  registrationId: 998729852,
  currentRatchet: {
    ephemeralKeyPair: {
      pubKey: <Buffer 05 9e 37 71 91 c1 dd 2f 9b 9c 77 3d 50 39 53 d3 81 61 4d 6b 1c 5c 73 77 22 de fe ae 62 85 ac 3e 1a>,
      privKey: <Buffer 80 64 73 33 3d 63 be d8 18 3a 55 db 6d 8d b0 29 02 36 1d d5 9c cc 5f 10 81 a2 76 78 8b 25 2b 7b>
    },
    lastRemoteEphemeralKey: <Buffer 05 9a 8b 07 ed 40 09 8e ff 11 08 8f 0a 31 1d 84 8d 70 53 d5 b2 c3 3d 01 eb ae 1a 82 cd 3a b8 a5 7a>,
    previousCounter: 0,
    rootKey: <Buffer f0 56 f8 0b 30 7b 3c d9 8e 69 8e 8c 08 09 be 78 74 5f 07 ec 9e 0b 4b 26 cd 8c cd f4 69 3c d2 2c>
  },
  indexInfo: {
    baseKey: <Buffer 05 07 a9 54 cf 1c 95 b9 b1 1a ec e0 40 9d 40 48 2e 49 ad 77 1c 8a 5a 9c cd 62 49 49 c8 13 3e ed 04>,
    baseKeyType: 2,
    closed: -1,
    used: 1771977927343,
    created: 1771977927343,
    remoteIdentityKey: <Buffer 05 c7 11 41 83 fe 57 42 70 37 98 95 d6 2e 7d 14 94 1f 81 41 bf 18 27 1f c0 37 1d 0b 70 24 00 70 73>
  }
}
Closing session: SessionEntry {
  _chains: {
    'BbrA0YO0RLLSxJUsxAaycOA+s8obRbtNM1ik+VImB3Bt': { chainKey: [Object], chainType: 1, messageKeys: {} }
  },
  registrationId: 825096217,
  currentRatchet: {
    ephemeralKeyPair: {
      pubKey: <Buffer 05 ba c0 d1 83 b4 44 b2 d2 c4 95 2c c4 06 b2 70 e0 3e b3 ca 1b 45 bb 4d 33 58 a4 f9 52 26 07 70 6d>,
      privKey: <Buffer c8 90 e5 c8 ac 31 77 77 18 65 74 6f 82 8e a2 44 a6 0d c4 89 1c ee f3 89 1a cd d8 45 d2 93 8e 54>
    },
    lastRemoteEphemeralKey: <Buffer 05 7c b6 c5 98 ac eb 2c c7 a4 62 a5 10 9a b4 b2 2f 37 2a 50 e5 2f 2b 1f c7 84 51 49 59 87 e5 e4 3d>,
    previousCounter: 0,
    rootKey: <Buffer 0f c2 fe cb df b2 36 be a7 06 83 02 38 a7 e6 93 05 7b 38 16 d9 9c da 32 30 b2 d2 1b 59 0b f0 fd>
  },
  indexInfo: {
    baseKey: <Buffer 05 30 17 f8 a5 93 dc b3 d9 bd 80 fa 72 07 e1 1c 86 8e 02 1c f0 cf 79 ac c8 9f 45 15 c3 5f 9c ea 00>,
    baseKeyType: 1,
    closed: -1,
    used: 1772289470083,
    created: 1772289470083,
    remoteIdentityKey: <Buffer 05 10 86 b7 d6 72 1f 82 d2 d1 d7 3b 5a 02 67 c9 4c 65 25 a2 f2 34 a8 25 74 cc a8 7e 02 74 4b 83 30>
  },
  pendingPreKey: {
    signedKeyId: 10036866,
    baseKey: <Buffer 05 30 17 f8 a5 93 dc b3 d9 bd 80 fa 72 07 e1 1c 86 8e 02 1c f0 cf 79 ac c8 9f 45 15 c3 5f 9c ea 00>
  }
}
{"level":30,"time":1772290532961,"pid":18948,"hostname":"DESKTOP-BV1E0F4","jid":"214228858347670:35@lid","msgId":"3EB039AE05D488BF5E7FAA","status":3,"statusText":"READ","kind":null,"fileName":null,"msg":"Estado mensaje saliente"}
{"level":30,"time":1772290537861,"pid":18948,"hostname":"DESKTOP-BV1E0F4","jid":"214228858347670@lid","msgId":"3EB039AE05D488BF5E7FAA","status":3,"statusText":"READ","kind":null,"fileName":null,"msg":"Estado mensaje saliente"}
{"level":30,"time":1772290548690,"pid":18948,"hostname":"DESKTOP-BV1E0F4","jid":"214228858347670@lid","msgId":"3EB039AE05D488BF5E7FAA","status":4,"statusText":"PLAYED","kind":null,"fileName":null,"msg":"Estado mensaje saliente"}
{"level":30,"time":1772290626382,"pid":18948,"hostname":"DESKTOP-BV1E0F4","jid":"214228858347670:35@lid","msgId":"3EB08BB909F347CFFE5006","status":3,"statusText":"READ","kind":null,"fileName":null,"msg":"Estado mensaje saliente"}
{"level":30,"time":1772290626968,"pid":18948,"hostname":"DESKTOP-BV1E0F4","jid":"214228858347670@lid","msgId":"3EB08BB909F347CFFE5006","status":3,"statusText":"READ","kind":null,"fileName":null,"msg":"Estado mensaje saliente"}
{"level":30,"time":1772290631051,"pid":18948,"hostname":"DESKTOP-BV1E0F4","jid":"214228858347670:35@lid","msgId":"3EB0295FC26B4138046849","status":3,"statusText":"READ","kind":null,"fileName":null,"msg":"Estado mensaje saliente"}
{"level":30,"time":1772290631672,"pid":18948,"hostname":"DESKTOP-BV1E0F4","jid":"214228858347670@lid","msgId":"3EB0295FC26B4138046849","status":3,"statusText":"READ","kind":null,"fileName":null,"msg":"Estado mensaje saliente"}
{"level":30,"time":1772290637334,"pid":18948,"hostname":"DESKTOP-BV1E0F4","jid":"214228858347670:35@lid","msgId":"3EB0AAD56ABDFC37169989","status":3,"statusText":"READ","kind":null,"fileName":null,"msg":"Estado mensaje saliente"}
{"level":30,"time":1772290638039,"pid":18948,"hostname":"DESKTOP-BV1E0F4","jid":"214228858347670@lid","msgId":"3EB0AAD56ABDFC37169989","status":3,"statusText":"READ","kind":null,"fileName":null,"msg":"Estado mensaje saliente"}
{"level":30,"time":1772290649567,"pid":18948,"hostname":"DESKTOP-BV1E0F4","jid":"214228858347670@lid","msgId":"3EB08BB909F347CFFE5006","status":3,"statusText":"READ","kind":null,"fileName":null,"msg":"Estado mensaje saliente"}
{"level":30,"time":1772290649568,"pid":18948,"hostname":"DESKTOP-BV1E0F4","jid":"214228858347670@lid","msgId":"3EB0295FC26B4138046849","status":3,"statusText":"READ","kind":null,"fileName":null,"msg":"Estado mensaje saliente"}
{"level":30,"time":1772290649570,"pid":18948,"hostname":"DESKTOP-BV1E0F4","jid":"214228858347670@lid","msgId":"3EB0AAD56ABDFC37169989","status":3,"statusText":"READ","kind":null,"fileName":null,"msg":"Estado mensaje saliente"}
{"level":30,"time":1772290653190,"pid":18948,"hostname":"DESKTOP-BV1E0F4","jid":"214228858347670@lid","msgId":"3EB08BB909F347CFFE5006","status":4,"statusText":"PLAYED","kind":null,"fileName":null,"msg":"Estado mensaje saliente"}
{"level":30,"time":1772290653190,"pid":18948,"hostname":"DESKTOP-BV1E0F4","jid":"214228858347670@lid","msgId":"3EB0295FC26B4138046849","status":4,"statusText":"PLAYED","kind":null,"fileName":null,"msg":"Estado mensaje saliente"}
{"level":30,"time":1772290653191,"pid":18948,"hostname":"DESKTOP-BV1E0F4","jid":"214228858347670@lid","msgId":"3EB0AAD56ABDFC37169989","status":4,"statusText":"PLAYED","kind":null,"fileName":null,"msg":"Estado mensaje saliente"}
{"level":30,"time":1772290679428,"pid":18948,"hostname":"DESKTOP-BV1E0F4","jid":"214228858347670:35@lid","msgId":"3EB0BAE813F252F83EA596","status":3,"statusText":"READ","kind":null,"fileName":null,"msg":"Estado mensaje saliente"}
{"level":30,"time":1772290679822,"pid":18948,"hostname":"DESKTOP-BV1E0F4","jid":"214228858347670@lid","msgId":"3EB0BAE813F252F83EA596","status":3,"statusText":"READ","kind":null,"fileName":null,"msg":"Estado mensaje saliente"}
{"level":30,"time":1772290679852,"pid":18948,"hostname":"DESKTOP-BV1E0F4","jid":"214228858347670@lid","msgId":"3EB0BAE813F252F83EA596","status":4,"statusText":"PLAYED","kind":null,"fileName":null,"msg":"Estado mensaje saliente"}
{"level":30,"time":1772290706459,"pid":18948,"hostname":"DESKTOP-BV1E0F4","jid":"214228858347670:35@lid","msgId":"3EB0AEE52B6BAAD61AF8CF","status":3,"statusText":"READ","kind":null,"fileName":null,"msg":"Estado mensaje saliente"}
{"level":30,"time":1772290707771,"pid":18948,"hostname":"DESKTOP-BV1E0F4","jid":"214228858347670@lid","msgId":"3EB0AEE52B6BAAD61AF8CF","status":3,"statusText":"READ","kind":null,"fileName":null,"msg":"Estado mensaje saliente"}
{"level":30,"time":1772291272310,"pid":18948,"hostname":"DESKTOP-BV1E0F4","jid":"214228858347670:35@lid","msgId":"3EB0AEE52B6BAAD61AF8CF","status":4,"statusText":"PLAYED","kind":null,"fileName":null,"msg":"Estado mensaje saliente"}
{"level":30,"time":1772291997702,"pid":18948,"hostname":"DESKTOP-BV1E0F4","jid":"188209845792771@lid","msgId":"3EB02D79206C468D901BB5","status":3,"statusText":"READ","kind":null,"fileName":null,"msg":"Estado mensaje saliente"}
{"level":30,"time":1772292053370,"pid":18948,"hostname":"DESKTOP-BV1E0F4","jid":"188209845792771@lid","msgId":"3EB02D79206C468D901BB5","status":4,"statusText":"PLAYED","kind":null,"fileName":null,"msg":"Estado mensaje saliente"}
{"level":30,"time":1772292255796,"pid":18948,"hostname":"DESKTOP-BV1E0F4","jid":"207266850574412@lid","msgId":"3EB0FC940BA9545B632E03","status":3,"statusText":"READ","kind":null,"fileName":null,"msg":"Estado mensaje saliente"}
{"level":30,"time":1772292255800,"pid":18948,"hostname":"DESKTOP-BV1E0F4","jid":"207266850574412:56@lid","msgId":"3EB0FC940BA9545B632E03","status":3,"statusText":"READ","kind":null,"fileName":null,"msg":"Estado mensaje saliente"}
{"level":30,"time":1772292260658,"pid":18948,"hostname":"DESKTOP-BV1E0F4","jid":"207266850574412:56@lid","msgId":"3EB0FC940BA9545B632E03","status":4,"statusText":"PLAYED","kind":null,"fileName":null,"msg":"Estado mensaje saliente"}
{"level":30,"time":1772292268489,"pid":18948,"hostname":"DESKTOP-BV1E0F4","jid":"188209845792771@lid","msgId":"3EB0A7B397611578F95E2D","status":3,"statusText":"READ","kind":null,"fileName":null,"msg":"Estado mensaje saliente"}
{"level":30,"time":1772292281418,"pid":18948,"hostname":"DESKTOP-BV1E0F4","jid":"188209845792771@lid","msgId":"3EB0341B8CE6686CAAB6D9","status":3,"statusText":"READ","kind":null,"fileName":null,"msg":"Estado mensaje saliente"}
{"level":30,"time":1772292311266,"pid":18948,"hostname":"DESKTOP-BV1E0F4","jid":"188209845792771@lid","msgId":"3EB0341B8CE6686CAAB6D9","status":4,"statusText":"PLAYED","kind":null,"fileName":null,"msg":"Estado mensaje saliente"}
{"level":30,"time":1772292311266,"pid":18948,"hostname":"DESKTOP-BV1E0F4","jid":"188209845792771@lid","msgId":"3EB0A7B397611578F95E2D","status":4,"statusText":"PLAYED","kind":null,"fileName":null,"msg":"Estado mensaje saliente"}
{"level":30,"time":1772292328999,"pid":18948,"hostname":"DESKTOP-BV1E0F4","jid":"188209845792771@lid","msgId":"3EB0EA13DCB97B8331DF53","status":4,"statusText":"PLAYED","kind":null,"fileName":null,"msg":"Estado mensaje saliente"}
{"level":30,"time":1772292490110,"pid":18948,"hostname":"DESKTOP-BV1E0F4","jid":"188209845792771@lid","msgId":"3EB0AC17836E5AE084D733","status":4,"statusText":"PLAYED","kind":null,"fileName":null,"msg":"Estado mensaje saliente"}
{"level":30,"time":1772292494201,"pid":18948,"hostname":"DESKTOP-BV1E0F4","jid":"188209845792771@lid","msgId":"3EB0E325BFA55463C3ABBA","status":4,"statusText":"PLAYED","kind":null,"fileName":null,"msg":"Estado mensaje saliente"}
{"level":30,"time":1772292573870,"pid":18948,"hostname":"DESKTOP-BV1E0F4","jid":"188209845792771@lid","msgId":"3EB07925F84E012D5A3EF5","status":4,"statusText":"PLAYED","kind":null,"fileName":null,"msg":"Estado mensaje saliente"}
{"level":30,"time":1772293895130,"pid":18948,"hostname":"DESKTOP-BV1E0F4","jid":"18219351957600@lid","msgId":"3EB023D09F62D270DDC10D","status":3,"statusText":"READ","kind":null,"fileName":null,"msg":"Estado mensaje saliente"}
{"level":30,"time":1772294000465,"pid":18948,"hostname":"DESKTOP-BV1E0F4","jid":"214228858347670@lid","msgId":"3EB0AEE52B6BAAD61AF8CF","status":3,"statusText":"READ","kind":null,"fileName":null,"msg":"Estado mensaje saliente"}
{"level":30,"time":1772294230122,"pid":18948,"hostname":"DESKTOP-BV1E0F4","jid":"18219351957600@lid","msgId":"3EB023D09F62D270DDC10D","status":4,"statusText":"PLAYED","kind":null,"fileName":null,"msg":"Estado mensaje saliente"}
{"level":30,"time":1772294230139,"pid":18948,"hostname":"DESKTOP-BV1E0F4","jid":"18219351957600@lid","msgId":"3EB09D607F0FAD3C1BCDA9","status":4,"statusText":"PLAYED","kind":null,"fileName":null,"msg":"Estado mensaje saliente"}
{"level":30,"time":1772294230140,"pid":18948,"hostname":"DESKTOP-BV1E0F4","jid":"18219351957600@lid","msgId":"3EB095B54A5899846C1EF5","status":4,"statusText":"PLAYED","kind":null,"fileName":null,"msg":"Estado mensaje saliente"}
{"level":30,"time":1772295300853,"pid":18948,"hostname":"DESKTOP-BV1E0F4","jid":"18219351957600@lid","msgId":"3EB001F68660EB6DCEB34E","status":3,"statusText":"READ","kind":null,"fileName":null,"msg":"Estado mensaje saliente"}
{"level":30,"time":1772295308955,"pid":18948,"hostname":"DESKTOP-BV1E0F4","jid":"18219351957600@lid","msgId":"3EB03F8678DA02B87E03AC","status":3,"statusText":"READ","kind":null,"fileName":null,"msg":"Estado mensaje saliente"}
{"level":30,"time":1772295323025,"pid":18948,"hostname":"DESKTOP-BV1E0F4","jid":"18219351957600@lid","msgId":"3EB0578E30B0A757861AA8","status":3,"statusText":"READ","kind":null,"fileName":null,"msg":"Estado mensaje saliente"}
{"level":30,"time":1772295357170,"pid":18948,"hostname":"DESKTOP-BV1E0F4","jid":"18219351957600@lid","msgId":"3EB0578E30B0A757861AA8","status":3,"statusText":"READ","kind":null,"fileName":null,"msg":"Estado mensaje saliente"}
{"level":30,"time":1772295456715,"pid":18948,"hostname":"DESKTOP-BV1E0F4","jid":"18219351957600@lid","msgId":"3EB0578E30B0A757861AA8","status":4,"statusText":"PLAYED","kind":null,"fileName":null,"msg":"Estado mensaje saliente"}
{"level":30,"time":1772295456716,"pid":18948,"hostname":"DESKTOP-BV1E0F4","jid":"18219351957600@lid","msgId":"3EB03F8678DA02B87E03AC","status":4,"statusText":"PLAYED","kind":null,"fileName":null,"msg":"Estado mensaje saliente"}
{"level":30,"time":1772295456718,"pid":18948,"hostname":"DESKTOP-BV1E0F4","jid":"18219351957600@lid","msgId":"3EB001F68660EB6DCEB34E","status":4,"statusText":"PLAYED","kind":null,"fileName":null,"msg":"Estado mensaje saliente"}
{"level":30,"time":1772295569162,"pid":18948,"hostname":"DESKTOP-BV1E0F4","jid":"18219351957600:15@lid","msgId":"3EB095B54A5899846C1EF5","status":3,"statusText":"READ","kind":null,"fileName":null,"msg":"Estado mensaje saliente"}
{"level":30,"time":1772295569183,"pid":18948,"hostname":"DESKTOP-BV1E0F4","jid":"18219351957600:15@lid","msgId":"3EB09D607F0FAD3C1BCDA9","status":3,"statusText":"READ","kind":null,"fileName":null,"msg":"Estado mensaje saliente"}
{"level":30,"time":1772295578622,"pid":18948,"hostname":"DESKTOP-BV1E0F4","jid":"18219351957600:15@lid","msgId":"3EB023D09F62D270DDC10D","status":3,"statusText":"READ","kind":null,"fileName":null,"msg":"Estado mensaje saliente"}
{"level":30,"time":1772295585727,"pid":18948,"hostname":"DESKTOP-BV1E0F4","jid":"18219351957600:15@lid","msgId":"3EB001F68660EB6DCEB34E","status":3,"statusText":"READ","kind":null,"fileName":null,"msg":"Estado mensaje saliente"}
{"level":30,"time":1772295585731,"pid":18948,"hostname":"DESKTOP-BV1E0F4","jid":"18219351957600:15@lid","msgId":"3EB03F8678DA02B87E03AC","status":3,"statusText":"READ","kind":null,"fileName":null,"msg":"Estado mensaje saliente"}
{"level":30,"time":1772295585731,"pid":18948,"hostname":"DESKTOP-BV1E0F4","jid":"18219351957600:15@lid","msgId":"3EB0578E30B0A757861AA8","status":3,"statusText":"READ","kind":null,"fileName":null,"msg":"Estado mensaje saliente"}
{"level":30,"time":1772296617645,"pid":18948,"hostname":"DESKTOP-BV1E0F4","jid":"133848377622751@lid","msgId":"3EB0AAA18C2A70AAB0B896","status":3,"statusText":"READ","kind":null,"fileName":null,"msg":"Estado mensaje saliente"}
{"level":30,"time":1772300002320,"pid":18948,"hostname":"DESKTOP-BV1E0F4","jid":"51934379840@s.whatsapp.net","msgId":"3EB0775077E6AEBEC1B50D","status":0,"statusText":"PENDING","kind":null,"fileName":null,"msg":"Estado mensaje saliente"}
Closing open session in favor of incoming prekey bundle
Closing session: SessionEntry {
  _chains: {
    'BYvM1LWHn+zlYNmFDTWt/AXAYuAFWEGJQfFpwJQ4kjYv': { chainKey: [Object], chainType: 1, messageKeys: {} }
  },
  registrationId: 678298705,
  currentRatchet: {
    ephemeralKeyPair: {
      pubKey: <Buffer 05 8b cc d4 b5 87 9f ec e5 60 d9 85 0d 35 ad fc 05 c0 62 e0 05 58 41 89 41 f1 69 c0 94 38 92 36 2f>,
      privKey: <Buffer e0 f2 80 d4 ee 49 b2 49 c2 e8 13 13 ad 5b 86 a7 c5 85 08 b6 5b 74 fc c4 97 e9 86 38 14 78 ba 63>
    },
    lastRemoteEphemeralKey: <Buffer 05 29 f4 c0 ee 04 76 6c b8 63 fe fa 6b 49 ba 92 14 4c 20 7f d0 fd 4b 59 37 d4 dd e7 c4 c4 d2 08 25>,
    previousCounter: 0,
    rootKey: <Buffer f9 9e 1d 69 0b 68 b8 28 f8 6f 11 a3 e3 c3 b9 ed 0b 04 65 c4 7d fe f3 37 f2 ac 6f 11 f6 70 bf 47>
  },
  indexInfo: {
    baseKey: <Buffer 05 11 7f 05 e9 60 53 2c 02 58 ec 1b c8 ce 75 f5 59 3b ab e2 1e 8f e1 a5 b1 7f 97 45 41 57 16 3b 64>,
    baseKeyType: 1,
    closed: -1,
    used: 1772289890951,
    created: 1772289890951,
    remoteIdentityKey: <Buffer 05 b1 b3 17 2c b8 18 e1 c6 b4 47 4a 70 39 da 77 57 d4 a4 41 87 fd d7 bb 71 00 02 67 ec df 36 34 3b>
  },
  pendingPreKey: {
    signedKeyId: 14360684,
    baseKey: <Buffer 05 11 7f 05 e9 60 53 2c 02 58 ec 1b c8 ce 75 f5 59 3b ab e2 1e 8f e1 a5 b1 7f 97 45 41 57 16 3b 64>,
    preKeyId: 3926072
  }
}
Closing open session in favor of incoming prekey bundle
Closing session: SessionEntry {
  _chains: {
    BWXvAI9iO6Kb6J02cfG8FTZdZdmg2wBHkmHpCm4uKzZ2: { chainKey: [Object], chainType: 1, messageKeys: {} }
  },
  registrationId: 1704035738,
  currentRatchet: {
    ephemeralKeyPair: {
      pubKey: <Buffer 05 65 ef 00 8f 62 3b a2 9b e8 9d 36 71 f1 bc 15 36 5d 65 d9 a0 db 00 47 92 61 e9 0a 6e 2e 2b 36 76>,
      privKey: <Buffer a0 90 fa b0 4c c9 1d 7b fa ec de 2b a4 2b fb f2 89 fd 98 0d 0c 32 ba 40 75 00 0a bd 32 2d ce 43>
    },
    lastRemoteEphemeralKey: <Buffer 05 7a a6 aa 9d bd f5 ea bb a2 7b c8 8f 97 30 32 12 c6 4b 35 af a8 37 d1 33 ca 6e 5a d0 77 80 06 60>,
    previousCounter: 0,
    rootKey: <Buffer 97 6a 2e 5b cf 23 bc 9e 18 ab 99 97 3f 59 21 b6 12 94 e3 8c 0a 7e 32 c2 4a cb 15 56 21 58 bb 0c>
  },
  indexInfo: {
    baseKey: <Buffer 05 6a 50 cc c1 c4 6e fc 2b 9e a9 71 b2 95 06 56 73 fe a0 54 53 26 0c 4e 29 0d 14 17 09 6e bf 58 3a>,
    baseKeyType: 1,
    closed: -1,
    used: 1772290151530,
    created: 1772290151530,
    remoteIdentityKey: <Buffer 05 58 cf 6f a8 6f c9 19 b7 89 45 8d d8 0a d2 79 2c dc d2 f1 87 9b bd cf e0 97 dc 1d 87 a0 01 16 35>
  },
  pendingPreKey: {
    signedKeyId: 7318437,
    baseKey: <Buffer 05 6a 50 cc c1 c4 6e fc 2b 9e a9 71 b2 95 06 56 73 fe a0 54 53 26 0c 4e 29 0d 14 17 09 6e bf 58 3a>
  }
}
